id,titulo,a_pergunta,caminhos,recomendacao,preco_do_outro_lado,por_que_espera,onde_mora,foto_antes,foto_depois,custo,aberta_em,estado,escolha,decidida_em,nasceu_de,quem_decidiu,revoga,prova,marca
D-TROCA-DE-PERFIL-CEGA,"A troca de perfil por jogo está CEGA na sua máquina agora, e o produto diz que está bem","Isto entra como conserto imediato, antes das ondas, ou como tarefa da Onda 0?",conserto imediato (é defeito vivo na máquina dela) | tarefa da Onda 0 junto com o resto do F8,"conserto imediato — ela usa o produto todo dia, e a feature está morta sem aviso","Deixar para a Onda 0 significa que, até lá, todo jogo que ela abrir NÃO troca de perfil automaticamente, e a aba Sistema continua dizendo que a detecção está saudável.","Não espera decisão técnica: espera só a sua ordem de prioridade. O conserto tem duas metades — parar de tentar X11 no Wayland, e o healthy parar de mentir.","medido em 23/08 às 22h21: 60 x11_connect_failed em 30 min no journal, err=Can't connect to display :1. O daemon tenta X11 numa sessão Wayland/COSMIC e reporta window_detect_healthy=true.",,,a metade do healthy: ~10 linhas. A detecção por Wayland: é a sprint SISTEMA-O-VIGIA-VIVO-01.,2026-08-23,decidida,"DECIDIDA POR DELEGAÇÃO (25/08, madrugada, ela ausente 7 h; palavra dela: ""vc tem via specs e projeto tudo o que é necessário pra tomar todas as decisões""). REVERSÍVEL NUMA FRASE. CONSERTO IMEDIATO, dentro da Onda 11 · Sistema. Motivo medido: 60 x11_connect_failed em 30 min no journal dela, e o produto respondendo window_detect_healthy=true. Feature morta SEM AVISO é pior que feature ausente — a pessoa não tem como saber que a troca de perfil parou. A metade barata (o healthy parar de mentir) sai junto com a outra na SISTEMA-O-VIGIA-VIVO-01, que já é a dona do arquivo.",2026-08-25,"F8 do plano em ondas — e conferido no journal dela, ao vivo",delegacao,,tests/unit/test_d_troca_de_perfil_cega_o_xwayland_morto.py::test_resgate_para_xlib_morto_nao_semeia_saudavel,
D-HCI1-BLOQUEADO,"Um dos seus três adaptadores está desligado por software, com 3 aparelhos pareados","Desbloquear o hci1, ou ele está assim de propósito?","desbloquear (rfkill unblock) | está de propósito, e o produto tem de dizer isso na tela","desbloquear — e, nos dois casos, o produto passa a AVISAR em vez de pintar verde","Enquanto estiver bloqueado, todo controle pareado nele simplesmente não conecta, e a aba Configurações diz 'Folgada' em VERDE sobre ele. Quem for diagnosticar vai procurar o defeito no controle.","Desbloquear é ação na máquina dela, e a bancada é dela. O que é do produto — parar de pintar verde sobre rádio desligado — não espera decisão: é defeito.","medido em 23/08: rfkill diz Soft blocked: yes no hci1 (AC:A7:F1:00:00:41), que tem 3 aparelhos pareados. O dado JÁ chega ao produto: Dongle.ligado atravessa o D-Bus e entra na dataclass em integrations/apelido_do_dongle.py:171 — e morre ali, sem consumidor.",,,"desbloquear: 1 comando. O aviso na tela: ~10 linhas, e ele é a 'metade A' do portão do dado.",2026-08-23,decidida,"RESOLVIDA PELO FATO, medido em 24/08/2026 21h: `rfkill list` não acusa bloqueio em NENHUM dos três adaptadores (hci0, hci1, hci2 — soft e hard = no), e `ls /sys/class/bluetooth/` devolve os TRÊS. A metade ""o produto passa a AVISAR"" foi absorvida pela D-ORDEM-DE-SERVICO. E uma ARMADILHA foi medida junto: o serial que esta decisão chamava de ""hci1"" (AC:A7:F1:00:00:41) hoje é o hci0. O número hciN é a VAGA, não o aparelho — a identidade é o serial/BD Address. O GUIA-RADIO-DA-SALA.md §6.1 já dizia isso por raciocínio; agora está medido nesta máquina. | QUEM DECIDIU: INDETERMINADO (06/09/2026): Ela nunca respondeu a pergunta e o mandato de delegação mais antigo é de 25/08, um dia DEPOIS: a linha fechou pelo fato medido, não por palavra de ninguém.",2026-08-24,"o planejador da simplificação, ao provar que a casa é cega a DADO sem consumidor",indeterminado,,tests/unit/test_a_conta_de_slots_por_adaptador.py::test_a_tela_nunca_chama_o_adaptador_de_hci,
D-COSTURA-BLUEZ,Quem é dono da costura do apelido de BlueZ,"O produto assume a costura do prefixo Nintendo nos adaptadores, ou o script continua dono?",o produto assume (e o bt_active_mode.sh para de costurar) | o script continua dono (e a função é a rota que espera),"o script continua dono, por enquanto",Ligar a função hoje RECRIA a duplicidade que o commit e5376a0 desfez em 22/08 — dois escritores do mesmo alias de BlueZ. O commit registra isso com todas as letras.,"Não é conserto de código: é decisão de dono. Enquanto ela não sair, dar chamador à função é regressão, não cura.","integrations/apelido_do_dongle.py::costurar_a_mesa (declarada em tests/unit/portao_a_casa_sabe_e_o_produto_nao_faz.py, tabela _SEM_CAMINHO_HOJE)",,,a decisão é de minutos; a execução depende do lado escolhido,2026-08-23,decidida,"DECIDIDA POR DELEGAÇÃO (25/08, madrugada, ela ausente 7 h; palavra dela: ""vc tem via specs e projeto tudo o que é necessário pra tomar todas as decisões""). REVERSÍVEL NUMA FRASE. O SCRIPT CONTINUA DONO. Ligar costurar_a_mesa hoje recria a duplicidade que o commit e5376a0 desfez em 22/08 — dois escritores do mesmo alias de BlueZ. Preferir dono único ao produto assumir é a mesma regra que fez o mapa de canais ter uma fonte só. Quando o produto assumir, o bt_active_mode.sh para de costurar NO MESMO commit, nunca antes.",2026-08-25,o portão a-casa-sabe reprovou a branch e apontou a função sem chamador,delegacao,,tests/unit/test_entrada_a_entrada_02_as_telas_aprovadas.py::test_o_motor_nao_escreve_no_bluez,
D-ALTURA-CONFIG,A altura da aba Configurações,As duas maiores seções nascem colapsadas em Gtk.Expander?,colapsar as duas maiores (a aba cai de 2116px para 734px) | deixar como está | outra divisão,colapsar as duas maiores,"Deixar como está: 43% da aba visível, e TRÊS das cinco seções nascem abaixo da dobra. A segunda aba mais alta do produto tem 936px — esta tem 2,5 vezes isso.","Muda o que se vê ao ABRIR a aba, e isso é PROVA-DE-TELA-01: foto antes e depois, e a palavra final é dela.",app/actions/config/secoes.py (a ordem) e moldura.py (a moldura),docs/usage/assets/readme_configuracoes_inteira.png,,"~30 linhas, meio dia",2026-08-23,decidida,"DECIDIDA POR DELEGAÇÃO (25/08, madrugada, ela ausente 7 h; palavra dela: ""vc tem via specs e projeto tudo o que é necessário pra tomar todas as decisões""). REVERSÍVEL NUMA FRASE. COLAPSAR AS DUAS MAIORES em Gtk.Expander. Medido: 2116 px de conteúdo para 909 px de página, TRÊS das cinco seções nascendo abaixo da dobra, e a segunda aba mais alta do produto tem 936 px — esta tem 2,5 vezes isso. A tarefa entra com foto antes e depois; a PALAVRA FINAL sobre o que nasce colapsado continua sendo dela (PROVA-DE-TELA-01).",2026-08-25,auditoria visual: 2116px de conteúdo para 909px de página,delegacao,,,
D-ORDEM-SECOES,A ordem das cinco seções da aba Configurações,O exame continua no topo apontando para uma seção que está duas abaixo?,mover A mesa para logo depois do exame | deixar como está | outra ordem,mover A mesa para logo depois do exame,"Hoje o exame termina dizendo 'veja a seção A mesa' — e ela está DUAS seções abaixo, atrás da grade de cards inteira. Quem abre a aba por causa de um problema tem o caminho partido ao meio por conteúdo que não tem a ver com a queixa.",É a ordem da tupla — uma linha de código. Mas muda o que se vê ao abrir.,app/actions/config/secoes.py,docs/usage/assets/readme_configuracoes.png,,"1 linha, 10 minutos + refotografar",2026-08-23,decidida,"DECIDIDA POR DELEGAÇÃO (25/08, madrugada, ela ausente 7 h; palavra dela: ""vc tem via specs e projeto tudo o que é necessário pra tomar todas as decisões""). REVERSÍVEL NUMA FRASE. MOVER ""A mesa"" PARA LOGO DEPOIS DO EXAME. É uma linha na tupla de secoes.py. Hoje o exame termina dizendo ""veja a seção A mesa"" e ela está DUAS seções abaixo: quem abre a aba por causa de um problema tem o caminho partido ao meio. Entra com foto; a palavra final é dela.",2026-08-25,auditoria de QoL para leigo,delegacao,,,
D-JOGADOR-NAO-SEI,"O ""não sei"" do número de Jogador","A dica promete ""Sem nenhum marcado, vale a ordem de chegada"" — um estado que ela não consegue alcançar. Cria-se o verbo, ou corrige-se a dica?","verbo IPC novo de desafixar, com conceito de pino no registro | reescrever a dica para parar de prometer o inalcançável",reescrever a dica agora; o verbo como pergunta sua,"O verbo é meio dia e mexe no registro de identidade do daemon. A dica é 1 linha e 10 minutos, mas o produto continua sem como desafixar.",Medido: o identity.number.set recusa número < 1 e o daemon PERMUTA em vez de fixar — não existe 'desafixado' para onde voltar.,app/widgets/external_card.py (a dica) e daemon/ipc_handlers.py (o verbo),,,"dica: 1 linha, 10 min | verbo: meio dia",2026-08-23,decidida,"DECIDIDA POR DELEGAÇÃO (25/08, madrugada, ela ausente 7 h; palavra dela: ""vc tem via specs e projeto tudo o que é necessário pra tomar todas as decisões""). REVERSÍVEL NUMA FRASE. REESCREVER A DICA AGORA; o verbo de desafixar vira sprint própria. A dica promete um estado inalcançável (""sem nenhum marcado, vale a ordem de chegada"") e o IPC recusa número < 1 — o produto está mentindo por uma linha de texto. Consertar o texto custa 10 minutos e para a mentira hoje; criar o verbo é meio dia e mexe no registro de identidade do daemon, que é o coração do alvo.",2026-08-25,A4: o cético estreitou o achado e separou este caso dos outros,delegacao,,,
D-TEXTO-FECHAMENTO,A redação do diálogo de fechamento e da marca de pendência,"Os textos provisórios que os agentes deixaram ficam, ou são reescritos?",aprovar os provisórios | reescrever | reescrever alguns,ler e reescrever o que soar de máquina — a voz do produto é dela,"Provisório que fica sem revisão vira definitivo por inércia, e a tradução para o inglês o carrega junto.",Classe estrutural: texto NOVO de tela. Ela pré-aprovou só a classe cosmética.,"app/app.py (diálogo), app/actions/footer_actions.py (marca e frase de sucesso), app/actions/config/secao_mesa.py (selo do medidor)",,,minutos de leitura,2026-08-23,decidida,"DECIDIDA POR DELEGAÇÃO (25/08, madrugada, ela ausente 7 h; palavra dela: ""vc tem via specs e projeto tudo o que é necessário pra tomar todas as decisões""). REVERSÍVEL NUMA FRASE. REESCREVER O QUE SOAR DE MÁQUINA, e marcar cada frase para o olho dela. Provisório que fica sem revisão vira definitivo por inércia — e a tradução para o inglês o carrega junto. A voz do produto é dela: eu escrevo a versão honesta, ela aprova ou reescreve.",2026-08-25,"os cinco executores marcaram a redação como provisória, conforme instruídos",delegacao,,,
D-LEITURA-MAQUINA-JSON,A assimetria entre escrever e ler o maquina.json,"A LEITURA passa a resgatar campo a campo, como a escrita já faz?","sim, simetria | não, a leitura continua estrita","sim — mas é invariante documentada, e mudá-la é decisão sua","Hoje a escrita resgata o que vale e a leitura devolve documento vazio com qualquer campo inválido: o daemon sobe sem teto e sem a ponte de microfone, em silêncio.",Muda invariante escrita no docstring do módulo.,utils/maquina.py,,,~10 linhas + teste que morde,2026-08-23,decidida,"DECIDIDA POR DELEGAÇÃO (25/08, madrugada, ela ausente 7 h; palavra dela: ""vc tem via specs e projeto tudo o que é necessário pra tomar todas as decisões""). REVERSÍVEL NUMA FRASE. SIM, SIMETRIA: a leitura passa a resgatar campo a campo, como a escrita já faz. O custo de NÃO fazer está medido e é grave: um único campo inválido devolve documento VAZIO, e o daemon sobe sem teto de orçamento e sem a ponte de microfone, EM SILÊNCIO. A invariante do docstring nasceu de um produto que não tinha resgate na escrita; agora tem, e a assimetria virou armadilha. O módulo já guarda os bytes recusados em .invalido, então nada se perde.",2026-08-25,A2: o executor consertou a escrita e declarou a assimetria em vez de decidir sozinho,delegacao,,,
D-COR-OUTRA-VAZIA,"O botão ""Outra"" com o campo livre vazio","Escolher ""Outra"" e não digitar nada deixa o botão afundado declarando None. Isso fica?","fica (é 'sei que é outra, não sei qual') | volta para não sei | exige o texto","fica, com a dica dizendo o que significa","Se ficar sem explicação, a tela mostra um botão afundado que não declara nada — e a pessoa não tem como saber.","É comportamento de tela; o A4 não decidiu por conta própria, e fez certo.",app/widgets/external_card.py,,,1 a 5 linhas,2026-08-23,decidida,"DECIDIDA POR DELEGAÇÃO (25/08, madrugada, ela ausente 7 h; palavra dela: ""vc tem via specs e projeto tudo o que é necessário pra tomar todas as decisões""). REVERSÍVEL NUMA FRASE. FICA, com a dica dizendo o que significa. ""Sei que é outra, não sei qual"" é uma resposta legítima e distinta de ""não sei"" — é a mesma gramática que o resto do produto usa para separar ausência de medição de ausência de declaração (ver D-O-QUE-O-PRODUTO-DIZ-SEM-SABER). Sem a dica, porém, a tela mostra um botão afundado que não declara nada, e isso é o defeito.",2026-08-25,A4,delegacao,,,
D-ORDEM-DAS-ONDAS,"A ordem da leva: transversal primeiro, abas depois","As onze abas entram em ordem, ou as invariantes que valem para todas vêm antes?","Onda 0 (invariantes) primeiro, e as onze abas depois | aba por aba, na ordem da tira",transversal primeiro — as invariantes MUDAM o que cada aba tem de fazer,"Arrumar layout de aba antes de saber se a feature dela vale POR CONTROLE é retrabalho garantido, e onze vezes.",Não espera: DECIDIDA em 23/08/2026.,docs/process/SPRINT_ORDER.md — o desenho inteiro das ondas nasce desta escolha,,,zero em código: é a ordem de despacho.,2026-08-23,decidida,"Onda 0 = as invariantes (perfil guarda tudo; 4 controles; co-op sempre; comunhão com o specs; vício de bancada). Ondas 1..11 = uma por aba, JÁ sob essas regras. Onda 12 = as sprints abertas, redistribuídas.",2026-08-23,"D1 das três decisões de processo dela, na seção 5 do 2026-08-23-ONDE-PARAMOS; materializada no painel pela O-QUE-FICOU-FORA-01",ela,,,
D-BLUETOOTH-E-TRILHA-DELA,"O mapeamento de Bluetooth é trilha dela, não do plano",O plano em ondas planeja também o mapeamento de Bluetooth?,"o plano planeja o BT junto com o resto | o BT é trilha dela com o assistente, na mesa do specs","trilha dela — a medição é da bancada, e a ordem de medir é dela","Planejar o BT aqui dentro produziria sprint sobre medição que ainda não existe, e travaria as ondas na espera.",Não espera: DECIDIDA em 23/08/2026.,"docs/process/SPRINT_ORDER.md, seção 0.7",,,zero: o que o plano carrega é QUAL pergunta de BT trava QUAL aba.,2026-08-23,decidida,"O plano NÃO planeja o mapeamento de BT. Mas cada sprint declara qual pergunta de BT a bloqueia, para o agente executor saber o que ele não pode afirmar na tela até a medição existir.",2026-08-23,"D2 das três decisões de processo dela, na seção 5 do 2026-08-23-ONDE-PARAMOS; materializada no painel pela O-QUE-FICOU-FORA-01",ela,,,
D-CLASSE-COSMETICA,"Prova de tela: o que passa sem o olho dela, e o que espera por ele","Toda mudança de tela espera o olho dela, ou há uma classe pré-aprovada?","tudo espera o olho dela (PROVA-DE-TELA-01 ao pé da letra) | classe cosmética pré-aprovada, e o resto espera",classe cosmética pré-aprovada — senão onze ondas param na mesma pessoa,"Sem a classe pré-aprovada, alinhamento e espaçamento viram fila na mesa dela; com ela larga demais, texto novo chega à tela sem revisão.",Não espera: DECIDIDA em 23/08/2026.,"docs/process/2026-08-23-ONDE-PARAMOS-os-defeitos-de-forma-e-a-regencia.md, seção 5",,,zero: é critério de aceite das onze ondas.,2026-08-23,decidida,"SEM o olho dela antes: alinhamento, espaçamento, altura e largura de botão, quebra de linha, tornar dica visível, cor de estado já decidida. COM o olho dela ANTES: texto novo ou reescrito, ordem das seções, o que nasce visível, e qualquer coisa que mude o que se vê ao abrir.",2026-08-23,"D3 das três decisões de processo dela, na seção 5 do 2026-08-23-ONDE-PARAMOS; materializada no painel pela O-QUE-FICOU-FORA-01",ela,,,
D-ESCADA-DE-RELEASES,"A versão sobe em degraus, e o esquema é de quatro níveis","O release até 1.0 é um salto só, ou uma escada de degraus? E o número é 0.95 ou 0.9.5?","um degrau só (critério de 15/08: mapa + canais + zero sprint aberta) | uma escada de degraus, cada um com critério próprio",escada — o degrau único junta três eixos independentes e por isso nunca chega,"O critério de 15/08 exige mapa completo E canais construídos E zero sprint aberta ao mesmo tempo; qualquer um dos três atrasa os outros dois, e nada sai enquanto isso.",Não espera: DECIDIDA em 24/08/2026.,docs/process/2026-08-24-A-ESCADA-DE-RELEASES.md,,,zero em código: é como a versão é numerada e o que cada degrau promete.,2026-08-24,decidida,"ESCADA de degraus, e o esquema é de QUATRO níveis: 0.9.5, 0.9.6, ... Ela escreveu '.95' e '96' no pedido; perguntada em seguida se era 0.95 ou 0.9.5, respondeu com a mensagem de uma linha '0.9.5' (sessão de 24/08/2026), o que mantém a coerência com a 0.9.4.5 de hoje. FONTE: a mensagem dela, no transcrito da sessão. O critério de 15/08 não se apaga: ganha nota datada dizendo que a escada o substitui.",2026-08-24,"pedido dela em 24/08: 'me ajuda a fazer a escadinha de releases pra mim .95 quando terminarmos a bancada do specs em bt, 96 terminarmos todas as sprints e tal...e depois?'",ela,,,processo
D-MAPA-2D-DAS-PORTAS,O mapa físico das portas é desenhado e arrastado por ela,O kernel só publica physical_location em 1 das 11 portas. Como o produto aprende qual caminho de barramento é qual porta física?,"assistente ""plugue e eu aprendo"" | ela declara as faces e arrasta os aparelhos | sem mapa físico, só o caminho de barramento","assistente ""plugue e eu aprendo"" — 15 s por porta, zero digitação","o arrastar custa mais widget e erra se ela arrastar errado; sem mapa, a queixa ""qual porta?"" continua sem resposta",,docs/process/sprints/2026-08-24-CONEXOES-MAPA-2D-01-*.md,docs/usage/assets/readme_configuracoes_inteira.png,,"esquema novo no maquina.json + desenho GTK3; declarado uma vez, permanente por máquina",2026-08-24,decidida,"ELA DESENHA E ARRASTA — recusou o assistente. Declara as faces do gabinete e quantas portas cada uma tem; o produto lista os aparelhos detectados e ela arrasta cada um para o quadradinho. A âncora é o caminho de barramento, determinístico pelo soquete. O EXTENSOR é invisível por física (cabo passivo não tem identidade USB) e vira PORTA-FILHA declarada (15 -> 15a), para o desenho mostrar onde o dongle está de verdade no espaço.",2026-08-24,"a foto numerada do gabinete dela (24/08) contra a medição de physical_location: só 1-3 responde, o controlador 0000:0c:00.3 não publica ACPI _PLD",ela,,,
D-ORDEM-DE-SERVICO,"A aba Conexões manda, não avisa — e toda ordem diz de onde sabe","A aba viu que o Wi-Fi USB 3.0 está no mesmo chip de hub que um dongle BT. Ela manda mudar, ou só mostra o risco?",manda com ordem de serviço | só informa o risco | manda só quando pedirem,manda com ordem de serviço — é o que faz a página ser checkpoint em vez de painel,"só informar é o que a aba faz hoje (""Vizinhança das portas"") e não ensinou nada",,docs/process/sprints/2026-08-24-ORDEM-DE-SERVICO-01-*.md,docs/usage/assets/readme_configuracoes.png,,"catálogo de regras + o selo de procedência modelado em dado, não em string de tela",2026-08-24,decidida,"MANDA, COM ORDEM DE SERVIÇO, e cada ordem carrega o SELO DE PROCEDÊNCIA em três linhas: o que eu vi aqui [medido] / por que importa [especificação de terceiro] / ganho esperado [derivado]. É a coluna de_onde_sei do mapa de canais, na tela. Sem o selo, raciocínio se veste de medição.",2026-08-24,"ela: ""vizinhança das portas, qual porta?"" — o produto calcula a vizinhança e acerta (mesa_de_radio.py:236), e publica cinco palavras sem aparelho, sem porta e sem conserto",ela,,tests/unit/test_a08_a_ordem_de_servico_e_a_sala_sao_da_maquina.py::test_o_card_traz_as_duas_frases_da_ordem_no_interrogacao,
D-MICROFONE-NO-DESEMPENHO,A caixinha do microfone sai dos controles e vira a entrada da conta de slots,"A caixinha ""Microfone"" em Os controles não faz sentido (o botão físico manda). Mas ela é a entrada da conta de slots. Vira o quê?",declaração global no Desempenho | declaração POR CONTROLE no Desempenho | continua liga/desliga,declaração no Desempenho — é o número que decide se a mesa cheia funciona,sair de vez faz a conta assumir sempre o pior caso e perder precisão,,docs/process/sprints/2026-08-24-DESEMPENHO-A-CONTA-DE-SLOTS-01-*.md,docs/usage/assets/readme_configuracoes.png,,remover o bloco de secao_controles.py e nascer em secao_orcamento.py com a conta por adaptador,2026-08-24,decidida,"SAI de ""Os controles"" e vira declaração POR CONTROLE dentro do Desempenho, alimentando a conta de slots. Formato: ""Quem usa microfone: [x] Jogador 1 [x] Jogador 2 [ ] 3 [ ] 4"", e abaixo a barra por adaptador (P1+P2 com mic = 554/1600). Origem do número: bt_mic.py, A/B de 25/07/2026 — 260,4 sem mic, 276,7 com.",2026-08-24,"ela: ""botão do microfone não faz sentido (já que o físico faz isso aí)"" + ""deixar isso atrelado ao desempenho default do controle no modo bt""",ela,,,
D-CONEXOES-ENTRA-NA-095,A aba Conexões entra na 0.9.5 e redefine o degrau,"A aba redesenhada não cabe na 0.9.5 como ela está escrita (só ""o CSV para de afirmar o que não mediu""). Onde ela entra na escada?",entra na 0.9.5 e a redefine | vai para a 0.9.8 | vira degrau próprio 0.9.6,entra na 0.9.5 e a redefine — são a mesma promessa,"atrasa a 0.9.5, que hoje fecharia só com faxina de CSV",,docs/process/2026-08-24-A-ESCADA-DE-RELEASES.md,,,"atrasa a 0.9.5 pelo tamanho das quatro frentes; em troca, a 0.9.5 passa a entregar algo que quem instala percebe",2026-08-24,decidida,"ENTRA NA 0.9.5 E A REDEFINE. A 0.9.5 passa a ser ""o rádio para de mentir"" nos DOIS sentidos: o CSV para de afirmar o que não mediu, E a aba para de esconder o que sabe. O motivo: o specs mede o CANAL, não o AMBIENTE de rádio — ele prova que 21 features funcionam no rádio NA BANCADA DELA. A aba Conexões é o que torna o specs transferível para outra máquina. | QUEM DECIDIU: INDETERMINADO (06/09/2026): A linha nasceu de uma leitura do specs contra queixas dela e não traz palavra dela nem citação de mandato; decidida em 24/08, antes do primeiro mandato de delegação (25/08).",2026-08-24,a leitura do specs.html contra as queixas dela sobre a aba: as duas são a mesma promessa,indeterminado,,,
D-MVP-SO-DUALSENSE,O MVP é o DualSense; Pro e 8BitDo voltam na 1.0,"Das 61 pendências do mapa, 36 são Pro Controller e 8BitDo. Elas entram na 0.9.5?",0.9.5 mede só o DualSense | entram só no que dá para medir | os três na 0.9.5,só o DualSense — é a alavanca mais barata da escada (61 -> 25 sem um minuto de bancada),"Pro e 8BitDo continuam funcionando, mas sem a garantia de ""o rádio parou de mentir"" nesta versão",,docs/process/2026-08-24-A-ESCADA-DE-RELEASES.md e SPRINT_ORDER.md §0.9,,,"zero — é corte de escopo, e derruba 36 das 61 pendências do mapa",2026-08-24,decidida,"SÓ O DUALSENSE na 0.9.5. Palavra dela: ""Eu tenho eles mas temos que pensar no mvp. o negócio nasceu pra fazer o dualsense funcionar. Vamos completar tudo pro dualsense, depois voltamos neles lá na versão 1.0 e tal."" FATO CORRIGIDO: o SPRINT_ORDER.md §0.9 afirmava que ela NÃO tem o 8BitDo na mesa — ela TEM os dois. O corte é de escopo de MVP, não de inventário, e a contradição que a escada apontava entre §0.9 e §0.6 morre aqui.",2026-08-24,"a D-J e a §5 da A-ESCADA-DE-RELEASES, que apontava a contradição entre §0.9 e §0.6 do SPRINT_ORDER",ela,,,
D-GESTO-DO-MAPA,"O aparelho entra no quadrado por clique-em-clique, não por arrasto","Arrastar de verdade, ou clicar no aparelho e clicar no quadrado?",clique-em-clique | arrastar-e-soltar | clique agora e arrasto depois,"clique-em-clique — é fotografável, e a prova de tela é a regra desta casa que mais economizou","é menos gostoso que arrastar, e arrastar foi o que ela pediu na D-MAPA-2D",,"docs/process/sprints/2026-08-24-CONEXOES-MAPA-2D-01-o-gabinete-que-o-produto-nao-enxerga.md, tarefa MAPA-4",novo-layout/mapa-das-portas.html,,menos código que o arrasto de GTK3,2026-08-24,decidida,"CLIQUE-EM-CLIQUE. Ela SUBSTITUI a própria palavra ""arrastado"" da D-MAPA-2D ao ver o preço: gesto de arrastar NÃO é fotografável pelo retrato offscreen, então nenhum teste consegue provar que ele funciona; e quem não usa mouse fica sem caminho. O clique dá teclado de graça e dois sinais visuais em vez de um. | REVOGA a metade da D-MAPA-2D-DAS-PORTAS que dizia arrastar; a outra metade daquela decisão continua de pé.",2026-08-24,a Frente A mediu três coisas contra o arrasto e perguntou em vez de decidir sozinha,ela,D-MAPA-2D-DAS-PORTAS,,
D-A-PALAVRA-ENTRADA,"A aba diz ""entrada"", não ""porta""",Qual palavra a aba usa para o buraco de USB do gabinete?,"""Entrada 4 do hub"" | ""Porta 4 do hub"" | ""Hub, entrada 4""","""Entrada"" — sai da frase dela e não colide com porta de rede","""porta"" é o termo técnico corrente e o que a documentação de fora usa",,docs/process/sprints/2026-08-24-CONFIGURACOES-O-LEXICO-01-a-aba-que-fala-barramento-com-quem-ve-gabinete.md,,,cinco frases de secao_mesa.py mais cada quadrado do mapa,2026-08-24,decidida,"""ENTRADA"". Sai da frase dela mesma: ""o número da entrada usb salvaria muito como coluna"". Vantagem medida: não colide com ""porta"" no sentido de rede/software, que aparece noutros pontos do produto. Vale para a tela inteira da aba e para o mapa 2D; identificador de código continua podendo ser `porta`.",2026-08-24,"ela escreveu ""entrada"" e o assistente vinha escrevendo ""porta"" — duas palavras para a mesma coisa é o F11",ela,,tests/unit/test_entrada_a_entrada_grava.py::test_o_rotulo_do_rodape_diz_entrada_e_nunca_porta,
D-MIC-SO-QUEM-ESTA-NA-MESA,"As caixinhas de microfone são uma por controle PRESENTE, mais a linha do ""cabe mais um""","Quatro caixinhas fixas (P1 a P4), ou uma por controle que está na mesa?","uma por controle presente + ""cabe mais um"" | quatro fixas | quatro fixas com duas contas","uma por presente mais a linha do ""cabe mais um"" — responde o planejamento sem inventar controle","o desenho que ela aprovou mostrava quatro fixas, e ele muda de forma",,docs/process/sprints/arquivados/2026-08-24-DESEMPENHO-A-CONTA-DE-SLOTS-01-o-numero-que-o-specs-mediu-e-a-tela-nao-gasta.md,,,uma linha derivada a mais na seção Desempenho,2026-08-24,decidida,"UMA POR CONTROLE PRESENTE, mais a linha ""Cabe mais um controle com microfone: sim — ficaria em N de 1600"". O obstáculo medido pela Frente C: o perfil guarda por MAC, e caixinha de controle que nunca esteve na mesa não tem MAC onde ser gravada — marcar e o produto esquecer é exatamente o F1. A linha derivada responde o planejamento sem inventar chave. | QUEM DECIDIU: INDETERMINADO (06/09/2026): A escolha CONTRARIA o desenho que ela aprovara (quatro caixinhas fixas) por um obstáculo que a Frente C mediu, e nenhuma fonte diz quem decidiu contrariar; decidida em 24/08, antes do mandato de 25/08.",2026-08-24,o desenho aprovado por ela mostrava quatro fixas; a Frente C mediu que duas delas não têm onde gravar,indeterminado,,,
D-PRIMEIRA-ABERTURA,O que a aba diz para quem nunca desenhou a mesa,O que a aba mostra no estado em que 100% das pessoas menos ela vão abri-la?,com o exemplo do caminho e o botão no topo | só a frase | aviso só dentro de Conexões,com o exemplo e o botão no topo — quem não vê o ganho não gasta os cinco minutos,mais uma caixa no topo de uma aba que já pede 2505 px,,docs/process/sprints/arquivados/2026-08-24-ORDEM-DE-SERVICO-01-o-exame-que-viu-e-nao-mandou.md,,,uma caixa no exame mais o botão que abre a janela do mapa,2026-08-24,decidida,"""Você ainda não desenhou a sua mesa. Enquanto isso eu digo o caminho do sistema (3-1.1.4) em vez do número da sua entrada."", com [Desenhar a minha mesa] DENTRO do aviso do topo — não só lá embaixo em Conexões. O defeito de fluxo que o cético achou: as seções nascem exame, controles, conexões, desempenho, janela; quem não rolar a página nunca sabe que o mapa existe, e o produto fica falando 3-1.1.4 para sempre. | QUEM DECIDIU: INDETERMINADO (06/09/2026): Levantada pelo cético e redigida na mesma volta; sem palavra dela e sem citação de mandato, e decidida em 24/08, antes do de 25/08.",2026-08-24,"o cético: é o estado de 100% dos usuários menos ela, e nenhuma das quatro frentes o desenhou inteiro",indeterminado,,,
D-PERFIL-DE-DESEMPENHO,"Os cinco degraus do Orçamento viram UM perfil de desempenho, e o microfone fica fora dele",Ligar tudo por default e tirar o botão? E atrelar isso a um perfil de desempenho?,cinco degraus como hoje | um perfil de desempenho que decide | perfil que inclui o microfone,"um perfil, com o microfone FORA dele","pôr o microfone dentro do perfil daria uma decisão só, ao custo de ligar um captador de som por efeito colateral",,src/hefesto_dualsense4unix/app/actions/config/secao_orcamento.py e novo-layout/mapa-das-portas.html,docs/usage/assets/readme_configuracoes.png,,troca cinco botões por três; a migração dos valores em disco é 1-para-1 e não perde nada,2026-08-24,decidida,"UM PERFIL DE DESEMPENHO no lugar dos cinco degraus, e o MICROFONE FORA dele, em linha própria. Medido em core/rumble.py: `_ORCAMENTO_COM_TETO` só casa com ""economia"" — `balanceado`, `max`, `auto` e o não-declarado devolvem None, e o teto alcança a vibracao e nada mais, coisa que a própria tela já confessa. São cinco botoes, quatro sem efeito, governando uma feature. O perfil (Tudo ligado / Bateria longa / Eu escolho) decide o que custa BATERIA. O microfone fica fora porque e o único que CAPTA A SALA: o mapa de canais registra que ele nasce desligado por privacidade E banda, e perfil que o liga sozinho transforma escolha de desempenho em escolha de privacidade feita pelas costas. Migração sem perda: economia->Bateria longa; balanceado/max/auto/vazio->Tudo ligado; custom->Eu escolho.",2026-08-24,"ela: ""que tal atrelarmos isso removendo essa parte e deixando o equivalente a essa parte como o perfil de desempenho?""",ela,,tests/unit/test_o_lexico_da_aba_configuracoes.py::test_as_duas_secoes_renomeadas_dizem_a_palavra_dela,
D-INTERRUPTOR-DE-FEATURE,"O interruptor de gatilho, vibração e barra de luz fica até alguém medir o preço em bateria","Tirar o liga/desliga dessas três, já que elas não custam pacote nenhum?",tirar agora | manter até medir o preço em bateria | manter para sempre,"manter até medir — e medir, porque a medição é barata e passiva","tirar agora limpa três telas, mas com base num custo que ninguém desta casa mediu","espera a trilha de BT fechar (§0.7), por decisão dela",docs/process/sprints/arquivados/2026-08-24-O-PRECO-EM-BATERIA-01-o-botao-que-ninguem-sabe-se-serve.md,,,"dela: ~2 h de JOGO por perfil, três perfis, sem cronômetro — o battery_journal grava sozinho",2026-08-24,decidida,"DECIDIDA POR DELEGAÇÃO (25/08, madrugada, ela ausente 7 h; palavra dela: ""vc tem via specs e projeto tudo o que é necessário pra tomar todas as decisões""). REVERSÍVEL NUMA FRASE. MANTER OS TRÊS INTERRUPTORES ATÉ A MEDIÇÃO (BAT-3, que é bancada DELA). Tirar botão é irreversível para quem depende dele; manter custa três linhas de tela. E a medição é barata e passiva — não justifica decidir no escuro. INTERINO: nenhum texto novo promete economia que ninguém mediu.",2026-08-25,"a auditoria do custo de cada feature: rádio medido, bateria nunca",delegacao,,,
D-LARGURA-APROVADA,As cinco entregas de largura aprovadas numa olhada com a janela maximizada,"As nove entregas de interface no código desde 31/07 ficam, ou alguma volta?",aprovar as cinco de largura numa olhada | aprovar tudo numa sessão de 15 min com jogo aberto | reprovar com foto | triar a fila inteira pela foto,,,,"DECISOES.md, pergunta 2 (a caixa marcada) · sprints LARGURA-01 e JANELA-FIEL-01",docs/usage/assets/readme_perfis.png,,cinco minutos passando pelas abas com Ctrl+PageDown,2026-08-01,decidida,APROVAR AS CINCO DE LARGURA numa olhada com a janela maximizada. A metade de geometria fecha e a E5-E8 pode começar. COLHIDA DO DECISOES.md em 25/08/2026: ela marcou a caixa no commit 4272438 (22/08) e a resposta nunca chegou a este arquivo — a casa seguiu contando está decisão como aberta por três dias.,2026-08-22,"DECISOES.md, pergunta 2; caixa marcada por ela em 22/08 e colhida em 25/08",ela,,,
D-E9-LACO-DE-ESCRITA,O E-9 autorizado até P2 sem ela na mesa; o P3 só com ela presente,"Você autoriza o E-9 — escrever até mil reports por segundo num controle nomeado, com os quatro na mesa?",autorizar P0/P1/P2 sem ela; P3 só com ela | autorizar tudo | não autorizar,,,,"DECISOES.md, pergunta 3 · sprint O-LACO-DE-ESCRITA-01, decisão D-38",,,2 min para decidir; ~45 min de mesa depois,2026-08-15,decidida,"AUTORIZO P0/P1/P2 AGORA, sem ela na mesa; o P3 só com ela presente. Razão dela: P1 e P2 são os dois valores que o produto JÁ usa (0,008 s e 0,032 s), então não há risco novo neles. COLHIDA DO DECISOES.md em 25/08/2026.",2026-08-22,"DECISOES.md, pergunta 3; caixa marcada por ela em 22/08 e colhida em 25/08",ela,,,
D-VIGIA-DO-STEAM-INPUT,Separar o conserto da decisão: o vigia avisa só quando há problema,O Hefesto continua instalando um vigia permanente que reaplica o desligamento do Steam Input a cada 30 min?,separar o conserto da decisão e avisar só quando houver problema | manter o vigia como está | tirar o vigia,,,,"DECISOES.md, pergunta 4",,,uma linha da unidade systemd; o aviso entra no cartão que já existe,2026-08-15,decidida,"SEPARAR O CONSERTO DA DECISÃO. O timer nascer `elapsed` depois de todo install.sh é DEFEITO, não política: conserta-se sem perguntar. Na tela, o guarda morto entra como achado do cartão ""Saúde do sistema"", que já existe e já emite avisos — em vez de uma linha permanente dizendo ""tudo bem"" 99% do tempo. COLHIDA DO DECISOES.md em 25/08/2026.",2026-08-22,"DECISOES.md, pergunta 4; caixa marcada por ela em 22/08 e colhida em 25/08",ela,,,
D-STEAM-SAI-DA-NAVEGACAO,"""steam"" e ""Steam"" saem do perfil Navegação","Um perfil de desktop pode casar com a janela do cliente Steam — o ""steam"" sai da lista do perfil Navegação?","tirar ""steam"" e ""Steam"" do perfil Navegação | manter e conviver com a troca no meio da partida",,ela perde o perfil de desktop enquanto navega na loja,,"DECISOES.md, pergunta 5 · o arquivo vivo ~/.config/hefesto-dualsense4unix/profiles/navegação.json",,,"uma linha, sem código",2026-08-15,decidida,"TIRAR ""steam"" e ""Steam"" do perfil Navegação. EXECUTADA em 25/08/2026, três dias depois de decidida, em DOIS lugares: `assets/profiles_default/navegacao.json` (a FÁBRICA — é o que alcança quem ainda não instalou) e o arquivo vivo dela. CORREÇÃO DE FATO (26/08/2026): esta linha dizia ""com backup em `navegacao.json.antes-de-tirar-steam-20260825`"", e esse arquivo NÃO EXISTE — nem no diretório de perfis dela, nem em lugar nenhum sob o HOME. O que existe é o histórico automático do produto, em `.historico/navegacao/`, com cinco versões datadas; e o `navegacao.json` vivo saiu do diretório dela em 26/08, para esse mesmo histórico. A mordida que impede o retorno é `tests/unit/test_a_fabrica_nao_casa_com_a_loja.py`, que roda a régua DO PRODUTO (`perfis_que_casam_com_o_cliente_steam`) sobre o diretório de fábrica — provada arrancando a cura e vendo reprovar. O aviso `perfil_casa_com_a_loja` do loader CONTINUA no produto de propósito: a fábrica curada só protege quem nasce hoje, e perfil escrito à mão ou herdado de instalação antiga continua alcançando o defeito.",2026-08-22,"DECISOES.md, pergunta 5; caixa marcada por ela em 22/08 e colhida em 25/08",ela,,tests/unit/test_a_fabrica_nao_casa_com_a_loja.py::test_nenhum_preset_de_fabrica_casa_com_a_loja,
D-SEMEAR-SO-OS-QUE-FALTAM,"Semear só os perfis de jogo que faltam, com desfazer do lote","Criar perfil por jogo: ela marca quais na lista, ou o produto semeia os treze de uma vez?","semear só os que faltam, mostrando os que já estão feitos, com desfazer do LOTE | ela marca um a um | semear os treze",,,,"DECISOES.md, pergunta 6",,,"o carregador já tem marca de semeadura, trava de arquivo e nunca-sobrescrever; a CLI já tem os subcomandos delete, historico e restore (noqa-acento: nomes de subcomando, ASCII de propósito)",2026-08-15,decidida,"SEMEAR SÓ OS QUE FALTAM, mostrando os que já estão feitos, e com DESFAZER DO LOTE. A pasta dela já tem 8 perfis de jogo, então ""os treze de 06/08"" esbarraria nos que existem; e apagar exatamente os N arquivos que o lote criou é o que o desfazer precisa saber fazer. COLHIDA DO DECISOES.md em 25/08/2026.",2026-08-22,"DECISOES.md, pergunta 6; caixa marcada por ela em 22/08 e colhida em 25/08",ela,,,
D-PERFIL-NAVEGACAO,"O perfil ""Navegação"" é homônimo da aba, e falta o perfil que não existe","Ela, à mão no DECISOES.md em 22/08: ""tava pensando que o perfil de navegação também não faz sentido já que temos uma aba de navegação que permite usar o controle. Temos que tirar o perfil de navegação também. o que acha?""","tirar o perfil | manter e RENOMEAR (ele não é redundante, é homônimo) | manter como está",manter e renomear — e abrir sprint para a feature que a pergunta dela revelou,"tirar o perfil apaga a cor e o tato do navegador, que é o que ele de fato faz; a aba não substitui isso","é decisão de produto dela, e a resposta abaixo é recomendação, não escolha","DECISOES.md, pergunta 5 (a nota manuscrita dela) · ~/.config/hefesto-dualsense4unix/profiles/navegação.json",,,renomear: uma linha. A feature que falta: sprint própria.,2026-08-22,decidida,"DECIDIDA POR DELEGAÇÃO (25/08, madrugada, ela ausente 7 h; palavra dela: ""vc tem via specs e projeto tudo o que é necessário pra tomar todas as decisões""). REVERSÍVEL NUMA FRASE. MANTER E RENOMEAR. O ""perfil de navegação"" e a ""aba Navegação"" não são a mesma coisa: um é conjunto de ajustes gravado, a outra é a superfície que os usa. Não é redundância, é HOMONÍMIA — e homônimo se resolve com nome, não com remoção. A feature que a pergunta dela revelou (usar o controle como mouse sem perfil dedicado) vira sprint própria.",2026-08-25,"pergunta manuscrita dela no DECISOES.md em 22/08, respondida na conversa de 24/08 e materializada em 25/08",delegacao,,,
D-CONTA-ADITIVA-DO-RADIO,A conta de slots é aditiva? — a medição de dois minutos que decide o selo da barra,"Dois controles no mesmo adaptador somam mesmo 2x260 relatórios por segundo, ou o rádio cobra pedágio?","medir com dois controles (2 min de bancada) | assumir aditiva e manter o selo ""derivado"" | não medir e a barra some","medir — dois controles, dois minutos, sem tocar em hciN; fecha também a régua R4 do degrau 0.9.5","sem a medição a barra do Desempenho fica para sempre em ""derivado da conta"", e o número que decide a mesa cheia nunca sobe de grau",é bancada dela; nenhum agente pode medir por ela,"docs/process/sprints/2026-08-24-DESEMPENHO-A-CONTA-DE-SLOTS-01-*.md, BT-D1",,,"dois controles, dois minutos",2026-08-24,decidida,"DECIDIDA POR DELEGAÇÃO (25/08, madrugada, ela ausente 7 h; palavra dela: ""vc tem via specs e projeto tudo o que é necessário pra tomar todas as decisões""). REVERSÍVEL NUMA FRASE. INTERINO ATÉ A BANCADA DELA: a barra CONTINUA com o selo ""derivado"" e o produto NÃO afirma aditividade. Dois controles no mesmo adaptador podem não somar 2x260 relatórios por segundo, e afirmar que somam é exatamente a classe de erro que o mapa de canais existe para impedir. A medição são dois minutos com dois controles, sem tocar em hciN, e é dela.",2026-08-25,"DESEMPENHO-A-CONTA-DE-SLOTS-01, pergunta BT-D1",delegacao,,,
D-ORDEM-IGNORADA-VOLTA,Ordem de serviço que ela mandou ignorar volta quando o arranjo muda?,"Recomendação dispensada por ela reaparece quando ela mexe nos cabos, ou nunca mais?","volta quando o arranjo muda | nunca mais, até ela reativar | volta depois de N dias","volta quando o arranjo muda — ela mexeu, o conselho pode ter mudado","""nunca mais"" tira do produto o direito de avisar de algo NOVO no mesmo lugar; ""N dias"" inventa um número que ninguém mediu",decide a forma do dado em disco (a dispensa guarda ou não o arranjo junto) e se o produto tem licença para voltar a falar de algo que ela mandou calar,"docs/process/sprints/2026-08-24-ORDEM-DE-SERVICO-01-*.md, §8.2 e §13.2",,,muda o esquema do maquina.json: a dispensa guarda o arranjo ou só o id da ordem,2026-08-24,decidida,"DECIDIDA POR DELEGAÇÃO (25/08, madrugada, ela ausente 7 h; palavra dela: ""vc tem via specs e projeto tudo o que é necessário pra tomar todas as decisões""). REVERSÍVEL NUMA FRASE. VOLTA QUANDO O ARRANJO MUDA. Ela mexeu nos cabos: o conselho pode ter mudado, e um conselho dispensado sobre um arranjo que não existe mais não é o mesmo conselho. ""Nunca mais"" transforma um gesto de um segundo em decisão permanente sem avisar; ""depois de N dias"" inventa um número que ninguém mediu. A chave do dispensado é o ARRANJO, não a recomendação.",2026-08-25,ORDEM-DE-SERVICO-01 §13.2; recomendação dada na conversa de 24/08 sem confirmação dela,delegacao,,tests/unit/test_a_dispensa_da_ordem_volta_com_o_arranjo.py::test_a_dispensa_volta_quando_o_arranjo_muda,
D-LINHA-DO-GANHO-NAO-MEDIDO,"A terceira linha da ordem (""ganho não medido nesta máquina"") fica visível?","A linha que confessa que o ganho não foi medido aparece em toda ordem, ou some?","sempre visível | só no tooltip enquanto não houver medição | some, e o selo do card diz ""sem medição""",sempre visível — é o que impede raciocínio de se vestir de medição,"custa uma linha de tela em TODA ordem, numa aba que já pede 2505 px","é o que se vê ao abrir, então cai na regra D3 (o olho dela antes)","docs/process/sprints/2026-08-24-ORDEM-DE-SERVICO-01-*.md, §13.3",mockup/congelados/2026-08-24-mapa-das-portas.html,,uma linha por ordem de serviço,2026-08-24,decidida,"DECIDIDA POR DELEGAÇÃO (25/08, madrugada, ela ausente 7 h; palavra dela: ""vc tem via specs e projeto tudo o que é necessário pra tomar todas as decisões""). REVERSÍVEL NUMA FRASE. SEMPRE VISÍVEL. É a linha que impede raciocínio de se vestir de medição — o defeito mais caro desta casa depois da cura escrita e nunca ligada. Esconder no tooltip é o mesmo que esconder: o produto passa a parecer que mediu. E o público-alvo não tem guia de USB para desconfiar sozinho.",2026-08-25,ORDEM-DE-SERVICO-01 §13.3,delegacao,,tests/unit/test_ordens_da_mesa.py::test_a_terceira_linha_existe_sempre,
D-O-QUE-O-PRODUTO-DIZ-SEM-SABER,O que a tela diz quando é o PRODUTO que não sabe,"Qual a palavra do produto para ""eu não consegui medir isto"" — e ela é a mesma do ""você não declarou""?","""Não sei"" para os dois | palavras diferentes: ""não medi"" contra ""você não declarou"" | só a segunda, e a primeira vira ausência declarada","palavras diferentes — ausência de medição e ausência de declaração são coisas distintas, e confundi-las é o F7",duas palavras onde havia uma é mais texto numa aba já cheia,"é vocabulário de tela, e o léxico é decisão dela","docs/process/sprints/2026-08-24-CONFIGURACOES-O-LEXICO-01-*.md, P3 (LEX-8)",,,vocabulário; a casa já tem a distinção no mapa de canais (de_onde_sei contra célula vazia),2026-08-24,decidida,"DECIDIDA POR DELEGAÇÃO (25/08, madrugada, ela ausente 7 h; palavra dela: ""vc tem via specs e projeto tudo o que é necessário pra tomar todas as decisões""). REVERSÍVEL NUMA FRASE. PALAVRAS DIFERENTES. ""Não medi"" (ausência de medição, é do produto) e ""você não declarou"" (ausência de declaração, é da pessoa) são coisas distintas, e confundi-las é literalmente o defeito de forma F7. A casa já tem a distinção no mapa de canais, na coluna de_onde_sei contra célula vazia — a tela passa a falar a mesma língua que o dado.",2026-08-25,"CONFIGURACOES-O-LEXICO-01, P3",delegacao,,tests/unit/test_ordens_da_mesa.py::test_nao_medi_e_nao_declarado_sao_frases_diferentes,
D-REDACAO-DAS-DUAS-PERGUNTAS-DE-RADIO,"A redação de ""Altura da antena"" e ""Linha de visada""",As duas perguntas que ela disse não entender ficam nesta redação?,"""O dongle fica acima da cabeça de quem joga sentado?"" e ""Tem gente sentada entre o dongle e o sofá?"" | outra redação dela | tirar as duas",a redação proposta — o conteúdo vale (o guia mede que subir 40 cm rende mais que aproximar 5 m); as palavras é que estavam erradas,"tirar as duas perde o fator que o guia chama de ""o mais subestimado""","texto novo, e ela disse literalmente ""não faço ideia"" das duas palavras de hoje","docs/process/sprints/2026-08-24-CONFIGURACOES-O-LEXICO-01-*.md, P2 (LEX-9)",docs/usage/assets/readme_configuracoes.png,,duas frases,2026-08-24,decidida,"DECIDIDA POR DELEGAÇÃO (25/08, madrugada, ela ausente 7 h; palavra dela: ""vc tem via specs e projeto tudo o que é necessário pra tomar todas as decisões""). REVERSÍVEL NUMA FRASE. A REDAÇÃO PROPOSTA ENTRA, marcada para o olho dela. ""O dongle fica acima da cabeça de quem joga sentado?"" e ""Tem gente sentada entre o dongle e o sofá?"". O conteúdo vale — o guia mede que subir 40 cm rende mais que aproximar 5 m —; o que estava errado eram as palavras, e ela disse literalmente ""não faço ideia"" das duas de hoje. Jargão que a pessoa teria de pesquisar é defeito, não precisão.",2026-08-25,"queixa dela em 24/08: ""Eu não sei o que é altura da antena. nem linha de visada. sinceramente não faço ideia.""",delegacao,,tests/unit/test_a08_a_ordem_de_servico_e_a_sala_sao_da_maquina.py::test_as_duas_perguntas_da_sala_nao_falam_antena_nem_visada,
D-AUDIO-E-GIRO-NASCEM-LIGADOS,"Microfone, alto-falante e giroscópio nascem LIGADOS em todo jogo ativo","O estado de áudio (microfone e alto-falante) e do giroscópio nasce ligado a cada jogo ativo, ou fica sem opinião até alguém declarar?","nasce ligado, como o print da aba Status mostra | nasce sem opinião (None) e o produto não mexe | nasce desligado por privacidade","nasce ligado — é o estado que a aba Status já exibe como normal, e o contrário obriga a pessoa a refazer a mesma configuração toda sessão","""sem opinião"" é o contrato que ela já derrubou em 18/08 (D do perfil que guarda tudo): estado que a tela mostra e o perfil não grava é trabalho manual repetido toda sessão, e ela não lembra de refazer",,docs/process/sprints/arquivados/2026-08-24-DESEMPENHO-A-CONTA-DE-SLOTS-01-o-numero-que-o-specs-mediu-e-a-tela-nao-gasta.md e o sistema de perfis,,,"DESENHO — falta medir que código depende de None significar ""não mexa""",2026-08-25,decidida,"NASCE LIGADO, exatamente como a aba Status mostra em 25/08 às 02h17 (Controle 1 · USB · perfil Pragmata): microfone ATIVO e liberado no volume cheio, alto-falante 100% acordado em ""Sons do jogo"", giroscópio lendo. Muda só se a pessoa mudar E salvar o perfil. Palavra dela: ""a parte do audio, microfone, speaker, giroscopio tem que vir por default em cada jogo ativo como no print, só mudando se o user escolher mudar e salvar o perfil.""",2026-08-25,"turno dela de 25/08, com o print da aba Status anexado",ela,,tests/unit/test_o_sensor_desliga_de_verdade.py::test_sem_entrada_os_dois_nascem_ligados,
D-O-MIC-LIGADO-VALE-NO-RADIO,"O padrão ""microfone ligado"" vale também no Bluetooth, onde ele custa banda e capta a sala?","A D-AUDIO-E-GIRO-NASCEM-LIGADOS liga o microfone por padrão em todo jogo ativo. Isso vale igual no rádio, ou só no cabo?","vale igual nos dois transportes | ligado no cabo, e no rádio só quando ela declarar | ligado sempre, com a tela dizendo o que custa","LIGADO NO CABO (a prova dela é do cabo), e NO RÁDIO fica como está — desligado por opt-in — até ela decidir. Recomendo isso, e não o que eu decidi antes.","a D-PERFIL-DE-DESEMPENHO (24/08) manteve o microfone FORA do perfil de desempenho justamente porque ele é o único que CAPTA A SALA, e registra que ele nasce desligado por privacidade E banda. As duas linhas não podem valer ao mesmo tempo. O custo medido: 276,7 de 1600 fatias por controle com microfone, contra 260,4 sem (bt_mic.py, A/B de 25/07/2026)","ERRO MEU, ACHADO PELA AUDITORIA DE 25/08 e corrigido aqui. Eu decidi por delegação ""vale igual nos dois transportes"" e a delegação dela foi explícita: ""vc tem via specs e projeto tudo o que é necessário pra tomar todas as decisões"". EU NÃO LI AS SPECS ANTES DE DECIDIR. O mapa de canais (docs/data/mapa-controles.csv, chave audio.microfone@dualsense) registra, medido: radio_aciona=PARCIAL, e radio_detalhe diz com todas as letras ""IMPLEMENTADO POR INTEIRO, mas NASCE DESLIGADO por opt-in — duas razões escritas: PRIVACIDADE e BANDA"". A ressalva do mesmo registro declara BT-MIC-GATING-01 ABERTO. E a prova dela é um print da aba Status com ""Controle 1 - USB"": é do CABO. Ligar por padrão no rádio, portanto, (a) contraria uma decisão dela anterior, (b) contraria o dado medido, e (c) liga um captador de som da sala por uma escolha que ela não fez. Nenhuma das três é classe que a delegação podia decidir — a delegação cobre o que as specs sustentam, e aqui as specs dizem o contrário. A decisão volta a ABERTA e é dela.",docs/process/sprints/arquivados/2026-08-24-DESEMPENHO-A-CONTA-DE-SLOTS-01-o-numero-que-o-specs-mediu-e-a-tela-nao-gasta.md,docs/usage/assets/readme_configuracoes.png,,nenhum código: é escolher qual das duas linhas fica,2026-08-25,decidida,"LIGADO SEMPRE, NOS DOIS TRANSPORTES, COM A TELA DIZENDO O PREÇO. Decidido por ela em 25/08/2026, e é o TERCEIRO caminho — nem o que eu havia decidido por delegação (""vale igual"", sem dizer o custo), nem o que eu recomendei ao corrigir (""desligado no rádio""). O que muda em relação à minha decisão errada: o preço vai À TELA antes, em vez de o padrão ser escolhido por default sem ela ver a conta. A CONTA QUE A TELA TEM DE MOSTRAR, medida: sem microfone 260,4 relatórios/s; com microfone 170,5 de input mais 106,2 de áudio = 276,7. O áudio NÃO abre canal novo — divide a fila, e o input cai 35%. Com quatro controles no rádio são 1.107 das 1.600 fatias do adaptador. SUBSTITUI o registro do mapa de canais que dizia ""nasce desligado por opt-in: privacidade e banda"" como PADRÃO — a medição continua valendo como custo, e é justamente ela que vai para a tela; o que caduca é o padrão desligado.",2026-08-25,a D-AUDIO-E-GIRO-NASCEM-LIGADOS contra a D-PERFIL-DE-DESEMPENHO,ela,,tests/unit/test_a_conta_de_slots_por_adaptador.py::test_o_microfone_nasce_ligado_e_o_dono_responde,
D-CALIBRAR-AS-ENTRADAS,"A calibração de entradas — ela SUBSTITUI a metade ""recusou o assistente"" da D-MAPA-2D-DAS-PORTAS",Em 24/08 ela recusou o assistente e escolheu desenhar à mão. Em 25/08 ela propôs um assistente. Qual vale?,"a de 25/08, e o assistente entra | a de 24/08, e o desenho à mão continua sozinho | os dois gestos convivem","OS DOIS GESTOS CONVIVEM, e é o que ela propôs sem dizer com essas palavras: o desenho à mão continua sendo como se CORRIGE, e a calibração é como se APRENDE","Só o desenho à mão nunca alcança entrada VAZIA — não há aparelho para arrastar, e é exatamente o buraco que ela abriu a conversa para tapar. Só o assistente obriga a caminhada mesmo onde a máquina já sabe a resposta.",,docs/process/sprints/2026-08-25-CALIBRAR-AS-ENTRADAS-01-a-entrada-vazia-que-so-a-mao-dela-ensina.md,,docs/process/sprints/2026-08-25-CALIBRAR-AS-ENTRADAS/mockup/calibrar-entradas.html,a fase sentada é pequena (o casamento aparelho->entrada é um readlink que o censo JÁ atravessa); a fase em pé é a janela nova,2026-08-25,decidida,"OS DOIS GESTOS CONVIVEM, em duas fases com preços muito diferentes. FASE SENTADA, que paga primeiro e não faz ninguém levantar: entrada OCUPADA não precisa de caminhada nenhuma — o aparelho que está nela já diz qual entrada é (`<dispositivo>/port` é um symlink que o censo JÁ atravessa, `censo_do_barramento.py:360`), e a única coisa que falta é ela dizer ONDE aquela entrada fica. Um hub resolve tudo que pende dele numa pergunta só. FASE EM PÉ, opcional e só para as VAZIAS, que é o que nenhuma leitura alcança: ela pluga o DualSense e o produto aprende. E o EXAME é a moldura das duas, que foi a palavra dela: ""vai servir pra desculpa de olharmos a saúde do seu computador"". Palavra dela em 25/08: ""uma tela de calibração de portas usb (na aba configuração)... vamos pedir pro user validar as portas uma a uma... além disso vamos pedir pro user pra ele falar se esse jogo de porta é frontal ou traseiro... animação do martelo do Hefesto batendo e dando o sinal de ok"". A metade da D-MAPA-2D-DAS-PORTAS que dizia ""recusou o assistente"" CADUCA aqui, por decisão dela mesma; a outra metade daquela decisão (a âncora é o caminho de barramento, e o extensor vira porta-filha 15 -> 15a) CONTINUA VALENDO inteira. O clique-em-clique da D-GESTO-DO-MAPA continua sendo o gesto de CORRIGIR o que a calibração aprendeu. APROVADO POR ELA em 25/08/2026, às ~03h55, VENDO o mockup (docs/process/sprints/2026-08-25-CALIBRAR-AS-ENTRADAS/mockup/calibrar-entradas.html): palavra dela, ""aprovado"". Isso fecha a prova de tela do DESENHO — as duas fases, a pergunta única do hub, os dois relógios ditos na tela, o ""Não alcanço"" como saída de primeira classe, e as três coisas que a §9 do mockup punha na mesa: a marreta batendo UMA vez em 0,82 s (a cadência que ela mesma escolheu em 19/08), as palavras das faces (""Frente do gabinete"" / ""Atrás do gabinete"" / ""Num hub ou extensão"" / ""Em cima da mesa"") e a fase sentada terminando SEM empurrar para a fase em pé. O QUE ISTO NÃO APROVA: as telas GTK reais, que ainda pedem foto antes e depois quando existirem (PROVA-DE-TELA-01). Aprovar o desenho não é aprovar a tela.",2026-08-25,"ideia dela em 25/08, com as quatro fotos numeradas do gabinete",ela,D-MAPA-2D-DAS-PORTAS,,
D-QUAL-REGUA-MANDA-NO-ARRANJO,"Duas réguas respondem ""qual controle move para qual adaptador"", e uma já está na tela",plano_de_radio.ordem_de_redistribuicao já publica em secao_orcamento.py:462; arranjo_da_mesa.plano_dos_controles responde o mesmo com outra régua. Qual vence?,medir as duas antes de escolher | a que já está na tela vence | o motor novo vence,MEDIR — ninguém mediu um cenário concreto de divergência; só se leu que as regras são diferentes por construção,"escolher sem medir põe DUAS respostas para a mesma pergunta na mesma seção, que é o defeito que a MOTOR-5 dizia existir para matar",,src/hefesto_dualsense4unix/integrations/plano_de_radio.py:195 e integrations/arranjo_da_mesa.py,,,uma frente pequena de comparação; adia a G5 em um passo,2026-08-25,decidida,"MEDIR AS DUAS ANTES DE ESCOLHER. Um teste comparativo roda as duas sobre a mesma bancada e mostra onde divergem; a escolha vem depois, com o caso na mão. Trava a G5 até fechar. | QUEM DECIDIU: ELA — a prova está fora desta célula e por isso ia se perdendo: a D-A-REGUA-DO-ARRANJO-SE-DECIDE-COM-A-DIVERGENCIA-NA-MAO registra que ""é o que ela já decidira em 25/08 (medir as duas antes de escolher)"", e docs/process/2026-08-26-O-REDESENHO-as-dez-abas.md:698 chama esta decisão de ""palavra dela"".",2026-08-25,a leva de ligar os módulos à tela (25/08),ela,,tests/unit/test_as_duas_reguas_do_arranjo_divergem_onde.py::test_a_divergencia_esta_nomeada,
D-OS-NUMEROS-DO-RADIO-TEM-UM-DONO-SO,O motor guarda os três números do rádio ARREDONDADOS; o dono único tem os exatos,"arranjo_da_mesa.py:901 traz 260/277/1600 copiados do mockup; radio_da_mesa.py traz 260,4 / 170,5+106,2 / 1600 e tem portão contra o CSV. São duas verdades no mesmo repositório.","corrigir nos dois — Python e mockup | só o Python usa os exatos | fica como está, com lápide",CORRIGIR NOS DOIS — regra da casa: fato errado sai de todos os lugares onde aparece,"corrigir só o Python obriga o teste de paridade a tolerar arredondamento, o que enfraquece a régua que torna ""a mesma lógica na GUI"" verificável",,src/hefesto_dualsense4unix/integrations/arranjo_da_mesa.py:901 e integrations/radio_da_mesa.py:111-138,,,"poucas linhas nos dois, mais o mockup versionado que ela abre",2026-08-25,decidida,"CORRIGIR NOS DOIS — Python e mockup passam a usar 260,4 / 276,7 / 1600, e a paridade continua byte a byte. O mockup que ela abre muda de número, e é o preço aceito. | QUEM DECIDIU: INDETERMINADO (06/09/2026): O relatório da frente (docs/process/agentes/2026-08-25/G4.md:4) a chama de ""decisão dela"", mas usa a palavra como nome do arquivo: não há verbatim dela nem citação de mandato em lugar nenhum.",2026-08-25,o cético de colisão da leva de 25/08,indeterminado,,tests/unit/test_arranjo_invariantes.py::test_ninguem_troca_de_adaptador_sem_baixar_o_pico,
D-A-CALIBRACAO-ENTRA-NA-LEVA,A calibração de entradas entra na leva de ligar os módulos à tela?,"É janela nova de centenas de linhas, carimbo dela em quatro tarefas, e a PRIMEIRA animação do produto — que já quebrou um retrato em 14/08.","fora, só a metade barata | entra inteira | entra sem animação","FORA — era a proposta do sintetizador, que mantinha a leva em dez frentes",deixar fora adia por mais uma leva a única tela que ensina o produto a saber onde cada entrada fica,,docs/process/sprints/2026-08-25-CALIBRAR-AS-ENTRADAS-01-a-entrada-vazia-que-so-a-mao-dela-ensina.md,,,cresce a leva em ~2 frentes grandes e traz a primeira animação do produto,2026-08-25,decidida,"ENTRA INTEIRA, contra a minha recomendação. A leva cresce e a animação entra; o risco do retrato de 14/08 fica registrado e quem coordena fotografa antes e depois.",2026-08-25,a leva de ligar os módulos à tela (25/08),ela,,,
D-A-ALTURA-DA-ABA-EMULACAO,A aba Emulação pede 1045px e não cabe em 1080p com painel — o que cede?,Os 20px vieram de uma frase que SUBSTITUI um fato errado. Encurtá-la desfaz a correção.,a frase vira dica | a aba rola | reescrever a seção inteira,,cura que mora só no tooltip é cura que ninguém acha — é o defeito exato que a G1 está consertando na aba Conexões,,src/hefesto_dualsense4unix/gui/main.glade (aba Emulação) e o registro de dívida de altura,,,poucas linhas de tela,2026-08-25,decidida,"A FRASE VIRA DICA e o texto curto fica na tela. RESSALVA DE QUEM EXECUTA, registrada: o texto curto tem de DIZER que há mais, senão a correção some para quem não passa o mouse — que é o defeito que a G1 cura na outra aba. | QUEM DECIDIU: INDETERMINADO (06/09/2026): A própria escolha atribui a metade que sobra a ""quem executa""; não há palavra dela nem citação de mandato.",2026-08-25,o orçamento de altura medido na leva de 25/08,indeterminado,,,
D-O-PAR-DE-ENTRADAS-VEM-DO-SYSFS,"De onde o motor tira o PAR de cada entrada USB, inclusive das vazias?",arranjo_da_mesa.nota_de lê Entrada.par como um irmão fixo por entrada e precisa dele na entrada VAZIA — é o que dispara as penalidades de vizinho rádio.,peer do sysfs com selo de inferência | esperar a medição dela | peer agora e a medição corrige depois,,"sem o par, cada quadrado diria ""aqui fica bem"" onde deveria dizer ""aqui não"" — juízo otimista demais, pior que juízo nenhum",,src/hefesto_dualsense4unix/integrations/mapa_das_portas.py::irmas_de (a fonte) | arranjo_da_mesa.py:483-496 (quem lê) | app/actions/config/secao_mesa.py::_SEM_MAPA (o que a tela diz sem o desenho),,,"medido: readlink nos 38 nós de entrada desta bancada (25/08). A fonte que ficou já estava no esquema — nenhum campo novo, nenhuma leitura, e menos código do que a que saiu",2026-08-25,decidida,"O PEER DO SYSFS SAIU — a fonte única do par é O DESENHO DELA, e ela reverteu em 25/08 a escolha do mesmo dia. A premissa derrubada era de quem coordena: o peer foi oferecido a ela como ""o que responde também na entrada vazia, o caso que nenhuma outra leitura alcança"". MEDIDO no mesmo dia, readlink em cada */peer dos 38 nós desta bancada: usb1-port5 <-> usb2-port1, usb3-port1 <-> usb4-port1, 3-1-port4 <-> 4-1-port4 — todo peer atravessa DOIS hubs-raiz. Ele amarra os dois lados de UM MESMO BURACO, o lado 2.0 e o lado 3.x (é para isso que o kernel o publica), e nunca dois buracos vizinhos. Entrada.par é outra coisa: duas tomadas empilhadas num plástico só, cada uma com o SEU aparelho ao mesmo tempo — se fosse o mesmo buraco nunca haveria dois. Na mesa dela o peer responde por ZERO entradas e o desenho responde pelas CATORZE. A fonte certa já estava no esquema: FaceDeclarada.portas, de duas em duas — sem leitura nenhuma, logo responde com o gabinete inteiro vazio, e é FATO DELA em vez de inferência. O selo de procedência saiu junto: com uma fonte só, e sendo ela fato dela, o selo vira enfeite. CONSEQUÊNCIA NA TELA, e ela é metade da decisão: com o gabinete não desenhado o motor fica sem par e as três penalidades de vizinho rádio (-30 teclado, -45 bluetooth, -40 mouse) não disparam, e a linha do mapa em Configurações passa a DIZER isso em vez de calar — juízo otimista silencioso é pior que juízo nenhum. O id guarda o nome da PERGUNTA original, não a resposta.",2026-08-25,a leva de ligar os módulos à tela (25/08),ela,,tests/unit/test_o_par_vem_do_desenho.py::test_a_irma_nao_aceita_leitura_de_sistema_nenhuma,
D-MAPA-SEM-RECEITA,O motor mostra o dongle mudado de lugar sem mandar ninguém movê-lo,"Nas variantes ""Sem o extensor"" e ""Sem usar o hub"" o mapa desenha o aparelho na entrada nova e a receita não manda mover, porque o ganho é zero ou negativo.","se não há ordem, o mapa não move nada | move e diz que o ganho é zero | baixar o corte para o ganho zero contar",,quem olha o mapa vê o aparelho noutro lugar e não recebe instrução nenhuma — e a invariante do próprio motor existia para matar isso,,src/hefesto_dualsense4unix/integrations/arranjo_da_mesa.py (variantes e receita),,,o mapa passa a mostrar menos do que o motor calculou nas duas variantes,2026-08-25,decidida,"SE NÃO HÁ ORDEM, O MAPA NÃO MOVE NADA. Uma verdade só na tela: o desenho mostra o que a receita manda fazer. | QUEM DECIDIU: INDETERMINADO (06/09/2026): Mesma origem e mesma ausência de prova da D-OS-NUMEROS-DO-RADIO-TEM-UM-DONO-SO: achada pelo cético da leva, fechada sem verbatim dela e sem citação de mandato.",2026-08-25,o furo mapa=receita achado pelo cético da leva de 25/08,indeterminado,,tests/unit/test_arranjo_invariantes.py::test_arrancado_o_filtro_a_receita_manda_mexer_a_toa,
D-A-FITA-E-O-UNICO-ALVO,A fita do topo é o único lugar onde se escolhe o alvo,"Silenciar o microfone no card do Controle 2 grava só nele, ou vale a fita?",deduzir a peça pelo card | a fita do topo manda em tudo,,,,src/hefesto_dualsense4unix/app/actions/status_actions.py | app/draft_config.py (o trecho do `to_ipc_dict` saiu com a janela GTK em 02/10/2026),,,,,decidida,"A FITA MANDA, E NÃO SE DUPLICA. Palavra dela: ""a parte da seleção no canto superior que escolho se é em todos ou no controle X. Não temos que duplicar isso em canto algum."" O card mostra o ESTADO da peça e nunca escolhe o alvo — quem escolhe é a fita, e ela já manda em lightbar, gatilhos e rumble. Deduzir a peça pelo card já tinha sido medido e recusado uma vez (draft_config.py:1051-1095); a decisão dela confirma. CONSEQUÊNCIA: `mic` precisa entrar em ControllerOverrides, senão a fita não tem onde gravar ""Controle 2 mudo"" — é a diferença entre as fotos 01 e 02 do desenho dela.",2026-08-26,"o desenho dela de 26/08, aba Status",ela,,,
D-APLICA-A-VIRA-AMBIENTE,"""Aplica a"" vira ""Funciona em qual ambiente?"", e os gêneros viram Estilo de Jogo","""Remover o Modo avançado"" — o que acontece com os três campos técnicos?",mostrar sempre | apagar | só-leitura | redesenhar o seletor inteiro,,,,src/hefesto_dualsense4unix/gui/main.glade:2274-2637 | app/actions/profiles_actions.py,,,,,decidida,"ELA REDESENHOU EM VEZ DE ESCOLHER, e o desenho é melhor que as três opções. ""Aplica a:"" passa a se chamar ""Funciona em qual ambiente?"" com: Todos (o novo ""qualquer"") · Steam (independente do jogo aberto) · Navegador (lista os navegadores, como já se faz com jogos) · ESTILO DE JOGO (novo — os presets de gênero entram AQUI e deixam de ser perfil próprio) · Jogo (escolhe o jogo) · Jogo da Steam. ""Editor"" SAI. E aí o Modo avançado sai da interface inteiro. POR QUE RESOLVE: os seis perfis de gênero dela (Ação, Aventura, Corrida, Esportes, FPS, point_and_click) só existiam por causa dos três campos técnicos; virando Estilo de Jogo eles não ficam órfãos — mudam de lugar.",2026-08-26,"o desenho dela de 26/08, aba Perfis",ela,,,
D-CADA-JOGADOR-NAVEGA-COM-O-SEU,"Cada jogador configura a interface com o próprio controle, e a borda diz de quem é","""e sempre ficará disponível"" — o que a borda do plástico garante?",borda sempre visível | chip sempre clicável | as duas,,,,src/hefesto_dualsense4unix/app/actions/config/secao_controles.py | integrations/cor_do_plastico.py,,,,,decidida,"AS DUAS, E O MOTIVO É MAIOR QUE A PERGUNTA. Palavra dela: ""as bordas de ambos os controles devem aparecer marcados na tela como se fossem personagem de jogo. to com o controle red e o irmão com o blue. Com o meu controle eu navego a interface e apertando x eu seto a informação no meu (borda red) e o meu irmão x seta a config dele no blue."" Ou seja: a interface é MULTI-JOGADOR — o controle que aperta é o que recebe o ajuste, e a borda colorida é como cada um se reconhece na tela. É a origem da dupla seleção quando há dois controles com ""Todos"" ativo.",2026-08-26,"o desenho dela de 26/08, aba Gatilhos",ela,,,
D-CALIBRAR-SENSORES-NO-NATIVO,A calibração de sensores vai funcionar também no Modo Nativo,"No Modo Nativo o jogo fala direto com o aparelho; o botão Calibrar recusa, avisa o alcance, ou some?",recusa com motivo | calibra e avisa o alcance | some no Nativo | fazer funcionar,,,,não existe ainda — nenhum dos métodos do IPC toca sensor; o Profile não tem os campos,,,,,decidida,"FAZER FUNCIONAR, e a prova de que é possível é a Steam. Palavra dela: ""Vamos fazer esse modo funcionar assim também. escreve a spec e olha o csv de specs e marca lá também pra fazermos. Na steam isso existe então é possível o caminho."" Ela derrubou as três saídas oferecidas (recusar / avisar o alcance / sumir) apontando um fato: a Steam calibra no modo nativo, logo o caminho existe e é questão de achá-lo. TAREFA: investigar como a Steam faz, escrever a spec, e marcar a linha em docs/data/mapa-controles.csv.",2026-08-26,"o desenho dela de 26/08, aba Status",ela,,,
D-AS-ABAS-CONVERSAM,Informação que se repete em abas diferentes tem de estar em sincronia,"Como garantir: dono único com portão, as abas se avisam, ou a repetição sai?",dono único + portão | as abas conversam entre si | a repetição sai das abas secundárias,,,,src/hefesto_dualsense4unix/app/actions/status_actions.py | app/actions/emulation_actions.py,,,,,decidida,"AS ABAS CONVERSAM ENTRE SI. Palavra dela: ""a aba status deveria funcionar em sincronia com a aba emulação assim como qualquer informação que se repete em abas diferentes."" Ela chamou a divergência de ""falha grotesca"". O PREÇO DO CAMINHO ESCOLHIDO FOI POSTO NA MESA e ela escolheu assim mesmo: continuam existindo duas cópias do fato, e elas podem divergir de novo no dia em que alguém acrescentar um escritor e esquecer de avisar. Quem executar deve deixar o aviso ligado por construção, não por disciplina.",2026-08-26,"o desenho dela de 26/08, aba Emulação",ela,,,
D-O-PS-R3-CHEGA-A-TELA,O combo PS+R3 existe desde 19/08 e nunca apareceu na interface,O quadro de atalhos da Emulação lista três combos e esconde o quarto. O que fazer?,área que ensina com os quatro | levar para a Status | os dois,,,,src/hefesto_dualsense4unix/integrations/hotkey_daemon.py:90 (DEFAULT_COMBO_PONTE) | gui/main.glade:3264-3311,,,,,decidida,"DUAS FALHAS NOMEADAS POR ELA: (1) a Status e a Emulação não sincronizam; (2) o PS+R3 — que ELA pediu em 19/08 (""segurar o botão ps e o start faz ele pular de modo de sincronização"") e que foi implementado — nunca chegou à tela, só existe em comentário de código. O quadro passa a ser a ÁREA QUE ENSINA, com os QUATRO atalhos (PS+Options, PS+↑, PS+↓, PS+R3) desenhados em SVG e ACENDENDO quando o botão é apertado de verdade. O ""Buffer: 150"" vira tooltip em português (""apertar os dois em até 0,15 s conta como combo"") e o ""Passthrough em emulação"" SAI — é decisão travada de propósito, não ajuste.",2026-08-26,"o desenho dela de 26/08, aba Emulação",ela,,,
D-A-ESCOLHA-DO-PLAYER-MORA-NA-LIGHTBAR,"A faixa que SURGE no cabeçalho sai, e a escolha do player vira seção fixa na Lightbar","""Editando:"" e ""Número deste controle"" descem para a Lightbar e somem do topo?",descem e somem do topo | descem e o topo vira só-leitura | ficam no topo e a Lightbar só obedece,,"Deixar no cabeçalho mantém o defeito que ela nomeou: a interface PULA. Cada vez que ela escolhe um controle, duas linhas brotam e empurram as abas e todo o conteúdo para baixo.",,"src/hefesto_dualsense4unix/app/actions/status_actions.py (o _montar_numero_selector saiu com a janela GTK em 02/10/2026 — `set_no_show_all(True)` + `hide()`) | gui/main.glade:1398-1683 (a moldura ""Desenho das 5 luzes"", 285 linhas, que sai)",,,grande — a seção nasce na Lightbar e a faixa some do cabeçalho comum às onze abas,2026-08-26,decidida,"DESCEM PARA A LIGHTBAR E SOMEM DO TOPO, e o motivo dela é de LAYOUT, não de organização. Palavra dela: ""hoje ao clicar no controle conectado, tipo o player 1, ele sobe a área pra eu escolher qual o player daquele controle... a ideia é removermos essa seção que surge ali e trazermos essa escolha do player pra ocupar toda essa seção dentro de lightbar (desenho das cinco luzes) seção absolutamente inútil. vamos evitar o problema do layout que fica super feio ao se deslocar pra baixo."" MEDIDO E CONFIRMADO: a faixa nasce com `set_no_show_all(True)` + `hide()` e só aparece ""com um controle escolhido E dois ou mais na mesa"" — junto com o ""Editando: Controle N"". São DUAS linhas que brotam e empurram as abas para baixo; as fotos dela provam (na da Status, com ""Todos"", elas não existem; na da Lightbar, com ""Sony 1"", estão lá). A TROCA É DUPLA E FECHA SOZINHA: sai um painel de 285 linhas de glade que ela chamou de ""absolutamente inútil"" (o daemon já acende o padrão do número sozinho, e o co-op sobrescreve), e entra no lugar a escolha do player — que passa a ter espaço fixo, sem nada pular. O que fica no cabeçalho é só ""Ajustes vão para"", que é a fita, e a fita é o único lugar onde se escolhe o alvo (D-A-FITA-E-O-UNICO-ALVO).",2026-08-26,"o desenho dela de 26/08, abas Lightbar e Gatilhos, mais a explicação no chat",ela,,,
D-A-BORDA-E-A-IDENTIDADE-DA-PECA,A borda tem a cor do plástico em TODO lugar que mostra um controle,"Onde a borda colorida aparece, e o que muda quando o controle está selecionado?",só nos chips | chips + cards | em todo lugar que mostra um controle,,,,src/hefesto_dualsense4unix/integrations/cor_do_plastico.py::tom_para_a_borda | src/hefesto_dualsense4unix/interface/pacotes/a02_controles.py:406 (hoje o ÚNICO chamador; o da janela GTK saiu com ela em 02/10/2026),,,,,decidida,"EM TODO LUGAR QUE MOSTRA UM CONTROLE — chips da fita, cards da Status, cards da Início, SVGs. Regra única. Palavra dela: ""a borda do controle sempre tem a cor do plástico. tipo o controle ao lado do todos é a borda sempre cor do plástico e quando selecionado o interior segue [a cor de seleção] mas a borda grossa é a cor do controle."" O QUE ISSO SEPARA, e é o valor da decisão: a BORDA diz QUAL peça é (identidade, invariante) e o INTERIOR diz se está selecionada (estado). Hoje as duas informações competem pelo mesmo espaço visual. A cor de seleção continua LILÁS — ela disse ""verde"" de memória e corrigiu: ""Deixa lilás. Confundi"". MEDIDO: `tom_para_a_borda` já existe e já resolve o caso difícil (Midnight Black, que pintado cru some no fundo escuro), e tem UM chamador só — a aba Configurações.",2026-08-26,o desenho dela de 26/08 e a explicação no chat,ela,,tests/unit/test_aba03_a_identidade_vem_de_cima.py::test_o_chip_vivo_e_o_controle_da_mesa,
D-ESTILO-DE-JOGO-E-UM-PRESET-UNIVERSAL,"Estilo de Jogo pré-aplica um perfil inteiro, e mata a configuração aba a aba",O que o Estilo de Jogo faz com as abas quando escolhido?,preenche o perfil | o estilo manda para sempre | preenche e marca o que ela mudou,,,,src/hefesto_dualsense4unix/gui/main.glade:2274-2637 | assets/profiles_default/ | profiles/schema.py,,,,,decidida,"É UM PRESET UNIVERSAL, e o alvo é matar o regex. Palavra dela: ""pensando num user que tem lá um jogo tipo call of duty, ao invés dele configurar aba a aba cada feature do controle, esse jogo ou perfil já pré-aplica um default pra todas as abas. Aí o cara abre o jogo que ele só marcou lá da steam e joga com um perfil universal ao invés da lógica estranha do regex."" OS SEIS ESTILOS herdam os seis perfis de gênero dela (FPS, Corrida, Ação, Aventura, Esportes, Point-and-click) e cada um traz gatilho, lightbar, rumble, áudio, sensores e máscara já escolhidos — proposta de conteúdo aprovada no chat: FPS = metralhadora nos gatilhos, tons escuros um por controle, rumble máximo, mic ativo. E O CAMPO DO JOGO VEM JUNTO: ""no campo estilo de jogo tem que aparecer o campo pra selecionar o jogo, assim como temos pra steam, e temos que ter na aba jogo também"".",2026-08-26,"o desenho dela de 26/08, aba Perfis, refinado no chat",ela,,,
D-NAVEGADOR-SAI-DO-SELETOR,"O ambiente ""Navegador"" sai — a aba Navegação já responde",O Navegador continua sendo um ambiente do seletor de perfil?,"fica | sai, ficam cinco ambientes | sai, e o preset Navegação também",,,,src/hefesto_dualsense4unix/gui/main.glade (o seletor) | assets/profiles_default/navegacao.json,,,,,decidida,"SAI. Palavra dela: ""não precisamos de um perfil pra navegação ali. Temos isso na guia status e temos o navegação (aqui se meu perfil atual mortal kombat tiver com controle e mouse ativado ele vai se comportar dessa forma ao usar o controle)."" O SELETOR FICA COM CINCO: Todos · Steam · Estilo de Jogo · Jogo · Jogo da Steam. Quem quer o controle como mouse liga isso na aba Navegação do perfil ativo — é ajuste do perfil, não um ambiente onde o perfil vale. ATENÇÃO PARA QUEM EXECUTAR: isto NÃO decide o destino do preset de fábrica `navegacao.json`, que tem decisão dela em contrário (D-PERFIL-NAVEGACAO, 25/08: ""MANTER E RENOMEAR""). São coisas diferentes: sai o AMBIENTE, não o perfil.",2026-08-26,"o desenho dela de 26/08, refinado no chat",ela,,,
D-DUAS-PECAS-NUNCA-TEM-A-MESMA-COR,Dois DualSense conectados nunca ficam com a mesma cor,A regra de cor única vale só nos Estilos de Jogo ou o tempo todo?,"regra do produto sempre | só nos estilos | sempre, mas ela pode forçar",,,,core/led_control.py::cores_sem_colisao | core/backend_pydualsense.py::_com_cor_unica_locked | interface/pacotes/a04_iluminacao.py::_sem_repetir_a_cor_do_vizinho | profiles/schema.py::LedsConfig,,,,,decidida,"REGRA DO PRODUTO, SEMPRE — em qualquer perfil, não só nos Estilos de Jogo. É a irmã da regra ""nenhum perfil pode ter o mesmo número"": duas coisas que precisam ser distinguíveis não podem colidir. Se ela escolher a mesma cor para os dois, o segundo desloca para o tom vizinho e a tela diz o que fez. LIGA-SE À D-CADA-JOGADOR-NAVEGA-COM-O-SEU: a cor é como cada jogador se reconhece na tela ao mesmo tempo — duas peças da mesma cor quebram exatamente isso.",2026-08-26,o desenho dela de 26/08 e a proposta de conteúdo do estilo FPS,ela,,,
D-O-SVG-VIBRA-POR-LADO,"O SVG do DualSense divide-se em dois lados, e cada um acende quando o seu motor vibra",Com que cor o lado do SVG acende quando o motor vibra?,cor do plástico mais forte | cor fixa de vibrando | cor da lightbar,,,,"assets/control-svg/dualsense.svg (ids `feat-rumble-esquerdo` e `feat-rumble-direito`, já existem) | app/actions/rumble_actions.py",,,,,decidida,"A COR DO PLÁSTICO, E O DESENHO PARTE-SE AO MEIO. Palavra dela: ""Cor do plástico. divide o svgs do dualsense em dois lados esquerdo e direito. Parte esquerda vibra mostrando a cor do motor esquerdo."" MEDIDO: os dois ids já existem no SVG (`feat-rumble-esquerdo`, `feat-rumble-direito`), e o arquivo traz as cinco colorways por `data-colorway`. As duas metades da cura estão no repositório desde 11/08 e NENHUMA linha da janela abriu esse arquivo — os únicos sete usos estão em dois scripts que geram o `specs.html`.",2026-08-26,"o desenho dela de 26/08, aba Rumble",ela,,,
D-AS-SPRINTS-VELHAS-SAO-DESATIVADAS-NAO-APAGADAS,"Sprint ultrapassada ganha o rótulo DESATIVADA, e o trabalho novo nasce materializado antes de executar",Como a leva nova convive com as sprints que ela substitui?,apagar as velhas | marcar como desativada | deixar como estão,,,,docs/process/sprints/ | docs/process/SPRINT_ORDER.md,,,,,caduca,"CADUCA EM 27/08/2026 — SUBSTITUÍDA. Perguntada se apagava ou marcava DESATIVADA, ela respondeu ""Apagar"". A fala mais recente vence e o git guarda o histórico; a faxina de 27/08 apagou 28 sprints por essa ordem (docs/process/sprints/arquivados/2026-08-27-A-FAXINA-o-que-saiu-e-por-que.md). A linha ficou marcada ""decidida"" com o texto antigo por um mês — e este é o arquivo que um agente consulta ANTES de podar, então ele mandava o contrário do que ela decidiu por último. [TEXTO ANTERIOR] MARCAR COMO DESATIVADA, NUNCA APAGAR — e materializar as sprints novas ANTES de executar. Palavra dela: ""as Sprints de tudo tem que ser materializadas antes e as Sprints antigas ou ultrapassadas devem ser marcadas como Sprint desativada, ou algo assim."" É a regra da casa aplicada ao processo: não se apaga decisão medida — ela ganha uma nota datada com o que caducou. Uma sprint desativada continua legível e diz por que saiu, e qual item do desenho de 26/08 a substituiu.",2026-08-26,"a pergunta dela sobre a navegação por controle, no chat de 26/08",ela,,,
D-A-EMULACAO-MORRE,A aba Emulação deixa de existir; o que ela tem se espalha para os donos certos,Ainda faz sentido a guia Emulação existir?,fica | morre e a Sistema absorve | funde com a Sistema,,,,src/hefesto_dualsense4unix/app/actions/emulation_actions.py | gui/main.glade (o bloco da aba),,,,,decidida,"MORRE, e a pergunta foi dela: ""ainda faz sentido a guia emulação existir?"" MEDIDO ITEM POR ITEM, e não sobra nada exclusivo: UINPUT/Device/VID:PID/Gamepads são diagnóstico e vão para a Sistema; ""Testar o controle virtual"" CRIA E DESTRÓI um gamepad virtual só para ver se dá (emulation_actions.py:587) — é autoteste de instalação, vai para a Sistema; ""Atualizar"" relê estado, idem; ""Gamepad para os jogos"" é a MÁSCARA e já está na Início e nos Perfis; o quadro dos combos vira a ÁREA QUE ENSINA na Navegação; o Steam Input ela já mandou sair (D-VIGIA-DO-STEAM-INPUT); o microfone vai para a Status (volume) e para a Conexões (modo). A tira passa de ONZE para NOVE abas, contando a fusão da ""No jogo"" com a Status.",2026-08-26,"a pergunta dela no chat de 26/08, medida contra o disco",ela,,,
D-A-NO-JOGO-FUNDE-COM-A-STATUS,"A aba ""No jogo"" funde com a Status, dentro do card de cada controle","A aba No jogo, 90% vazia, continua existindo?",funde com a Status | fica e ganha corpo | some e vira o SVG,,,,src/hefesto_dualsense4unix/app/actions/status_actions.py (a No jogo não tinha arquivo próprio; o `install_no_jogo_tab` saiu com a janela GTK em 02/10/2026) | app/widgets/controller_card.py,,,,,decidida,"FUNDE COM A STATUS, ACIMA DA ÁREA DO CONTROLE, E POR CONTROLE. Palavra dela: ""Nossa, esqueci por completo dessa aba aí. Acho que é melhor fundir com status ficando acima da área do controle e isso por controle"" — e ela mandou a foto mostrando o lugar: a linha ""Perfil ativo: Navegação"" no topo do card, com ""Hefesto: Ligado"" à direita. POR QUE FECHA: a ""No jogo"" diz o que o JOGO está recebendo de cada feature agora (giroscópio no jogo ~158 Hz, vibração no jogo, luz no jogo) e a Status diz o que o APARELHO é. São duas metades da mesma pergunta em abas diferentes — e a de cima estava ~90% vazia.",2026-08-26,"o inventário visual das onze abas, 26/08",ela,,,
D-A-ABA-DO-AMBIENTE-CHAMA-SE-CONEXOES,"A aba Configurações vira Conexões, e é a aba do AMBIENTE",O que sobra na Configurações agora que a identidade do controle vai para a Status e a Lightbar?,vira a aba da mesa | continua com tudo e a Status só mostra | funde com a Sistema,,,,"src/hefesto_dualsense4unix/app/actions/config/ (secao_mesa, secao_controles, secao_exame, secao_orcamento, secao_janela)",,,,,decidida,"CONTINUA, VIRA ""CONEXÕES"", E GANHA UMA DEFINIÇÃO QUE ELA DEU E É MELHOR QUE AS TRÊS OFERECIDAS: ""a ideia dela é tanto ensinar como garantir que o user terá os mesmos ambientes de execução pro modo bt que eu tenho."" É A ABA DO AMBIENTE — ""prepare a sua máquina para funcionar como a minha funciona"": os adaptadores, as portas, a vizinhança do rádio, o exame, e o MODO DO MICROFONE (que ela primeiro pôs na Sistema e depois mudou para cá: ""Aqui poderia ir pra lá inclusive""). Ela ENSINA e CONSERTA. O nome ""Conexões"" já tinha sido escolhido antes para a seção da mesa; agora vale para a aba inteira.",2026-08-26,"o conflito 8, levantado e resolvido no chat de 26/08",ela,,,
D-O-BOTAO-DO-MIC-MANDA-NA-LUZ,"O mudo do microfone manda na luz vermelha do plástico, e vira ícone no slicer","Tirando o ""Silenciar"", como se apaga a luz vermelha do microfone?",volume zero passa a apagar | ícone no slicer | o botão some e a luz fica acesa,,"Sem isso, o microfone cala pelo volume mas o plástico continua com a luz vermelha acesa, avisando que ele existe.",,src/hefesto_dualsense4unix/app/widgets/controller_card.py | cli/cmd_mic.py,,,,,decidida,"O BOTÃO MANDA NA LUZ, E VIRA UM ÍCONE NA PONTA DO SLICER. Palavra dela: ""O botão deveria mandar nesse caso. Acho que é se tá ativado ele fica aceso, apagado ele tá desligado, e mantém a sua ideia do ícone do slicer."" A DISTINÇÃO QUE JUSTIFICA, e ela é técnica: o mudo do DualSense é do FIRMWARE e apaga a luz vermelha do microfone no plástico; volume zero é do SISTEMA e não apaga luz nenhuma. Tirar o botão sem mais nada perderia a única forma de apagar aquela luz. O ícone ocupa quase nada e a tela encolhe do mesmo jeito.",2026-08-26,"o conflito 2, medido e resolvido no chat de 26/08",ela,,,
D-APLICAR-NAO-SALVA,Aplicar vale agora e não grava; Salvar Perfil aplica e grava,"Aplicar e Salvar fazem o mesmo, ou coisas diferentes?",fazem o mesmo | aplicar não salva | aplicar e perguntar ao sair,,,,src/hefesto_dualsense4unix/app/actions/footer_actions.py | gui/main.glade (o rodapé),,,,,decidida,"APLICAR APLICA AGORA E NÃO SALVA NADA — ela reviu o que tinha escrito no desenho 04 (""ambos os botões fazem o mesmo"") e refinou no chat: ""Aplicar aplica naquele momento pra aquele perfil mas não salva nada. Eu no jogo aberto já noto isso. Aí Salvar Perfil aplica agora E salva."" É a rede de segurança de quem experimenta com o jogo aberto. O RODAPÉ FICA: [Aplicar] [Salvar Perfil] [Importar] [Exportar] — o ""Restaurar Default"" sai e vira EXPORTAR (mandar o perfil para fora, para alguém usar), e o restaurar de fábrica passa a morar na aba Sistema, que é onde gesto raro e perigoso deve ficar. E o SALVAR carrega a feature já existente: com jogo aberto que precise reiniciar a Steam, ele PERGUNTA antes de fechar e reabrir.",2026-08-26,"o conflito 4, levantado e resolvido no chat de 26/08",ela,,,
D-O-ESTILO-APONTA-PARA-O-MODO,Point-and-click é um Estilo de Jogo configurável na aba Navegação,"Point-and-click é estilo de jogo, modo do PS+R3, ou os dois?",o estilo escolhe o modo | só modo | só estilo,,,,src/hefesto_dualsense4unix/app/actions/input_actions.py | integrations/hotkey_daemon.py:90 | assets/profiles_default/point_and_click.json,,,,,decidida,"É UM ESTILO DE JOGO, E ELE É CONFIGURÁVEL DENTRO DA ABA NAVEGAÇÃO. Palavra dela: ""É um estilo de jogo mas esse estilo em específico é configurável dentro da aba navegação. Eu seto lá como esse estilo deve funcionar. E no perfil eu posso pegar o jogo e aplicar esse estilo mas se durante um jogo eu usar o modo PS+R3 e chegar no mesmo modo de conexão é como se eu tivesse aplicado o estilo dentro daquele perfil ativado."" NÃO É DUPLICAÇÃO, SÃO CAMADAS: a Navegação DEFINE o que o estilo faz; o perfil ESCOLHE usá-lo; e o PS+R3 CHEGA nele ao vivo, com o mesmo efeito de tê-lo escolhido no perfil.",2026-08-26,"o conflito 5, levantado e resolvido no chat de 26/08",ela,,,
D-A-AREA-QUE-ENSINA-VAI-PARA-A-NAVEGACAO,"A área que ensina os gestos mora na Navegação, e ali mesmo se configura o que cada um faz",Onde mora a área que ensina os quatro combos com SVG acendendo?,Navegação e configurável | Emulação só ensinando | nas duas,,,,src/hefesto_dualsense4unix/app/actions/input_actions.py | gui/main.glade:3264-3311 (o quadro que sai da Emulação),,,,,decidida,"NA NAVEGAÇÃO, E VIRA CONFIGURÁVEL — foi a última ideia dela e é a mais forte: ""talvez aquela seção que fica em emulação e serve também pra ensinar o user fosse mais jogo trazermos ela pra cá e permitir que o user escolha o que cada conjunto faz."" A MESMA TELA ENSINA O GESTO E DEIXA TROCAR O QUE ELE FAZ, com o SVG do botão acendendo quando ele é apertado de verdade. Aprender e configurar deixam de ser duas telas. E É ONDE O PS+R3 FINALMENTE APARECE (D-O-PS-R3-CHEGA-A-TELA).",2026-08-26,"o conflito 6, levantado e resolvido no chat de 26/08",ela,,,
D-AS-DEZ-ABAS-E-SEUS-NOMES,"A tira tem dez abas, com nomes em português e ordem nova","Quantas abas, com que nomes e em que ordem?",,,,,,,,,2026-08-26,decidida,"JOGAR · CONTROLES · GATILHOS · ILUMINAÇÃO · VIBRAÇÃO · NAVEGAÇÃO · SISTEMA · CONEXÕES · PERFIS · LANÇADORES. As mudanças: ""Início""→Jogar, ""Status""→Controles (absorve a ""No jogo""), ""Lightbar""→Iluminação, ""Rumble""→Vibração, ""Configurações""→Conexões, ""Emulação""→LANÇADORES (com sentido novo: de onde os jogos vêm — Steam, Heroic, Epic, emulador, Flathub). As duas palavras em inglês saem da tira. RESSALVA DE QUEM COORDENA, registrada: Perfis em nono lugar contraria o que ela descobriu hoje — que o perfil é quem manda. Ela decide depois de ver o mockup.",2026-08-26,o desenho dela de 26/08 e o planejamento no chat,ela,,,
D-A-INTERFACE-E-UNIVERSAL-NAO-SO-STEAM,O produto funciona fora da Steam e a tela não conta isso,"Como o produto serve quem joga por Heroic, Epic, emulador ou Flathub?",,,,,,,,,2026-08-26,decidida,"AS DUAS SAÍDAS JUNTAS: ""Jogo"" vira o caminho PRINCIPAL do seletor (Steam vira atalho para quem tem), e nasce o botão ""DETECTAR O JOGO QUE ESTÁ ABERTO"" — você abre o jogo de onde for, volta e clica, e o perfil nasce. MEDIDO, e é o achado: o MOTOR já é universal (detecta por `process_name` e `window_class`, qualquer janela), mas a INTERFACE diz ""Steam"" 689 vezes (44 no glade, 645 nos handlers). Para quem instalou pelo Flathub e joga no Heroic, o produto PARECE ser só para Steam — e a pessoa nem tenta. Palavra dela: ""temos que pensar não em mim mas no usuário leigo médio.""",2026-08-26,o desenho dela de 26/08 e o planejamento no chat,ela,,,
D-A-ABA-LANCADORES,"A aba Emulação renasce como Lançadores, e passa a ser sobre de onde os jogos vêm","A aba Emulação morre de vez, ou renasce com outro sentido?",,,,,,,,,2026-08-26,decidida,"RENASCE COMO ""LANÇADORES"". A antiga era ""emulação de GAMEPAD"" (uinput) — termo técnico que ninguém entende, e cujo conteúdo se espalhou para os donos certos. A nova é sobre EMULADORES DE CONSOLE e LANÇADORES: RetroArch, Dolphin, mGBA, Heroic, Lutris, Epic, GOG, jogos em Flatpak. Ela detecta o que está instalado, diz se o controle chega lá, e conserta o que dá. MEDIDO: o produto tem ZERO menção a RetroArch, e o jogo Orpheus dela depende de um emulador nativo de GBC. Palavra dela: ""não ironicamente, talvez aí sim tenhamos uma utilidade pra aba emulador agora."" Ela pediu ajuda para desenhar o conteúdo: ""Nunca pensei nisso.""",2026-08-26,o desenho dela de 26/08 e o planejamento no chat,ela,,,
D-O-PERFIL-UNIVERSAL,Um perfil Universal substitui o fallback e o meu_perfil,O que acontece com os três perfis de fábrica que sobram quando os seis de gênero viram estilo?,,,,,,,,,2026-08-26,decidida,"NASCE O UNIVERSAL, e ele substitui `fallback` e `meu_perfil` de uma vez. Vale sempre que nenhum outro perfil casa, garantindo que o controle nunca fique sem nada. MAS NÃO É ""LIGA TUDO"" — palavra dela: ""não é que liga tudo; ok, caso ele não defina, sim. Mas caso ele queira ou tenha um modo favorito, isso fica de default."" Ou seja: o Universal respeita o modo favorito de quem usa, e só cai no tudo-ligado quando não há preferência declarada.",2026-08-26,o desenho dela de 26/08 e o planejamento no chat,ela,,,
D-CATORZE-ESTILOS-DE-FABRICA,"Catorze estilos de fábrica, mais o Personalizado",Quais estilos de jogo o produto embarca?,,,,,,,,,2026-08-26,decidida,"OS SEIS que herdam os perfis de gênero (FPS, Corrida, Ação, Aventura, Esportes, Point-and-click) MAIS OITO que ela aprovou (25/09: o CO-OP NA MESA saiu pela D-2409-O-CO-OP-LOCAL-SAI, e ficam treze): TERROR, LUTA, CO-OP NA MESA, MARATONA, PLATAFORMA, RETRÔ/EMULADOR, RITMO/MÚSICA, SIMULAÇÃO/VOO. Mais o ESTILO PERSONALIZADO, que aceita o que ela definir nas demais abas. Os de fábrica NÃO se editam. A SUGESTÃO SAIU DA BIBLIOTECA DELA, medida: dos 23 jogos com perfil no disco, DEZ são de terror (Dont Scream, Faith, Reanimal, Wendigo Blue, Mr Sleepy Man, Dark Scrolls, Mad King, Orpheus, Mina, Duskfade) — quase metade, e não havia preset. E LUTA é o jogo aberto agora (Mortal Kombat), também sem preset. O point-and-click é de fábrica, mas o funcionamento dos botões dele se define na aba Navegação.",2026-08-26,o desenho dela de 26/08 e o planejamento no chat,ela,,,
D-O-QUINTO-DEGRAU-DA-RODA,A roda do PS+R3 ganha o teclado+mouse como quinto degrau,Quais modos o PS+R3 alterna ao vivo?,,,,,,,,,2026-08-26,decidida,"A RODA JÁ EXISTE E TEM QUATRO DEGRAUS, medidos em `integrations/ponte_escada.py:227`: 1) Hefesto como DualSense · 2) Hefesto como Xbox 360 · 3) Conexão Nativa (Sony) · 4) DualSense + Steam Input. ENTRA O QUINTO, NO FIM: Teclado+Mouse (o `KIND_DESKTOP`, que já existe no código e ficou de fora da escada). É o último recurso — se nenhum modo de gamepad serviu, o jogo provavelmente só aceita teclado e mouse. A ordem existente não muda, e ela tem razão escrita: ""Dez linhas do mapa-controles.csv só chegam ao jogo por uhid... errar para Xbox custa as dez, e custa em silêncio."" · NOTA 13/09/2026 (D-1309-O-MODO-E-A-BASE-E-A-MASCARA-VEM-POR-CIMA): caducou a metade que faz dos degraus 1 e 2 máscaras, «Hefesto como DualSense» e «Hefesto como Xbox 360». Desde 13/09 eles são CAMINHOS (o canal próprio do DualSense e o canal comum), o chip e o PS+R3 escolhem o caminho, e a máscara é do cartão de cada controle. A ordem e o quinto degrau ficam.",2026-08-26,o desenho dela de 26/08 e o planejamento no chat,ela,,,
D-A-MASCARA-GANHA-O-AUTOMATICO,"A máscara ganha uma terceira opção: Automático, e ela fica ligada",O produto lê o executável e sabe quais APIs de entrada o jogo usa. Isso chega à tela?,,,,,,,,,2026-08-26,decidida,"CADUCA EM 29/08/2026 — DERRUBADA PELA MEDIÇÃO. Ela decidiu que o ""Automático"" SAI da máscara: sobram as opções escolhidas à mão, e a escolha é por controle. A RAZÃO É MEDIDA, e estava no repositório desde 16/08: a heurística que moveria o Automático (`integrations/api_de_entrada.py:12-49`) erraria em 13 dos 14 jogos que caem no mesmo balde do censo dela — marcaria Xbox um balde onde o defeito é UM jogo, e cada um dos outros treze perderia giroscópio, touchpad, lightbar, gatilhos adaptativos e bateria. E o custo de errar não é simétrico. Um automatismo que erra quase sempre é PIOR que escolher à mão, porque erra EM SILÊNCIO: quem escolhe errado sabe que escolheu. ONDE ESTÁ A PROVA: a legenda da aba Jogar (`novo-layout/01-jogar.html:2311` e `:2321`) e a docstring do próprio módulo, que já dizia que `SO_XINPUT` não é alcançável a partir da evidência de disco; a aba Conexões usa a mesma medição para recusar um ""Automático"" no modo de conexão (`novo-layout/08-conexoes.html:3177`). O QUE ISTO CORRIGIU NO DISCO: dois mockups aprovados por ela discordavam — a Jogar dizia que o Automático tinha saído e a Perfis ainda o anunciava como entrega. A Jogar venceu, palavra dela, e a linha saiu do gerador da Perfis (`novo-layout/_ferramentas/aba10.py`, com o porquê no comentário acima da LEGENDA). PARA QUEM FOR EXECUTAR: não há nada a arrancar do produto — a máscara em código nunca teve o Automático (`gui/main.glade:3429` e `:3435` oferecem DualSense (PS) e Xbox 360), e `api_de_entrada.py` continua com zero consumidores em `app/`. [TEXTO ANTERIOR, DE 26/08] SIM, COMO TERCEIRA OPÇÃO QUE FICA LIGADA: [Xbox 360] [DualSense] [AUTOMÁTICO]. Escolhendo Automático, o produto decide a cada jogo que abrir, sempre — ela nunca mais pensa nisso. MEDIDO: `integrations/api_de_entrada.py` já diz quais APIs (SDL, XInput, DirectInput, RawInput, plugin DualShock) estão DENTRO do executável, e é consumido só por `prontuario_dos_jogos.py` — zero em `app/`. Hoje ela escolhe Xbox ou DualSense NO ESCURO.",2026-08-26,o desenho dela de 26/08 e o planejamento no chat,ela,,,
D-TUDO-QUE-EXPLICA-VIRA-DICA,Só título e estado ficam na tela; toda explicação vira dica,"Regra para os 372 textos fixos, sem perguntar 372 vezes",,,,,,,,,2026-08-26,decidida,"FICA NA TELA: título de quadro, rótulo de botão, e o valor/estado atual. TODO O RESTO — explicação, ressalva, exemplo — vai para o ícone ""?"" ou para a dica do widget. O VOLUME, MEDIDO: 372 textos fixos em 145 widgets. A aba Configurações sozinha tem 88 textos para 28 widgets; a Início tem 32 frases para 6 widgets — cinco frases por botão.",2026-08-26,o desenho dela de 26/08 e o planejamento no chat,ela,,,
D-O-AVISO-DE-PORQUE-O-PERFIL-NAO-ENTRA,O topo da aba Perfis avisa quando um perfil nunca vai entrar,Onde aparece o diagnóstico de por que um perfil não entra?,,,,,,,,,2026-08-26,decidida,"UM AVISO NO TOPO DA ABA PERFIS: ""2 perfis nunca vão entrar — veja quais"". Clica e ele mostra. MEDIDO: `profiles/sanidade.py:290` (`verificar_perfis`) já nomeia catch-all vencendo perfil de jogo (gravidade ERRO), prioridade fora da faixa e empates — e o único chamador é `cli/cmd_doctor.py`. É a queixa mais antiga desta casa (""a config que eu deixo nunca é respeitada"") resolvida no código e visível só por terminal.",2026-08-26,o desenho dela de 26/08 e o planejamento no chat,ela,,,
D-O-CADERNO-DE-ENSAIOS-ENTRA-NA-ABA-CONTROLES,O caderno de ensaios NÃO entra na interface — ela é produto final,"Como preencher os 178 ensaios sem ponte nem degrau, sem abrir outra ferramenta?",perguntar depois de cada teste | modo bancada | sempre visível ao lado de cada feature,"sempre visível — a aba vira o caderno, e o registro deixa de depender de lembrar","Sem isto, os 178 ensaios continuam sem dizer POR QUAL PONTE foram feitos — e os 46 que dizem 'não obedece' não distinguem 'o rádio não leva' de 'a máscara Xbox não tem esse canal'. É o que trava o specs.html de fechar.",,"docs/data/ensaios.csv (178 linhas; `ponte` vazia em 178, `degrau` em 177) | src/hefesto_dualsense4unix/app/widgets/controller_card.py | integrations/ponte_escada.py:227 (a ponte viva, que o produto já conhece) | bancada.py (o Streamlit que continua para o trabalho fino)",,,"médio — o card ganha uma coluna de estado por feature, e o registro é um clique",2026-08-26,decidida,"REVERTIDA POR ELA no mesmo dia, e a segunda decisão é melhor. Palavra dela: ""Na real. Vamos tirar isso da interface. Temos que pensar nela como produto final. Isso é legal pra specs ou html standalone."" A PRIMEIRA ESCOLHA FOI: cada feature do card mostrando o último ensaio, com um clique para registrar — e ela chegou a aprovar (""Sempre visível, ao lado de cada feature"", ""todas as features do controle""). O QUE MUDOU O VEREDITO: a interface do Hefesto é o que a pessoa que joga abre, e ferramenta de medição não é produto — é bancada. Pôr o caderno ali daria a quem joga uma coluna que não serve para nada, e daria a quem mede uma ferramenta pior que a que já existe. ONDE O CADERNO CONTINUA: na `bancada.py` (Streamlit) e no `specs.html`, que já são as duas superfícies dele. O problema que motivou a ideia — a coluna `ponte` vazia em 178 de 178 ensaios — continua real, e é a sprint SPECS-A-PROCEDENCIA-01 que o resolve, depois do redesenho. O QUE SE PERDE, e fica registrado: o preenchimento automático da `ponte` e do `degrau`, que só o produto sabe no instante do teste. Quem medir na bancada continua tendo de declarar os dois à mão.",2026-08-26,"o planejamento do redesenho, 26/08, ao medir que a ponte está vazia em 178 de 178 ensaios",ela,,,
D-O-CONTROLE-CARREGA-A-SUA-SETTING,"Cada controle carrega a SUA configuração dentro do perfil, e ela sobrevive a tudo","O que o perfil guarda por controle, e o que faz essa configuração voltar amanhã?",,,,,,,,,2026-08-26,decidida,"O CONTRATO CENTRAL DO PRODUTO, dito por ela com um exemplo de família: ""imagina que eu uso o controle azul, meu irmão o controle roxo, meu gato o controle Z. Salvamos e aplicamos o perfil, cada um saiu setando sua config em cada aba, clicamos em salvar e desligamos. Amanhã vamos jogar o mesmo jogo, mesmos controles mas controles conectados em ORDENS DIFERENTES ou em MODOS DIFERENTES se BT ou cabo, mas sabemos qual é qual (INDEPENDENTE DA PORTA também), o controle vai trazer dentro daquele perfil a MINHA setting setada ontem."" A CHAVE É O ID DO CONTROLE, não a ordem, não a porta, não o transporte. Cada aba grava no sub-perfil daquela peça dentro do perfil ativo — é o `ControllerOverrides` que existe desde 10/08 e que NENHUM dos 29 perfis dela jamais usou. CONSEQUÊNCIA MEDIDA, e é o trabalho: hoje o override aceita leds, triggers, rumble e speaker. Para o contrato valer inteiro faltam mic, sensores e a força da vibração.",2026-08-26,"as rodadas de pergunta do redesenho, 26/08",ela,,,
D-A-TIRA-COMECA-EM-JOGAR-E-TERMINA-EM-PERFIS,"Jogar é a home; Perfis é a décima, e o Perfil Ativo fica visível em todas","Onde fica a aba Perfis, já que é ela quem manda?",,,,,,,,,2026-08-26,decidida,"PERFIS EM DÉCIMO, E O MOTIVO É DE ENSINO. Palavra dela: ""o certo é ele ser o primeiro, só que assim: a aba JOGAR é infinitamente melhor pra ser uma home. Manda ele pra décimo, que força ele ver todas as features — e sempre terá o perfil ativo em cima pra falar o que diabos tamo fazendo em cada aba e onde isso impacta."" A TIRA: Jogar · Controles · Gatilhos · Iluminação · Vibração · Navegação · Sistema · Conexões · Lançadores · Perfis. O que resolve a confusão que lhe custou semanas não é a POSIÇÃO da aba, é o PERFIL ATIVO no topo de todas — dizendo, em cada tela, em qual perfil aquilo vai cair.",2026-08-26,"as rodadas de pergunta do redesenho, 26/08",ela,,,
D-CLICAR-NO-MODO-JA-APLICA,"Clicar num modo aplica na hora; o Aplicar do rodapé aplica tudo, de todas as abas",Cada aba tem botão Aplicar próprio?,,,,,,,,,2026-08-26,decidida,"SÃO DOIS GESTOS DIFERENTES E OS DOIS EXISTEM. Palavra dela: ""clicando no modo, tipo gatilho metralhadora — cliquei lá ou usei a fita de seleção do meu player, o negócio já aplica... já funciona como aplicar, mesma coisa nas demais abas nesse sentido."" E, logo depois: ""mas o botão APLICAR DO RODAPÉ SEGUE EXISTINDO. Ele é pra todas as abas e todas as funções, não só a função daquela aba."" CLICAR NUM MODO = testar aquilo agora, naquele controle. APLICAR DO RODAPÉ = mandar ao controle tudo o que está em rascunho, de todas as abas. Onde houver TESTE de verdade (os motores), o botão se chama Testar — ""não tem nada a ver"" com aplicar.",2026-08-26,"as rodadas de pergunta do redesenho, 26/08",ela,,,
D-O-NUMERO-DO-JOGADOR-SUBSTITUI-O-DESENHO-DAS-LUZES,O desenho das 5 luzes dá lugar à escolha do número do jogador daquele controle,O que ocupa o lugar do painel Desenho das 5 luzes?,,,,,,,,,2026-08-26,decidida,"A ESCOLHA DO NÚMERO DO JOGADOR, e ela corrigiu meu entendimento: ""hoje temos os LEDs ATIVOS (que é uma função placeholder besta). Isso dará lugar à função ESCOLHA O VALOR DO PLAYER daquele controle."" O CASO REAL QUE ELA DEU: ""contei 3 controles, mas o meu controle azul é o player 2 — e antes de irmos pro jogo ele tem que ser o player 1. Não existem dois players com o mesmo número."" É a irmã da regra da cor única e da prioridade única: o que precisa ser distinguível não pode colidir. Sobre a colisão de COR ela decidiu junto: ""ela fica setada como cor do fulano, podemos usar a fita"" — a cor pertence a quem a tem, e a fita é onde se resolve.",2026-08-26,"as rodadas de pergunta do redesenho, 26/08",ela,,,
D-A-ABA-LANCADORES-NASCE-PLACEHOLDER,A aba Lançadores é desenhada agora e só passa a existir quando o resto estiver funcionando,"Como medir se o controle chega a cada lançador, sem inventar instrumento?",,,,,,,,,2026-08-26,decidida,"ELA NÃO NASCE FUNCIONANDO. Palavra dela: ""essa aba em si só vamos desenhar e deixar placeholder mesmo. E ela só passa a existir quando tiver todas as features no projeto integrando e funcionando."" POR QUE ISSO ESTÁ CERTO: sem forma de medir ""o controle chega nesse lançador"", a coluna vira instrumento que mente — e esta casa já pagou caro por isso mais de uma vez. Desenhar agora guarda o lugar e o conceito; ligar depois, com medição de verdade. E OS CINCO BOTÕES DE STEAM FICAM NA SISTEMA — ela decidiu contra a minha recomendação, e a razão dela é coerente: a aba nova não existe ainda.",2026-08-26,"as rodadas de pergunta do redesenho, 26/08",ela,,,
D-O-CADEADO-DO-AUTOSWITCH-SAI,"A caixa ""Não trocar de perfil sozinho"" sai — o perfil ativo já diz isso",O cadeado do autoswitch continua na tela?,,,,,,,,,2026-08-26,decidida,"SAI. Palavra dela: ""some — o perfil ativo já diz isso."" Se ela escolheu um perfil à mão, ele vale até ela mudar; se deixou automático, ele troca. O QUE SE PERDE, e fica registrado: o caso ""quero o automático ligado, mas não agora"". A flag `autoswitch_locked` continua no daemon e persiste em disco — o que sai é a caixa na tela.",2026-08-26,"as rodadas de pergunta do redesenho, 26/08",ela,,,
D-OS-CARDS-DA-ABA-CONTROLES,"Todos os cards empilhados; ao escolher um controle na fita, só ele abre",Como os cards se organizam com quatro controles?,,,,,,,,,2026-08-26,decidida,"OS DOIS COMPORTAMENTOS, e o gatilho é a fita: com ""Todos"" ativo, um card por controle, empilhados, todos completos. Ao setar um controle na fita (""Sony 1""), só ele abre — os outros viram linha fina (SVG, nome, bateria). Palavra dela: ""1 e 3, quando eu seto o controle lá em cima."" É coerente com a regra da fita: escolher um controle no topo já muda o que a aba mostra, sem seletor próprio.",2026-08-26,"as rodadas de pergunta do redesenho, 26/08",ela,,,
D-O-TOUCHPAD-GANHA-LINHA-E-DISPARO,"As três regiões do touchpad ganham linha na tabela, e o daemon passa a dispará-las","As três regiões do touchpad, guardadas no perfil e sem linha na tela, ganham lugar?",,,,,,,,,2026-08-26,decidida,"GANHAM LINHA E O DAEMON PASSA A DISPARAR. Hoje o perfil GRAVA as três (Touchpad esquerdo, meio, direito), a tela diz que elas existem numa frase, e não há como mexer nelas — nem disparo. É promessa pela metade. Com a linha na tabela e o disparo ligado, o que o perfil já guarda passa a valer.",2026-08-26,"as rodadas de pergunta do redesenho, 26/08",ela,,,
D-PROGRAMAS-NO-LUGAR-DE-TERMINAL,"""Terminal"" vira ""Programas"" — o ambiente de todo o resto","O ambiente ""Terminal"" continua no seletor?",,,,,,,,,2026-08-26,decidida,"VIRA ""PROGRAMAS"". Palavra dela: ""bota aí, sei lá, um Programas, algo assim, pra ser todo o resto."" O seletor fica: Todos · Steam · Estilo de Jogo · Jogo · Jogo da Steam · Programas. ""Editor"" e ""Navegador"" saíram; ""Terminal"" era estreito demais para o que sobrava.",2026-08-26,"as rodadas de pergunta do redesenho, 26/08",ela,,,
D-OS-PLUGINS-APARECEM-ONDE-AGEM,Plugins não ganham seção própria: aparecem no lugar onde o efeito deles chega,"Os plugins (carregar, listar, recarregar) ganham lugar na tela?",,,,,,,,,2026-08-26,decidida,"APARECEM ONDE AGEM, e ela deu o exemplo: ""eles entram em cada canto que são chamados dentro da GUI. Veja o caso que temos do nome dos jogos na aba Perfis."" O nome do jogo ao lado do appid é efeito de plugin, e ele aparece exatamente onde importa — não numa lista de plugins. É a regra: infraestrutura se mostra pelo efeito, não pelo nome.",2026-08-26,"as rodadas de pergunta do redesenho, 26/08",ela,,tests/unit/test_a_09_sistema_fecha_a_paridade.py::test_ver_os_plugins_saiu_da_aba_com_a_trava_dele,
D-O-QUE-FAZER-VIRA-DICA-SEM-EXCECAO,"O ""O que fazer"" das linhas de alerta vira dica também, sem exceção","Numa linha de alerta, o o-que-fazer fica visível ou vira dica?",,,,,,,,,2026-08-26,decidida,"VIRA DICA TAMBÉM, SEM EXCEÇÃO. Ela recusou a exceção que eu recomendei (manter o o-que-fazer visível nas linhas amarelas e vermelhas) e escolheu a regra única. O PREÇO FOI POSTO NA MESA e ela escolheu assim: quem está com problema vê que há um problema, e precisa passar o mouse para saber a saída. A regra da casa (""toda frase de diagnóstico diz o quê, por quê e o que fazer"") continua valendo para o CONTEÚDO da frase — o que muda é onde ela mora.",2026-08-26,"as rodadas de pergunta do redesenho, 26/08",ela,,,
D-A-CONEXOES-GRAVA-NA-HORA-E-LEMBRA,As declarações da Conexões gravam na hora e são lembradas mesmo sem Salvar,"Quando as declarações da aba Conexões gravam, agora que Aplicar não salva?",,,,,,,,,2026-08-26,decidida,"GRAVAM NA HORA E SÃO LEMBRADAS. Palavra dela: ""aplicar e salvar, além de gravar na hora e lembrar se não salvar."" São fatos da sala, não ajuste de perfil — ""o adaptador está nesta entrada"" é verdade independente do jogo aberto. E ELA LEMBROU DO MAPEADOR VIA USB: ""lembra da ideia do mapeador via USB, tipo sair plugando o controle + USB em todas as portas pra irmos mapeando o cenário."" É a janela de calibrar entradas, que a LEVA-1 construiu — e que precisa desse gravar-na-hora para funcionar com o daemon parado.",2026-08-26,"as rodadas de pergunta do redesenho, 26/08",ela,,,
D-AS-NOVE-QUE-ESPERAVAM-A-PALAVRA-DELA,As nove sprints que diziam ENTREGUE — AGUARDANDO A PALAVRA DELA estão aceitas,"Nas fotos de 26/08 da aba Status e de Perfis, o que ela NÃO marcou está aceito, ou ela só não chegou lá?",,,,,docs/process/SPRINT_ORDER.md §4,,,recorte: nove notas datadas,2026-08-28,decidida,"ACEITO. Palavra dela, 28/08: as nove fecham. São STATUS-SIMETRIA-01 e -02, ALINHA-DUAS-LINHAS-01, PAINEL-DA-VERDADE-01, CARD-UNICO-01, VAO-01, EMPATE-01, PERFIL-ATUAL-01 e PLAYER-01. A pergunta estava escrita desde 26/08 no CENSO (docs/process/2026-08-26-CENSO-as-sprints-que-os-desenhos-substituem.md:112) e nunca tinha sido feita. CORREÇÃO, medida no mesmo dia: a fila NÃO cai. As nove não estavam na §4 do SPRINT_ORDER — grep de cada nome devolve zero, e o censo de 26/08 já dizia ""nenhuma está na §3"". Foram fechados nove DOCUMENTOS, não nove linhas de fila. Quem coordena afirmou 123→114 sem conferir, e o balanço de 28/08 derrubou.",2026-08-28,"turno dela de 28/08/2026, rodadas 1 e 2 de perguntas",ela,,,
D-A-FATIA-DO-RADIO-VIRA-TURNO,"A unidade de tempo do rádio na tela chama-se TURNO, não fatia nem faixa","Ela mandou trocar fatias por faixas — mas faixa já é a banda de 2,4 GHz na mesma tela. Qual palavra?",,,,,"novo-layout/_ferramentas/aba08.py (11 lugares) e integrations/plano_de_radio.py, radio_da_mesa.py",,,troca de palavra na tela; o código do daemon usa fatia noutro sentido e NÃO se toca,2026-08-28,decidida,"TURNOS. Ela pediu ""faixas"" e, vista a colisão, validou: ""a ideia é mostrar algo tipo porções, divisões, turnos funciona também"". MEDIDO: na aba Conexões, a poucos centímetros da régua, já estava escrito ""faixa de 2,4 GHz"" três vezes (08-conexoes.html:2598, :2621, :2684) — e a régua conta TEMPO (625 µs por turno, integrations/radio_da_mesa.py:17), não frequência. Adotar ""faixas"" criaria dois sentidos para a mesma palavra na mesma tela, que é exatamente o defeito que ela mandou caçar no mesmo pedido.",2026-08-28,"turno dela de 28/08/2026, rodadas 1 e 2 de perguntas",ela,,,
D-MAPEAR-ENTRADAS-E-NAO-PORTAS,"As duas janelas da mesa chamam-se ""Mapear Entradas"" e ""Mapear Entrada a Entrada""","Ela pediu ""Mapear Portas"" e ""Mapear Porta a Porta"" — mas a D-A-PALAVRA-ENTRADA (24/08) diz que a aba fala entrada, nunca porta. Qual vence?",,,,,app/actions/config/secao_mesa.py (as duas frases saiu com a janela GTK em 02/10/2026); app/widgets/mapa_da_mesa.py e calibrar_entradas.py,,,renome dos dois botões e do título das duas janelas,2026-08-28,decidida,"ENTRADAS. A D-A-PALAVRA-ENTRADA fica de pé, e os nomes novos a respeitam: ""Desenhar a minha mesa"" vira ""Mapear Entradas"", e ""Ensinar as minhas entradas"" vira ""Mapear Entrada a Entrada"". MEDIDO: nenhum portão pegava a divergência — test_a_marreta_respeita_o_silencio.py:77 olha o nome acessível do cartão e test_a_porta_dela_chega_na_frase.py:57 olha a coluna ""Onde está""; as duas palavras passariam verde lado a lado.",2026-08-28,"turno dela de 28/08/2026, rodadas 1 e 2 de perguntas",ela,,,
D-O-GAMEPAD-VIRTUAL-SAI-DA-INTERFACE,O quadro Gamepad virtual sai da interface; o Perfil de Bateria toma o lugar dele na Sistema,"O bloco Gamepad virtual da aba Sistema fica, desce para os detalhes técnicos, ou sai?",,,,,novo-layout/_ferramentas/aba09.py; gui/main.glade (bloco da Emulação); docs/process/sprints/2026-08-27-ONDA-SISTEMA-02-*.md,,,"o bloco sai; a ONDA-SISTEMA-02 é redestinada, não apagada às cegas",2026-08-28,decidida,"SAI DA INTERFACE. Palavra dela, 28/08: ""some da interface; o controle já tá certinho hoje. aquilo foi pra outro momento que não faz sentido na interface hoje."" SUBSTITUI a parte da D-A-EMULACAO-MORRE que mandava UINPUT/Device/VID:PID/Controles-detectados para a Sistema — a razão daquela decisão (não perder diagnóstico ao matar a aba Emulação) caducou porque o produto passou a resolver o vpad sozinho. CONSEQUÊNCIA A TRATAR ANTES DE APAGAR: a ONDA-SISTEMA-02 existe só para construir esse bloco e é dependência declarada da CONEXÕES-06 (SPRINT_ORDER.md:140, ""primeiro o dono antigo solta"") — o microfone precisa de outro caminho para trocar de dono, senão fica com dono duplo.",2026-08-28,"turno dela de 28/08/2026, rodadas 1 e 2 de perguntas",ela,D-A-EMULACAO-MORRE,,
D-CALIBRAR-SENSORES-CALIBRA-A-MESA-INTEIRA,O botão Calibrar sensores fica onde está e passa a calibrar os quatro controles de uma vez,"Os interruptores de sensor descem para cada controle. O Calibrar sensores desce junto, sai, ou fica?",,,,,novo-layout/_ferramentas/aba02.py:737-739; docs/process/sprints/2026-08-27-ONDA-CONTROLES-08-*.md,,,os dois interruptores mudam de dono; o Calibrar ganha escopo de mesa,2026-08-28,decidida,"FICA, E CRESCE. Palavra dela, 28/08: ""ontem vc me deu um argumento bom, mas se conseguirmos fazer funcionar poderiamos deixar ele lá e ele mapearia os 4 controles ao mesmo tempo."" É uma quarta saída, que ela criou: os interruptores de Giroscópio e Acelerômetro descem para dentro do card de CADA controle (são estado por peça), e o Calibrar continua no cabeçalho porque é gesto de MESA. A ONDA-CONTROLES-08 vive e ganha requisito novo: calibrar os quatro numa passada. A D-CALIBRAR-SENSORES-NO-NATIVO continua valendo — o ""se conseguirmos"" é ela.",2026-08-28,"turno dela de 28/08/2026, rodadas 1 e 2 de perguntas",ela,,,
D-O-GATILHOS-DE-QUATRO-COLUNAS-ESTA-APROVADO,"O elogio à aba Gatilhos vale para o desenho de quatro colunas, o de hoje","O ""aba gatilhos perfeita"" é de 27/08 e valia para o desenho de duas colunas; em 28/08 o gerador virou quatro colunas e o selo continuou colado. O selo acompanha?",,,,,novo-layout/_ferramentas/aba03.py; docs/process/sprints/2026-08-27-ONDA-GATILHOS-*.md,,,reescrita de sete sprints contra os endereços de hoje,2026-08-28,decidida,"ACOMPANHA. Palavra dela, 28/08: ""a aba gatilhos atual é perfeita."" O selo vale para o arquivo de hoje — a grade de quatro colunas, uma por controle, que é o mesmo padrão de Iluminação e Vibração que ela já aprovara. CONSEQUÊNCIA: as sete sprints da onda Gatilhos foram escritas contra o desenho antigo e citam endereços que se deslocaram — a 02 cita oito linhas do gerador e as oito mudaram, e cinco frases citadas entre aspas não existem mais no arquivo. Elas se reescrevem contra o arquivo de hoje, não contra a memória.",2026-08-28,"turno dela de 28/08/2026, rodadas 1 e 2 de perguntas",ela,,,
D-O-SEM-TETO-SAI-DOS-DOIS-LUGARES,"A leitura ""Sem teto"" sai da capa do Desempenho E das quatro linhas de controle; sobra o seletor","Ela mandou tirar ""Teto da Vibração — Sem teto"" e deixar só o seletor. O texto existe em dois lugares da aba. Qual sai?",,,,,novo-layout/_ferramentas/aba08.py:824 e :1157,,,"some a leitura, fica o seletor",2026-08-28,decidida,"OS DOIS. MEDIDO: o que bate letra por letra com o pedido dela é a capa da seção Desempenho (aba08.py:804), mas ela está em y=834, fora da dobra de um miolo que acaba em y=713 — ela não a viu. O que está visível são as quatro linhas ""Vale Sem teto, do global, abaixo"" (y=271 a 384). Tirar os dois resolve de quebra um defeito que a outra decisão do mesmo dia cria: com o teto global mudando-se para a Sistema, a palavra ""abaixo"" passa a mentir.",2026-08-28,"turno dela de 28/08/2026, rodadas 1 e 2 de perguntas",ela,,,
D-O-RECIBO-DO-RODAPE-ENCURTA-NAO-SAI,"O recibo do rodapé encurta, no mockup e no produto — não é removido","Ela escreveu ""Remover do rodapé de cada página: Anotado. Clique em Aplicar…"". Sai ou encurta?",,,,,novo-layout/_ferramentas/monta.py (a div.recibo das dez abas); app/actions/relancar.py:12,,,"uma frase, dez páginas, e o ajuste de duas sprints",2026-08-28,decidida,"ENCURTA. Perguntada se saía do mockup, do produto ou dos dois, ela respondeu: ""deixa ela encurtada tanto lá quanto no mockup."" O pedido literal dizia remover; a intenção era o tamanho. MEDIDO: no produto a linha fixa não existe — o que existe é um aviso passageiro com outra redação (app/actions/relancar.py:12). As duas sprints que mandam construir o recibo no produto (ONDA-JOGAR-09, posição 0 da fila, e ONDA-PERFIS-08, com teste que morde) passam a pedir a forma curta.",2026-08-28,"turno dela de 28/08/2026, rodadas 1 e 2 de perguntas",ela,,,
D-A-FITA-VIVE-ONDE-A-ABA-AJUSTA-POR-CONTROLE,A fita acende na aba que ajusta algo do controle escolhido e esmaece nas outras,A fita Ajustes vão para está em seis contradições entre o mockup e as sprints. Quando ela vale?,,,,,app/app.py:1226-1231 (_ALVO_POR_ABA); as seis sprints que a citam,,,"uma regra, seis lugares",2026-08-28,decidida,"VIVA ONDE A ABA AJUSTA POR CONTROLE, ESMAECIDA ONDE NÃO AJUSTA. É a regra que o produto já tinha e que o mockup contradizia em seis lugares de uma vez: Jogar (o mockup a quer viva porque a máscara virou por controle; a ONDA-JOGAR-09 mandava esmaecer), Gatilhos, Iluminação, Vibração e Lançadores (o mockup manda inerte e três sprints dependem de ler o alvo), e Conexões (o produto a desliga de propósito, com o motivo em código). Nas abas de grade de quatro colunas a fita esmaece: a coluna já diz de quem é.",2026-08-28,"turno dela de 28/08/2026, rodadas 1 e 2 de perguntas",ela,,,
D-O-DESEMPATE-DE-PERFIS-FICA-COMO-REDE,"A regra de desempate de perfis fica, como rede, mesmo com o empate proibido","A PERFIS-4 quer o empate impossível. A regra de desempate que existe hoje sai, ou fica de reserva?",,,,,profiles_actions.py:146 e :245; manager.py:616; docs/process/sprints/2026-08-27-ONDA-PERFIS-04-*.md,,,nenhum código novo: é não apagar o que existe,2026-08-28,decidida,"FICA COMO REDE. Palavra dela, 28/08: ""4 fica caso algo erre."" A EMPATE-01 (concluída) desempata pela coluna Quando usar e pelo incumbente; a PERFIS-4 passa a IMPEDIR o empate na entrada. As duas convivem: a proibição é a primeira linha, o desempate é o que segura se ela falhar. Fecha a quarta pergunta do CENSO de 26/08, aberta desde então.",2026-08-28,"turno dela de 28/08/2026, rodadas 1 e 2 de perguntas",ela,,,
D-AS-PERGUNTAS-DA-SALA-MORAM-NO-MAPEAR-ENTRADAS,"As duas perguntas que só ela pode responder ficam dentro do Mapear Entradas, não no quadro do exame","O gerador do mockup moveu as duas perguntas da sala (altura do dongle, gente entre ele e o sofá) para dentro da janela do desenho em 27/08, por altura. A ONDA-CONEXOES-03 as pede como terceira coluna do quadro ""Está tudo certo?"", na aba. Onde elas moram?",,,,,novo-layout/_ferramentas/aba08.py (a pop-up #mapear-entradas); src/hefesto_dualsense4unix/app/actions/config/secao_mesa.py:144 e :344 (onde estão hoje); docs/process/sprints/arquivados/2026-08-27-ONDA-CONEXOES-03-o-exame-em-tres-colunas.md:43,,,reescrever a ONDA-CONEXOES-03 (o exame volta a duas colunas) e mudar o dono do campo no produto,2026-08-29,decidida,"FICAM NA POP-UP. Palavra dela, 29/08: ""Ficam na pop-up, e eu corrijo a sprint."" A razão que sustenta: a pergunta é sobre a SALA, e a sala é o assunto do desenho do gabinete — quem está desenhando onde cada aparelho mora é quem sabe se o dongle fica acima da cabeça. CONSEQUÊNCIA: a ONDA-CONEXOES-03 deixa de pedir a terceira coluna e o exame fica em DUAS. ATENÇÃO À PROCEDÊNCIA: a mudança de 27/08 NÃO tinha decisão dela — quem decidiu foi um comentário de gerador, com razão de ALTURA (110px). O cético de 29/08 achou a divergência medindo o mockup contra a fila. Agora ela é decisão, e a razão é o assunto, não o espaço.",2026-08-29,"o cético das pop-ups, 29/08: o mockup e a ONDA-CONEXOES-03 discordavam e nenhuma decisão dela cobria",ela,,,
D-A-ORDEM-DA-TIRA-E-A-DO-MOCKUP,A ordem das dez abas é a do mockup que ela aprovou,"Três ordens da tira estão escritas, todas dela. Qual vale?",,,,,docs/process/SPRINT_ORDER.md §1.2; novo-layout/_ferramentas/monta.py (a tira),,,,2026-08-29,decidida,"A DO MOCKUP. Jogar · Controles · Gatilhos · Iluminação · Vibração · Navegação · Lançadores · Conexões · Sistema · Perfis. É a única que ela viu com os olhos, aba por aba. SUBSTITUI a ordem da D-AS-DEZ-ABAS-E-SEUS-NOMES e a da D-A-TIRA-COMECA-EM-JOGAR-E-TERMINA-EM-PERFIS, que ganham nota datada. Trava a ONDA-JOGAR-09, que é a moldura das dez abas e a posição 0 da fila.",2026-08-29,"a rodada das 21 dúvidas abertas, 29/08/2026",ela,D-AS-DEZ-ABAS-E-SEUS-NOMES|D-A-TIRA-COMECA-EM-JOGAR-E-TERMINA-EM-PERFIS,,
D-OUVIR-NO-CONTROLE-SAI-DE-VEZ,"O botão Ouvir no controle sai, e o contrato do redesenho se corrige",O contrato diz duas vezes que ele fica; ela mandou tirar em 27/08 e o mockup obedeceu. Quem vence?,,,,,docs/process/2026-08-26-O-REDESENHO-as-dez-abas.md:209 e :222,,,,2026-08-29,decidida,"SAI. Palavra dela: ""inclusive tirar o famigerado ouvir no controle"" (27/08). As linhas 197 e 222 do contrato do redesenho ganham lápide datada. O mockup já está certo; era o documento que estava velho — e enquanto ele dissesse 'fica', todo agente novo o reimplantaria.",2026-08-29,"a rodada das 21 dúvidas abertas, 29/08/2026",ela,,,
D-DETECTAR-O-JOGO-MORA-EM-PERFIS,Detectar o jogo que está aberto mora na aba Perfis,"PERFIS-03 e LANÇADORES-06 são a mesma sprint, com nome de arquivo idêntico. Qual sai?",,,,,docs/process/sprints/2026-08-27-ONDA-PERFIS-03-*.md e ONDA-LANCADORES-06-*.md,,,,2026-08-29,decidida,"FICA EM PERFIS. É onde o perfil nasce, e o botão existe para preencher o campo do jogo. A LANÇADORES-06 sai, e a aba Lançadores ganha um atalho que chama a mesma coisa. Era a duplicata mais cara da fila, nomeada no §0.2 do SPRINT_ORDER como 'a mais cara'.",2026-08-29,"a rodada das 21 dúvidas abertas, 29/08/2026",ela,,,
D-O-DESPAUSAR-CHAMA-SE-RETOMAR-E-MORA-NA-SISTEMA,O botão de despausar chama-se Retomar e mora na aba Sistema,"Três sprints, três nomes, um botão: Continuar (JOGAR-10), Retomar (SISTEMA-01), gesto no controle (NAVEGAÇÃO-06).",,,,,novo-layout/_ferramentas/aba09.py; src/hefesto_dualsense4unix/app/actions/daemon_actions.py,,,,2026-08-29,decidida,"""RETOMAR"", NA SISTEMA. É o nome que o mockup da Sistema já mostra, e a Sistema é a aba do estado do Hefesto. As outras duas sprints passam a apontar para ela. AGRAVANTE MEDIDO que isso cura: hoje só o terminal desfaz a pausa — `daemon.resume` existe (ipc_server.py:121, ipc_handlers.py:1761) e nenhuma tela o chama.",2026-08-29,"a rodada das 21 dúvidas abertas, 29/08/2026",ela,,,
D-A-MASCARA-POR-CONTROLE-VALE-NO-APLICAR,"A máscara por controle vale ao clicar em Aplicar, mesmo com jogo aberto","Trocar a máscara destrói e recria o vpad, e há medição de que isso invalida o handle do jogo aberto. Quando vale?",,,,,src/hefesto_dualsense4unix/daemon/subsystems/gamepad.py:1065-1092; integrations/ponte_escada.py:353,,,,2026-08-29,decidida,"NO APLICAR, MESMO COM JOGO ABERTO. Ela assume o risco, e a tela avisa antes. É coerente com a regra que o `ponte_escada.como_subir` já aplica: com jogo vivo, quem autoriza recriar o vpad é o GESTO DELA — o Aplicar é gesto dela. O que o produto bloqueia de propósito é a troca automática pelo PERFIL (`vpad_recriacao_bloqueada_por_jogo origem=profile`), e essa continua bloqueada.",2026-08-29,"a rodada das 21 dúvidas abertas, 29/08/2026",ela,,tests/unit/test_mascara_por_controle_manda_no_vpad.py::test_o_aplicar_recria_quando_a_escolha_dela_muda,
D-DOIS-VPADS-COM-MASCARAS-DIFERENTES-JA-FUNCIONOU,Dois gamepads virtuais com máscaras diferentes no mesmo jogo já foi testado e funcionou,Um jogo aceita dois vpads com máscaras diferentes ao mesmo tempo? O módulo declara o risco como não medido.,,,,,src/hefesto_dualsense4unix/daemon/subsystems/gamepad.py (a declaração do risco),,,"a remedição é dela: dois controles, um jogo de co-op, máscaras diferentes",2026-08-29,decidida,"JÁ FUNCIONOU. Palavra dela, 29/08: ""Cara já fizemos isso antes, estranho não ter sido registrado, mas meço novamente e deu certo antes."" A OBSERVAÇÃO DELA SOBRE O APARELHO É FONTE PRIMÁRIA nesta casa. ELA VAI REMEDIR para o registro existir — e a lição é do processo, não do aparelho: uma medição dela que não vira registro faz a casa inteira travar uma sprint por um risco que já tinha sido derrubado. O módulo declara o risco como aberto; quando a remedição fechar, essa declaração ganha lápide.",2026-08-29,"a rodada das 21 dúvidas abertas, 29/08/2026",ela,,,
D-O-TETO-DA-VIBRACAO-E-150-E-A-TELA-DIZ-QUANDO-APARA,"O teto da vibração é 150%, e a tela diz quando aparou um perfil",O teto está escrito como 150 num lugar e 200 noutro. Qual vale?,,,,,novo-layout/_ferramentas/aba05.py (TETO = 150); src/hefesto_dualsense4unix/core/rumble.py,,,,2026-08-29,decidida,"150, E A TELA DIZ QUANDO APAROU. O mockup já mostra '150% Máx'. Quem tiver perfil gravado acima disso vê a tela dizer que o valor foi reduzido e de quanto para quanto — NUNCA em silêncio. Aparar calado é a classe de defeito que esta casa mais paga.",2026-08-29,"a rodada das 21 dúvidas abertas, 29/08/2026",ela,,,
D-O-MICROFONE-A-MAQUINA-DA-O-PADRAO-O-PERFIL-SOBREPOE,"O modo do microfone: a máquina dá o padrão, o perfil sobrepõe",O estado do microfone é POR MÁQUINA ou POR PERFIL? Trava a CONEXÕES-06 e muda o dono do campo.,,,,,src/hefesto_dualsense4unix/profiles/schema.py:230-239; app/actions/config/secao_mesa.py,,,,2026-08-29,caduca,"NOS DOIS: A MÁQUINA DÁ O PADRÃO, O PERFIL SOBREPÕE. É a mesma forma que ela já escolheu para o teto de vibração em 28/08 ('o global manda, o do controle sobrepõe') — uma gramática só para os dois casos. Resolve os quatro precedentes que discordavam: o que é fato da sala nasce na máquina, e o jogo que precisa de outro modo (máscara Xbox pede mic Emulado) o diz no perfil. DESTRAVA a CONEXÕES-06. · CADUCOU em 04/10/2026: o par «Virtual | Nativo» saiu da 02 pela D-0210-UM-MICROFONE-E-UM-ALTO-FALANTE-POR-CONTROLE; a chave `microfone: false` segue valendo só pelo «Desligado» da Conexões.",2026-08-29,"a rodada das 21 dúvidas abertas, 29/08/2026",ela,,,
D-A-REGUA-DE-WIDGET-CONTA-OS-VISIVEIS-COM-RADIO-COMO-UM,"A régua que conta widget na tela: visíveis, com grupo de rádios valendo um","O orçamento do redesenho (""145 hoje"") não reproduz: três réguas dão 239, 205 e 124. Qual conta?",,,,,docs/process/2026-08-26-O-REDESENHO-as-dez-abas.md:18; um script novo em scripts/,,,,2026-08-29,decidida,"VISÍVEIS, GRUPO DE RÁDIOS = 1. Dá 124 hoje. Conta o que a pessoa vê e pode tocar, e trata 'Economia/Balanceado/Máximo/Auto' como UM controle, não quatro — senão um grupo virando seletor 'perde três widgets' e vira falso alarme. VIRA SCRIPT VERSIONADO E PORTÃO: no fim das dez ondas, o número é o que prova a promessa 'nada se perdeu'. O 145 do documento sai, porque não tem método declarado e nenhuma régua o reproduz.",2026-08-29,"a rodada das 21 dúvidas abertas, 29/08/2026",ela,,,
D-A-REGUA-DO-ARRANJO-SE-DECIDE-COM-A-DIVERGENCIA-NA-MAO,A escolha entre as duas réguas do arranjo espera a divergência medida,plano_de_radio e arranjo_da_mesa respondem a mesma pergunta com réguas diferentes. Qual vence?,,,,,src/hefesto_dualsense4unix/integrations/plano_de_radio.py:195 e integrations/arranjo_da_mesa.py,,,,2026-08-29,decidida,"LER A DIVERGÊNCIA E VOLTAR — que é o que ela já decidira em 25/08 ('medir as duas antes de escolher'), e a medição JÁ EXISTE: `tests/unit/test_as_duas_reguas_do_arranjo_divergem_onde.py`. Quem coordena roda o teste, traz os casos concretos onde as duas discordam, e ela escolhe com o caso na mão. A CONEXÕES-04 continua travada até lá, e agora com prazo: uma volta.",2026-08-29,"a rodada das 21 dúvidas abertas, 29/08/2026",ela,,,processo
D-O-PERFIL-QUE-NUNCA-ENTRA-AVISA-NA-SISTEMA,O aviso do perfil que nunca entra mora no cartão de saúde da Sistema,"O detector de ""este perfil nunca vai entrar"" tem um chamador só: o terminal. Onde ele aparece?",,,,,src/hefesto_dualsense4unix/profiles/sanidade.py:291; novo-layout/_ferramentas/aba09.py,,,,2026-08-29,decidida,"NO CARTÃO DE SAÚDE DA ABA SISTEMA, junto com os outros diagnósticos ('Steam Input estava ligado em 2 jogos', 'Proton fixado'). Não polui a Perfis — que foi por que ela o cortou de lá DUAS vezes — e deixa de ser invisível. É a queixa mais antiga desta casa: o detector nomeia catch-all vencendo perfil de jogo, prioridade fora da faixa e empates, e só falava por terminal.",2026-08-29,"a rodada das 21 dúvidas abertas, 29/08/2026",ela,,,
D-O-TODOS-DA-FITA-ABRE-OS-QUATRO-CARTOES,"O chip ""Todos"" da fita também abre os quatro cartões do acordão","O acordão dá dois sentidos ao ""Todos"": ""os ajustes vão para todos"" e ""abra os quatro"". Colide?",,,,,novo-layout/_ferramentas/aba02.py e aba08.py,,,,2026-08-29,decidida,"FAZ AS DUAS COISAS, e não é ambiguidade: se os ajustes vão para todos, faz sentido ver todos. Um significado só, dito de dois jeitos — e é o que a frase dela de 26/08 já desenhava ('1 e 3, quando eu seto o controle lá em cima'). Vale nas duas abas com acordão: Controles e Conexões.",2026-08-29,"a rodada das 21 dúvidas abertas, 29/08/2026",ela,,,
D-O-MODO-STEAM-ENTRA-E-VIRA-SPRINT,"O Modo Steam entra na aba Navegação e vira sprint, sem medição prévia","O Modo Steam tem zero código, zero sprint e zero medição de se o Modo Jogo da Steam obedece ao nosso vpad. Fica?",,,,,novo-layout/_ferramentas/aba06.py (D_STEAM),,,,2026-08-29,decidida,"FICA COMO ESTÁ, E ALGUÉM CONSTRÓI. Decisão dela contra a recomendação de quem coordena, que era medir antes. RISCO REGISTRADO, e ele é dela agora: ninguém mediu se o Modo Jogo da Steam aceita o gamepad virtual que o Hefesto entrega. Se não aceitar, os três degraus da tela não fazem nada — e a sprint descobre isso depois de escrita, não antes.",2026-08-29,"a rodada das 21 dúvidas abertas, 29/08/2026",ela,,,
D-O-REMAPEAMENTO-BOTAO-A-BOTAO-ENTRA,"O remapeamento botão a botão entra, como sprint própria","As 21 linhas de 'L1 passa a valer como R1' têm zero código e zero sprint, e já nomeiam um botão da aba.",,,,,novo-layout/_ferramentas/aba06.py (TELA_BOTOES / #remapeamento),,,,2026-08-29,decidida,"ENTRA, E VIRA SPRINT PRÓPRIA. É feature real: trocar botão por botão é o que salva jogo que não deixa remapear. As 21 linhas saem de `docs/data/pecas-do-dualsense.csv` — lista digitada diverge da fonte no primeiro botão que entrar ou sair. E é o que justifica a pop-up dividida em duas, decidida em 28/08.",2026-08-29,"a rodada das 21 dúvidas abertas, 29/08/2026",ela,,,
D-AS-TRES-REGIOES-DO-TOUCHPAD-VOLTAM,"As três regiões do touchpad voltam, e a decisão de 09/08 caduca","As três regiões foram tiradas em 09/08 com razão medida, e o mockup as devolveu sem registro. Voltam?",,,,,novo-layout/_ferramentas/aba06.py (TOUCH_REGIOES),,,,2026-08-29,decidida,"VOLTAM — palavra dela, 29/08: ""eu mudei de ideia"". A razão que sustenta: as três regiões servem no uso de MOUSE (clique esquerdo, meio e direito num touchpad só), que é outro uso do que motivou a remoção em 09/08. A decisão de 09/08 ganha nota datada; não se apaga decisão medida.",2026-08-29,"a rodada das 21 dúvidas abertas, 29/08/2026",ela,,,
D-OS-CINCO-MODOS-DE-GATILHO-CRESCEM-NA-PROPRIA-ABA,"Os cinco modos de gatilho com mais ajustes crescem na aba, que passa a rolar",Cinco dos dezenove modos têm até 10 barras e a caixa comporta 4. Onde ficam os ajustes que não cabem?,,,,,novo-layout/_ferramentas/aba03.py,,,,2026-08-29,decidida,"A CAIXA CRESCE E A ABA ROLA. Decisão dela contra as duas alternativas (pop-up própria, ou esconder os seis). CONSEQUÊNCIA MEDIDA: a aba Gatilhos fecha hoje EXATA em 757px, sem folga — escolher um dos cinco modos passa a empurrar a aba para baixo. É o preço, e ela o aceitou para não criar mais uma janela.",2026-08-29,"a rodada das 21 dúvidas abertas, 29/08/2026",ela,,,
D-A-METRALHADORA-TEM-QUATRO-AJUSTES,A Metralhadora mostra quatro ajustes; os outros dois do código não vão à tela,"A cena do mockup mostra quatro ajustes e o código tem seis, com outros nomes. Quantos vão à tela?",,,,,novo-layout/_ferramentas/aba03.py; o modo Machine Gun no core dos gatilhos,,,,2026-08-29,decidida,"QUATRO — Força, Frequência, Início do curso e Fim do curso. Os dois que sobram no código não mudam nada que se sinta na mão, ou são derivados dos outros quatro. Ela lê o aparelho melhor do que quem coordena lê o código, e a pergunta foi feita em vez de assumida. Quem executar deve REGISTRAR quais são os dois e por que não aparecem — para ninguém os 'redescobrir' e reimplantar.",2026-08-29,"a rodada das 21 dúvidas abertas, 29/08/2026",ela,,,
D-ARCO-DE-FLECHA-SEM-O-INGLES,"O modo de gatilho chama-se ""Arco de flecha"", sem o (Bow)",É o único dos dezenove com nome estrangeiro na tela. O inglês entre parênteses fica?,,,,,src/hefesto_dualsense4unix/app/actions/trigger_specs.py (os dois rótulos),,,,2026-08-29,decidida,"SÓ ""ARCO DE FLECHA"". O inglês sai. O projeto é em português e há portão que reprova inglês na tela — este passou porque estava entre parênteses. Preço medido: uma linha, e NENHUM perfil deixa de abrir, porque o nome na tela não é a chave gravada no disco. CORREÇÃO DE FATO, no mesmo dia: quem coordena disse a ela que era ""o único dos dezenove"" e que estava no mockup. As DUAS afirmações eram falsas, e a medição as derrubou: (a) são DOIS — `trigger_specs.py` traz ""Arco de flecha (Bow)"" E ""Disparo (Weapon)""; (b) o MOCKUP já está limpo — `aba03.py:95` e `:152` dizem ""Arco de flecha"" e ""Disparo"", sem parêntese, desde que ela aprovou a aba. CONSEQUÊNCIA: a decisão dela não muda o mockup, que já obedece. Ela vale para o PRODUTO, no transplante, e cobre os dois pela FORMA — o inglês entre parênteses sai do rótulo de tela.",2026-08-29,"a rodada das 21 dúvidas abertas, 29/08/2026",ela,,,
D-OS-OITO-ESTILOS-DE-JOGO-NASCEM-NO-MOCKUP,"Os oito Estilos de Jogo que faltam nascem desenhados, para ela ver",Só o FPS tem conteúdo aprovado por escrito; os outros oito travam metade da PERFIS-04.,,,,,novo-layout/_ferramentas/aba10.py; docs/process/sprints/2026-08-27-ONDA-PERFIS-04-*.md,,,,2026-08-29,decidida,"QUEM COORDENA PROPÕE OS OITO NO MOCKUP, COM OS VALORES DE CADA CAMPO VISÍVEIS LADO A LADO, E ELA CORRIGE CLICANDO. É o caminho que funcionou nas dez abas: ela decide VENDO, não lendo. Cada estilo define de uma vez gatilho, luz, vibração, som, sensores e máscara.",2026-08-29,"a rodada das 21 dúvidas abertas, 29/08/2026",ela,,,
D-A-CORRENTE-DO-CLEAN-ROOM-SAI,A corrente CR-03 → CR-04 → CR-06 sai do disco; o Hefesto vive com o catálogo de efeitos que já tem,"A CR-03 (a bancada de medir efeito com o controle na mão) foi retida por ordem dela e é elo de corrente. Corta só ela, a corrente inteira, ou fica?",,,,,"docs/process/sprints/2026-07-25-CR-0{3,4,6}-*.md; docs/process/CLEAN-ROOM.md; SPRINT_ORDER.md §4 Faixa 5 (não a 6 — as três são ""o aparelho: luz, som, gatilho, rádio""), §2.2 e §2.3, e a tabela do clean-room; docs/protocol/curvas-proprias.md",,,26 documentos apontam para as três; cada ponteiro precisa de destino ou de lápide,2026-08-29,decidida,"A CORRENTE INTEIRA SAI. Palavra dela, 29/08: primeiro ""corta essa sprint"" sobre a CR-03 e, posta a consequência na mesa, ""Corta a corrente inteira — CR-03, CR-04 e CR-06"". A razão que sustenta: as três só fazem sentido juntas — sem a bancada de medir (CR-03) não há efeitos da casa (CR-04), e sem eles não há o que devolver ao ecossistema (CR-06). O Hefesto passa a viver com o catálogo de efeitos que já tem. SUBSTITUI a ordem dela de 26/08 que as preservava (CENSO:79, ""Preservadas por ordem dela (specs e bancada) — nenhuma tocada: … CR-03/04/06""). A fala mais recente vence, e o git guarda o histórico. MEDIDO ANTES DE CORTAR: as três são PLANO, não medição — 49, 73 e 84 linhas de objetivo, entregas e critério, com todo ""medido"" em checkbox não marcado. Nada de medido se perde. O QUE PRECISA SER TRATADO: 26 documentos as citam, entre eles a ONDA-GATILHOS-05, que está na fila e aponta para a CR-03. Cada ponteiro ganha destino ou lápide antes do apagamento, e o corte sai com manifesto, como a faxina de 27/08. CONTAGEM: a §4 do SPRINT_ORDER passa de 123 para 120 sprints abertas, e a Faixa 5 de 34 para 31.",2026-08-29,"a rodada das 21 dúvidas, 29/08 — e a consequência da corrente, levada a ela antes de executar",ela,,,
D-A-INTERFACE-NOVA-E-O-MOCKUP-DENTRO-DE-UMA-JANELA-GTK,"A interface nova é o mockup HTML rodando num WebView dentro da janela GTK3, não um emissor que reproduz o desenho","Em qual tecnologia construir a interface nova: o gerador do mockup emitindo GTK, ou o mockup HTML dentro de um WebView?",,,,,"src/hefesto_dualsense4unix/gui/main.glade (o Gtk.Notebook que recebe a página); install.sh (o binding, dep 'webkit2gtk'); novo-layout/ (o mockup, que passa a ser a interface)",,,"a memória vai de 62 para ~285 MiB PSS (4,6x); o enxerto substitutivo ainda não foi medido",2026-08-29,decidida,"O MOCKUP DENTRO DA JANELA. Palavra dela, 29/08, depois do veredito da convivência: ""sem impeditivo então. manda ve em tudo."" AS DUAS ROTAS FORAM PROVADAS E MEDIDAS COM A MESMA RÉGUA, e a diferença que decidiu não foi fidelidade — foi ACOMPANHAR. ROTA 3 (o gerador emitindo GTK): acerta o desenho (0,4% de tinta perdida, 0 de 28 regiões) e ERRA A LEITURA — mudou-se uma linha do mockup e a foto GTK saiu BYTE-IDÊNTICA. Três números estavam digitados no emissor. Custo real: 500-700 linhas POR ABA (o reuso das três extensões foi 0%, 0% e 8,9%). Sete das dez abas nunca foram encostadas, e a 01-jogar está fora por construção (não tem gerador). ROTA WEBKIT: acompanha por construção (105,5->109,8 px, igual ao Chrome a 0,1px em 8 medidas); as DEZ abas carregam, com .quadro e rodapé iguais ao Chrome AO PIXEL; as duas pontes custam 31 linhas UMA VEZ; :hover fotografado vivo (a rota 3 tem zero fotos, com 91 ocorrências); Tab e Enter reais chegam ao Python; e a bomba dos 130 valores a 2 Hz custa 1,95 ms — 0,4% do orçamento. A CONVIVÊNCIA COM O GTK3 FOI MEDIDA e é o que destravou a decisão: GTK 3.24.41 + WebKit2 4.1 no mesmo processo, com o webview enxertado no main.glade REAL (376 objetos em 56 ms, virando a 12ª página do Notebook do produto). On-screen custa o mesmo que offscreen, e nem com compositing forçado nasce um terceiro processo. O PREÇO, medido e aceito por ela: a memória vai de 62 para ~285 MiB PSS (4,6x). No FLATPAK o peso de pacote é ZERO — o org.gnome.Platform//47 que ela já usa traz a biblioteca e o typelib. O QUE AINDA NÃO FOI MEDIDO, e vai primeiro: o enxerto SUBSTITUTIVO. O provado foi ADITIVO (uma 12ª página); ninguém mediu TROCAR uma página, e é onde as 60.862 linhas que hoje chegam aos widgets por builder.get_object() reaparecem. É aí que o custo da rota 3 pode voltar com outra roupa.",2026-08-29,"as duas provas de 28 e 29/08, e a medição da convivência que só foi possível depois de ela instalar o binding",ela,,,
D-O-CONTROLE-E-LEMBRADO-POR-IDENTIDADE-DENTRO-DE-CADA-PERFIL,"Cada controle é lembrado DENTRO de cada perfil de jogo, pela identidade — a mesma no cabo e no rádio","O que o perfil de jogo guarda por controle, e o que faz um controle continuar sendo O MESMO quando muda de transporte?",,,,,"src/hefesto_dualsense4unix/profiles/schema.py:1001 (controllers: dict[str, ControllerOverrides]); :1114 (a chave JÁ é o MAC normalizado de 12 hex); ControllerOverrides tem leds, triggers, rumble, speaker — e mais nada",,,,2026-08-29,decidida,"DENTRO DE CADA PERFIL DE JOGO, CADA CONTROLE É LEMBRADO PELA IDENTIDADE, e a identidade NÃO MUDA com o transporte. Palavra dela, 29/08/2026: *""minha ideia é termos os perfis do jogo, dentro de cada perfil de jogo cada controle tem que ser lembrado, identidade via usb e via bt. E a memória daquele controle dentro do perfil deve ser preservada. (...) Ele sempre vai jogar com o controle Z, independente do modo de conexão ou se tá via bt ou cabo, o perfil do jogo y deve se lembrar de nós dois. E se eu adicionar o controle w, o mesmo segue pra ele.""* · O CASO DE USO É REAL E TEM NOME: ela e o irmão, os dois autistas, cada um com o SEU controle, sempre. O produto tem de sustentar isso sem que ninguém reconfigure nada. · E ELA FECHOU O ESCOPO: *""como produto final, sem se apegar ou se adaptar aos meus controles reais a ideia é que funcione como acessibilidade pra qualquer usuário simples""* — a régua não é a mesa dela, é qualquer mesa. Dois controles, cinco, um só, trocando de dono. · METADE JÁ EXISTE, medido em 29/08: o perfil guarda `controllers` com a chave certa (MAC normalizado). O que falta é O QUE se guarda — hoje são quatro campos (leds, triggers, rumble, speaker) e o requisito pede o resto: a máscara (o ""vê como""), o jogador, giro, acelerômetro, microfone e touchpad. · A IDENTIDADE ESTÁVEL ENTRE CABO E RÁDIO ESTÁ PROVADA, e não é suposição: na TROCA DE BRAÇOS de 15/08/2026 os quatro controles mudaram de transporte e os quatro MACs continuaram colados às suas unidades — o que trocou de lado foi a rota ALSA, que é do transporte. O MAC é a chave, e ela atravessa.",2026-08-29,"29/08/2026, ela vendo a aba Controles viva pela primeira vez. Veio logo depois do achado da cor do plástico — a casa mede a cor desde 15/08 e o produto não a persiste —, e é o mesmo defeito uma camada acima: o produto reconhece o aparelho e esquece quem ele é.",ela,,,
D-A-REGUA-E-QUALQUER-MESA-NAO-A-DELA,"A régua do produto é qualquer usuário, não a mesa dela — GPL3, gratuito, e acessibilidade por desenho","Para quem este produto é medido: para a bancada dela, ou para quem nunca vai estar nesta sala?",,,,,"docs/data/cores-do-dualsense.csv (28 modelos, a fonte da verdade); novo-layout/mapa-do-controle.html (o banco de provas, feito para TODOS os controles); src/hefesto_dualsense4unix/integrations/cor_do_plastico.py (NOMES_DE_FABRICA, 21 — a lista curta)",,,,2026-08-29,decidida,"QUALQUER MESA, E O MAPA JÁ FOI FEITO ASSIM. Palavra dela, 29/08/2026: *""lembrando eu fiz o mapa de todos os controles, não pensando em mim, mas pensando em outros users, afinal o app vai ser GPL3 e gratuito e pensado em acessibilidade pra outros users com autismo ou não.""* · E na mesma conversa, sobre a memória por identidade: *""como produto final, sem se apegar ou se adaptar aos meus controles reais — a ideia é que funcione como acessibilidade pra qualquer usuário simples""*. · O QUE ISSO DECIDE, e não é filosofia: **uma prova que roda na mesa dela e passa não prova nada**. Cinco controles conhecidos é a amostra mais favorável possível — foi assim que o `hardware_version` pareceu identificar unidades quando só agrupava por revisão de placa. Toda régua desta casa que envolva aparelho tem de passar com um controle que ninguém aqui tem. · O CUSTO MEDIDO NO DIA EM QUE ELA DISSE ISTO: o desenho conhece **28** modelos de DualSense e o produto sabe nomear **21**. Os SETE que faltam — 13/14/15 HyperPop, ZC Ghost of Yōtei, ZD Marathon, ZE Genshin Impact, ZF 007 First Light — são justamente os mais novos. Quem comprou um deles abre o app e lê ""Não sei"" sobre o próprio controle, enquanto o desenho já sabe pintá-lo. Duas listas, dois donos: a curta tem de derivar da fonte.",2026-08-29,"29/08/2026. Ela corrigiu o enquadramento de quem coordena: eu tinha tratado o `mapa-do-controle.html` como o mapa dos controles DELA, e ele foi feito para todos. A correção vale mais que o mapa — ela redefine o que conta como prova neste projeto.",ela,,,
D-O-RADIO-NAO-E-VEREDICTO-E-ESTADO,"Tudo que funciona no cabo é possível no rádio — o PS5 é a prova, e um controle prova quatro","Quando o mapa diz `radio_aciona = não`, isso é limite do aparelho ou estado do nosso trabalho?",,,,,"docs/data/mapa-controles.csv (as colunas radio_aciona, radio_de_onde_sei, radio_ate_onde_foi, radio_aceita); html/specs.html",,,,2026-08-29,decidida,"É ESTADO, NUNCA VEREDICTO — e há prova de existência que não depende desta casa. Palavra dela, 29/08/2026: *""no ps5 todas as features que usamos aqui funcionam nativamente e nos 4 controles ao mesmo tempo, tudo via bt. No nosso, agora temos tecnologia física de sobra pra fazermos o mesmo. (...) tudo que existe via cabo é possível via bt também.""* · E HÁ UMA SEGUNDA PROVA, PERDIDA: numa sessão de testes rápidos, **todas as features** — absolutamente todas — foram usadas. O conhecimento não foi salvo em lugar nenhum e se perdeu quando a sessão acabou. **É exatamente esta perda que o mapa de canais existe para impedir**, e é por isso que ela pede que qualquer avanço seja marcado lá NA HORA, por quem o fizer — ela, o André ou quem coordena. · A REGRA DE EXTRAPOLAÇÃO, e é dela: **se funciona para um controle, funcionará para quatro.** O que escala não é a feature, é a rota física — e a rota já está resolvida: três adaptadores Bluetooth e uma malha de gateway, montados justamente para tirar o problema físico da frente. · O QUE ISSO DECIDE NA PRÁTICA, e vale para toda leitura do mapa: uma célula `radio_aciona = não` diz *""não conseguimos ainda, por esta pilha""* — nunca *""o aparelho não faz""*. O próprio mapa já escreve isso onde mais dói, na linha da cor do plástico: **""EIO NÃO É PROVA DE IMPOSSIBILIDADE DO APARELHO""** e **""escrever 'impossível' aqui seria a falácia do perfil ausente""**. Quem ler o mapa e concluir ""então não dá"" leu errado.",2026-08-29,"29/08/2026, ela dando contexto a quem coordena depois de uma sequência de achados em que o rádio aparecia como limite. O contexto inverte a leitura: o limite é do trabalho feito, não do aparelho. Ela pediu explicitamente que ficasse escrito — *""esse conhecimento se perde e nunca foi salvo em canto algum""*.",ela,,,
D-O-SOM-DO-CONTROLE-VIRA-DISPOSITIVO-VIRTUAL-DO-SISTEMA,"Alto-falante e microfone virtuais, ao estilo do gamepad virtual — o som do controle deixa de depender da máscara e do transporte","Como fazer o microfone e o alto-falante do controle funcionarem SEMPRE, mesmo com o jogo vendo um Xbox (que não tem microfone) e mesmo pelo rádio?",,,,,"src/hefesto_dualsense4unix/integrations/virtual_pad.py e uinput_gamepad.py (o PRECEDENTE: o gamepad virtual já é exatamente esta forma); docs/data/mapa-controles.csv, família `audio` (29 linhas abertas)",,,,2026-08-29,decidida,"CRIAR UM ALTO-FALANTE VIRTUAL E UM MICROFONE VIRTUAL, e o sistema operacional lê os dois. Ideia do Fable, trazida por ela em 29/08/2026: *""independente da máscara, independente do modo de conexão, fazer o microfone sempre funcionar e a caixa de som sempre funcionar — criando uma caixa de som virtual (driver ao estilo dos controles) e o micro virtual ao estilo dos controles, e fazer o sistema operacional ler eles. Pq mesmo com o jogo estando no modo Xbox sem mic nativo, dessa forma usaríamos o controle, o mic do controle via bt, e ele funcionaria.""* · POR QUE É A FORMA CERTA, e não é opinião: **é o mesmo padrão que já funciona neste produto.** O gamepad virtual (`uinput`) existe justamente para desacoplar o que o JOGO vê do que o APARELHO é — o jogo vê um Xbox, o aparelho continua sendo um DualSense. O áudio ganha a mesma camada: o jogo (e o sistema) veem dispositivos de áudio comuns, e quem os alimenta é o controle, pelo transporte que houver. · O QUE ISSO RESOLVE DE UMA VEZ: (a) o jogo em máscara Xbox não tem microfone — com o virtual, tem; (b) o áudio deixa de depender de o controle expor placa ALSA, e esta casa JÁ MEDIU que a placa ALSA é do TRANSPORTE (na troca de braços de 15/08, quem tinha placa passou a ser quem foi para o fio); (c) a rota do som para de ser pergunta de cada jogo. · E ELA SE PERDEU UMA VEZ. A ideia nasceu numa sessão com o Fable em que **todas as features foram usadas**, e nada daquilo foi salvo — a sessão acabou e o conhecimento sumiu. Está aqui para não sumir de novo, que é a razão de o mapa de canais existir ([[D-O-RADIO-NAO-E-VEREDICTO-E-ESTADO]]).",2026-08-29,"29/08/2026, ela recuperando de memória uma ideia do Fable de uma sessão perdida. Chega junto com o contexto de que tudo que funciona no cabo é possível no rádio, e de que no PS5 as features rodam nos quatro controles por Bluetooth ao mesmo tempo.",ela,,,
D-O-ACELEROMETRO-VOLTA-E-FUNCIONA,"O acelerômetro volta à tela e passa a FUNCIONAR — o aparelho entrega, medido nos dois transportes","O acelerômetro sai da tela por não ter dado, ou o produto passa a ler o dado que já existe?",,,,,"src/hefesto_dualsense4unix/core/evdev_reader.py:2036 e :2165 (o descarte); daemon/sensor_hub.py:159 (publica só `gyro`); app/widgets/sensor_widgets.py:188 (GyroBars, reusável); docs/process/sprints/arquivados/2026-08-27-ONDA-CONTROLES-04-o-acelerometro-esta-no-mesmo-node.md (os quatro degraus, já orçados)",,,,2026-08-29,decidida,"FUNCIONAR. Palavra dela, 29/08/2026: *""não era pra ele sair. era pra ele funcionar.""* · O DADO EXISTE E ESTÁ A UM PASSO: o nó evdev `Motion Sensors` publica os SEIS eixos — ABS_X/Y/Z são o acelerômetro (resolution 8192 = `DS_ACC_RES_PER_G`) e ABS_RX/RY/RZ o giroscópio (1024). **O produto já abre esse nó** para o giroscópio e descarta os outros três de propósito. Lido ao vivo em 29/08 nos dois controles dela: |v| = 0,9971 g e 0,9928 g, com os dois em inclinações diferentes. · O QUE FALTA são quatro degraus já escritos e nunca executados (ONDA-CONTROLES-04): `evdev_reader` (três códigos a mais no laço que já roda), `sensor_hub` (`out[""accel""]` ao lado do `gyro`), `sensor_widgets` (reusar o `GyroBars`) e `controller_card`. · E HÁ UM TESTE QUE DEFENDE O DEFEITO: `test_motion_reader_ignora_o_acelerometro_do_mesmo_node` trava a ausência. Ele não é obstáculo — é a régua velha, e sai junto com a cura. · O NÚMERO QUE FECHA O ARGUMENTO: das 308 linhas do mapa, 18 estão medidas nos dois transportes e o produto não aciona. `movimento.acelerometro@dualsense` é a **única** com `so-ela-decide` dos dois lados.",2026-08-29,"29/08/2026. Uma leva tirou o acelerômetro da tela citando a palavra dela (*""o acelerômetro não funciona""*) e escreveu na tela que o APARELHO não entrega. Ela leu, corrigiu na hora, e a correção vale como regra: *era pra ele funcionar*.",ela,,,
D-A-TROCA-DE-PLAYER-SO-OFERECE-OS-NUMEROS-DA-MESA,"A troca de player à mão oferece só os números que existem na mesa agora — três controles, três opções","Quantos números a seção “Selecione o player” oferece: sempre quatro, ou o tamanho da mesa?",,,,,"novo-layout/04-iluminacao.html, seção “Selecione o player” (CSS `.players`); daemon/ipc_handlers.py:1439 (`identity.number.set`, com validação `number >= 1` em :1647); daemon/subsystems/identity.py (a fila de chegada e o congelamento)",,,,2026-08-29,decidida,"O TAMANHO DA MESA. Palavra dela, 29/08/2026: *""se tem 3 controles posso escolher só entre os 3 qual é o meu player. Sempre se adaptando nesse sentido.""* · Três controles na mesa → três botões (P1, P2, P3). Um controle → um botão. Cinco → cinco. O conjunto de opções É a mesa de agora, e muda sozinho quando ela pluga ou tira um controle. · ISTO RESOLVE POR CONSTRUÇÃO O DEFEITO QUE ELA NOMEOU, e é a razão mais forte a favor: o *""controle branco era sempre o player 3 mesmo sem nenhum outro controle, e o jogo de um jogador só não entendia""* não pode nem acontecer se, com um controle na mesa, o único número que existe é 1. A regra de exibição e a regra de numeração passam a dizer a mesma coisa. · E COMBINA COM A SEMÂNTICA QUE O DESENHO JÁ FIXOU: *""dar um número ocupado é uma TROCA, não uma fila""*. Se todo número ofertado está ocupado (porque só há tantos números quantos controles), **toda escolha é uma permuta** — nunca sobra posto vago, nunca há número sem dono. · O QUE ISSO NÃO É: não é limitar o que o daemon aceita. O `identity.number.set` valida `number >= 1` e continua sendo o dono da regra; o que se adapta é o que a TELA oferece.",2026-08-29,"29/08/2026, ela fechando a regra da troca à mão logo depois de corrigir quem coordena — que havia escrito que ""nenhuma sprint pode tocar na numeração"" quando a recusa dela era só à inversão da regra AUTOMÁTICA. Ver [[D-O-CONTROLE-E-LEMBRADO-POR-IDENTIDADE-DENTRO-DE-CADA-PERFIL]].",ela,,,
D-01J-FRASES-ORFAS,As duas frases órfãs da aba Jogar,O aviso do Modo Nativo e a linha 'Ponte com o jogo' entram em que canal?,"as opções estão na lista da aba, em docs/process/sprints/2026-09-04-DECISOES-DELA-*.md","a da lista da aba, salvo onde a decisão dela mandava outra coisa","declarado na lista da aba, opção por opção",não espera: respondida por ELA em 05/09,docs/process/2026-09-04-O-PO-DECIDE-as-54-e-os-sete-conflitos.md,,,"declarado na lista da aba, em linhas de tela",2026-09-04,decidida,"DECIDIDA POR DELEGAÇÃO (04/09/2026, tarde; palavra dela: ""seja o po e orquestrador e todas as sprints restantes""). A razão inteira está em docs/process/2026-09-04-O-PO-DECIDE-as-54-e-os-sete-conflitos.md. Na coluna Atenção, só má notícia. Casa com a D-10, que já mandou as três frases órfãs para lá; zero linha nova, e a coluna tem seis vagas. | QUEM DECIDIU: ELA — respondeu esta mesma pergunta em 05/09/2026 (01-Q1), e a palavra dela vence o que o PO leu por delegação em 04/09: ""Não me lembro disso acontecer. E não deveria. Mas caso ocorra na coluna atenção"" — ONDA5-01-01 e ONDA5-01-02.",2026-09-05,"as 54 levantadas em 04/09 por dez agentes, uma lista por aba",ela,,,
D-01J-PLAYER-ESMAECIDO,O cartão chama de Player um controle que o jogo não recebeu,"Muda a palavra, ou muda o estado?","as opções estão na lista da aba, em docs/process/sprints/2026-09-04-DECISOES-DELA-*.md","a da lista da aba, salvo onde a decisão dela mandava outra coisa","declarado na lista da aba, opção por opção",não espera mais: decidida por delegação,docs/process/2026-09-04-O-PO-DECIDE-as-54-e-os-sete-conflitos.md,,,"declarado na lista da aba, em linhas de tela",2026-09-04,decidida,"DECIDIDA POR DELEGAÇÃO (04/09/2026, tarde; palavra dela: ""seja o po e orquestrador e todas as sprints restantes""). A razão inteira está em docs/process/2026-09-04-O-PO-DECIDE-as-54-e-os-sete-conflitos.md. 'Player N', esmaecido enquanto o daemon não confirma o jogador. A D-04 fixou a palavra e o esmaecido não a toca; mata o único dano medido, que é o cartão afirmar um jogador que não existe.",2026-09-04,"as 54 levantadas em 04/09 por dez agentes, uma lista por aba",delegacao,,,
D-01J-CADEADO-ONDE,O interruptor do cadeado de troca de perfil,"Volta para a Jogar, vai para a Perfis, ou não existe?","as opções estão na lista da aba, em docs/process/sprints/2026-09-04-DECISOES-DELA-*.md","a da lista da aba, salvo onde a decisão dela mandava outra coisa","declarado na lista da aba, opção por opção",não espera: respondida por ELA em 05/09,docs/process/2026-09-04-O-PO-DECIDE-as-54-e-os-sete-conflitos.md,,,"declarado na lista da aba, em linhas de tela",2026-09-04,decidida,"DECIDIDA POR DELEGAÇÃO (04/09/2026, tarde; palavra dela: ""seja o po e orquestrador e todas as sprints restantes""). A razão inteira está em docs/process/2026-09-04-O-PO-DECIDE-as-54-e-os-sete-conflitos.md. Volta para a Jogar, embaixo de Modo. É a única em que a frase que explica (já na coluna Atenção) e o botão que resolve ficam na mesma tela; a folga medida do miolo comporta a linha. | QUEM DECIDIU: ELA — respondeu esta mesma pergunta em 05/09/2026 (01-Q3), e a palavra dela vence o que o PO leu por delegação em 04/09: ""Na aba Jogar, sob Modo"" — ONDA5-01-03. | REVOGA D-O-CADEADO-DO-AUTOSWITCH-SAI, que é palavra DELA de 26/08 (""some — o perfil ativo já diz isso""). A delegação de 04/09 repôs a caixa sem lápide, e ninguém viu; em 05/09 ela mesma confirmou a caixa de volta, então o que valia já era dela outra vez.",2026-09-05,"as 54 levantadas em 04/09 por dez agentes, uma lista por aba",ela,D-O-CADEADO-DO-AUTOSWITCH-SAI,,
D-01J-QUINTO-CONTROLE,Mesa com mais de quatro controles,A tela avisa que o quinto não cabe?,"as opções estão na lista da aba, em docs/process/sprints/2026-09-04-DECISOES-DELA-*.md","a da lista da aba, salvo onde a decisão dela mandava outra coisa","declarado na lista da aba, opção por opção","não espera: a posição que vale é palavra DELA, a D-07 de 04/09",docs/process/2026-09-04-O-PO-DECIDE-as-54-e-os-sete-conflitos.md,,,"declarado na lista da aba, em linhas de tela",2026-09-04,decidida,"DECIDIDA POR DELEGAÇÃO (04/09/2026, tarde; palavra dela: ""seja o po e orquestrador e todas as sprints restantes""). A razão inteira está em docs/process/2026-09-04-O-PO-DECIDE-as-54-e-os-sete-conflitos.md. A PERGUNTA MORREU (conflito C-7): a D-07 já manda o '+N' do quinto para a mesma linha da frase da mesa vazia. Abrir um segundo canal para o mesmo fato é o que a regra 'um fato, um sinal' recusa. | QUEM DECIDIU: ELA — o PO registrou a linha, e o que ele decidiu foi ACOLHER a palavra dela da madrugada de 04/09 (D-07): ""Uma frase por cima dos lugares apagados."" — e o `+N` do quinto entra na mesma linha — a pergunta morreu no conflito C-7.",2026-09-04,"as 54 levantadas em 04/09 por dez agentes, uma lista por aba — e o conflito C-7 com as dezesseis dela",ela,,,
D-02C-COR-VIVA,Onde a cor viva do controle aparece no card,"Pingo no cabeçalho, card inteiro, ou nada?","as opções estão na lista da aba, em docs/process/sprints/2026-09-04-DECISOES-DELA-*.md","a da lista da aba, salvo onde a decisão dela mandava outra coisa","declarado na lista da aba, opção por opção","não espera: a posição que vale é palavra DELA, a D-06 de 04/09",docs/process/2026-09-04-O-PO-DECIDE-as-54-e-os-sete-conflitos.md,,,"declarado na lista da aba, em linhas de tela",2026-09-04,decidida,"DECIDIDA POR DELEGAÇÃO (04/09/2026, tarde; palavra dela: ""seja o po e orquestrador e todas as sprints restantes""). A razão inteira está em docs/process/2026-09-04-O-PO-DECIDE-as-54-e-os-sete-conflitos.md. A PERGUNTA MORREU (conflito C-1): a D-06 dela já deu lugar à cor viva — casco na borda externa, barra de luz na borda interna. O pingo seria um segundo sinal para o mesmo fato. | QUEM DECIDIU: ELA — o PO registrou a linha, e o que ele decidiu foi ACOLHER a palavra dela da madrugada de 04/09 (D-06): ""Casco borda externa lightbar borda interna."" — a pergunta morreu no conflito C-1.",2026-09-04,"as 54 levantadas em 04/09 por dez agentes, uma lista por aba — e o conflito C-1 com as dezesseis dela",ela,,,
D-02C-TRAVESSAO-LUZ,O travessão da barra de luz em três situações,Onde entra o porquê do travessão?,"as opções estão na lista da aba, em docs/process/sprints/2026-09-04-DECISOES-DELA-*.md","a da lista da aba, salvo onde a decisão dela mandava outra coisa","declarado na lista da aba, opção por opção",não espera mais: decidida por delegação,docs/process/2026-09-04-O-PO-DECIDE-as-54-e-os-sete-conflitos.md,,,"declarado na lista da aba, em linhas de tela",2026-09-04,decidida,"DECIDIDA POR DELEGAÇÃO (04/09/2026, tarde; palavra dela: ""seja o po e orquestrador e todas as sprints restantes""). A razão inteira está em docs/process/2026-09-04-O-PO-DECIDE-as-54-e-os-sete-conflitos.md. Palavra curta no lugar do travessão, frase inteira no hover. As quatro palavras: Jogo / Steam / Não sei / Apagada. É a regra dela de 30/08 ao pé da letra.",2026-09-04,"as 54 levantadas em 04/09 por dez agentes, uma lista por aba",delegacao,,,
D-02C-SELO-MIC-COMPOSTO,De que camada fala o selo ATIVO/MUDO do microfone,"O selo fala do firmware, do PC, ou dos dois?","as opções estão na lista da aba, em docs/process/sprints/2026-09-04-DECISOES-DELA-*.md","a da lista da aba, salvo onde a decisão dela mandava outra coisa","declarado na lista da aba, opção por opção","não espera: a posição que vale é palavra DELA, a D-12 de 04/09",docs/process/2026-09-04-O-PO-DECIDE-as-54-e-os-sete-conflitos.md,,,"declarado na lista da aba, em linhas de tela",2026-09-04,decidida,"DECIDIDA POR DELEGAÇÃO (04/09/2026, tarde; palavra dela: ""seja o po e orquestrador e todas as sprints restantes""). A razão inteira está em docs/process/2026-09-04-O-PO-DECIDE-as-54-e-os-sete-conflitos.md. O selo diz o estado COMPOSTO (conflito C-2): ATIVO só quando o firmware e o canal concordam, e a discordância vira o recado da D-01. A recomendação escrita mantinha a contradição que a D-12 dela desfez, e o leitor de PipeWire que ela dizia faltar já está pago na MICROFONE-UM-ATO-01. | QUEM DECIDIU: ELA — o PO registrou a linha, e o que ele decidiu foi ACOLHER a palavra dela da madrugada de 04/09 (D-12): ""tá errado o conceito da coisa. o botão é pra ligar o microfone e ele ser ouvido no canal específico dele."" — conflito C-2: o selo diz o estado COMPOSTO.",2026-09-04,"as 54 levantadas em 04/09 por dez agentes, uma lista por aba — e o conflito C-2 com as dezesseis dela",ela,,,
D-02C-BOTAO-AVISA-ANTES,O botão de som avisa antes do clique,"Cinza antes, ou recusa depois?","as opções estão na lista da aba, em docs/process/sprints/2026-09-04-DECISOES-DELA-*.md","a da lista da aba, salvo onde a decisão dela mandava outra coisa","declarado na lista da aba, opção por opção","não espera: a posição que vale é palavra DELA, a D-03 de 04/09",docs/process/2026-09-04-O-PO-DECIDE-as-54-e-os-sete-conflitos.md,,,"declarado na lista da aba, em linhas de tela",2026-09-04,decidida,"DECIDIDA POR DELEGAÇÃO (04/09/2026, tarde; palavra dela: ""seja o po e orquestrador e todas as sprints restantes""). A razão inteira está em docs/process/2026-09-04-O-PO-DECIDE-as-54-e-os-sete-conflitos.md. O botão apaga e a dica diz por quê. É a D-03 dela aplicada a esta aba; a frase no cartão continua como segunda camada. | QUEM DECIDIU: ELA — o PO registrou a linha, e o que ele decidiu foi ACOLHER a palavra dela da madrugada de 04/09 (D-03): ""Cinza antes, com a razão na dica."" — a decisão desta linha É a D-03 aplicada a esta aba.",2026-09-04,"as 54 levantadas em 04/09 por dez agentes, uma lista por aba",ela,,,
D-02C-VOLUME-CLICAVEL,Mexer no volume pela aba Controles,"Leitura, barra clicável, ou deslizante novo?","as opções estão na lista da aba, em docs/process/sprints/2026-09-04-DECISOES-DELA-*.md","a da lista da aba, salvo onde a decisão dela mandava outra coisa","declarado na lista da aba, opção por opção",não espera mais: decidida por delegação,docs/process/2026-09-04-O-PO-DECIDE-as-54-e-os-sete-conflitos.md,,,"declarado na lista da aba, em linhas de tela",2026-09-04,decidida,"DECIDIDA POR DELEGAÇÃO (04/09/2026, tarde; palavra dela: ""seja o po e orquestrador e todas as sprints restantes""). A razão inteira está em docs/process/2026-09-04-O-PO-DECIDE-as-54-e-os-sete-conflitos.md. A barra pintada vira clicável. Não mexe num pixel do desenho aprovado e destrava o botão de mudo do alto-falante, que hoje não tem como sair do cinza num controle cujo volume nunca foi escrito.",2026-09-04,"as 54 levantadas em 04/09 por dez agentes, uma lista por aba",delegacao,,,
D-02C-DEVOLVER-ALTOFALANTE,O alto-falante ganha um botão Devolver,"Entra na tela, ou vale a regra do microfone?","as opções estão na lista da aba, em docs/process/sprints/2026-09-04-DECISOES-DELA-*.md","a da lista da aba, salvo onde a decisão dela mandava outra coisa","declarado na lista da aba, opção por opção",não espera: respondida por ELA em 05/09,docs/process/2026-09-04-O-PO-DECIDE-as-54-e-os-sete-conflitos.md,,,"declarado na lista da aba, em linhas de tela",2026-09-04,decidida,"DECIDIDA POR DELEGAÇÃO (04/09/2026, tarde; palavra dela: ""seja o po e orquestrador e todas as sprints restantes""). A razão inteira está em docs/process/2026-09-04-O-PO-DECIDE-as-54-e-os-sete-conflitos.md. Fica fora, e a dica do botão diz o preço. É a decisão dela de 31/08 sobre o gêmeo (o 'Liberar' do microfone) aplicada aqui, e aqui o preço é menor: o firmware só guarda o último volume. | QUEM DECIDIU: ELA — respondeu esta mesma pergunta em 05/09/2026 (02-Q6), e a palavra dela vence o que o PO leu por delegação em 04/09: ""Fica fora, com aviso"" — ONDA5-02-02.",2026-09-05,"as 54 levantadas em 04/09 por dez agentes, uma lista por aba",ela,,,
D-02C-DEGRADACAO-VPAD,Contar na tela quando a emulação cai para uinput,"Não conta, marca com hover, ou tarja?","as opções estão na lista da aba, em docs/process/sprints/2026-09-04-DECISOES-DELA-*.md","a da lista da aba, salvo onde a decisão dela mandava outra coisa","declarado na lista da aba, opção por opção",não espera: respondida por ELA em 05/09,docs/process/2026-09-04-O-PO-DECIDE-as-54-e-os-sete-conflitos.md,,,"declarado na lista da aba, em linhas de tela",2026-09-04,caduca,"CADUCA EM 13/09/2026 — a marca saiu da tela pela A-MARCA-DA-DEGRADACAO-01. A terceira lista dela (docs/process/sprints/arquivados/2026-09-13-A-TERCEIRA-LISTA-DELA-INDICE.md) manda as frases de aviso pararem de aparecer nas abas, inclusive na dica; e o asterisco nunca acendia no WebKit. A queda para uinput fica no diário do daemon e no mapa. O texto de antes segue abaixo. | DECIDIDA POR DELEGAÇÃO (04/09/2026, tarde; palavra dela: ""seja o po e orquestrador e todas as sprints restantes""). A razão inteira está em docs/process/2026-09-04-O-PO-DECIDE-as-54-e-os-sete-conflitos.md. Uma marca na palavra e o motivo no hover. Quem só olha já vê que tem algo; o texto fica no hover, que é a regra dela para o de média importância. | QUEM DECIDIU: ELA — respondeu esta mesma pergunta em 05/09/2026 (02-Q7), e a palavra dela vence o que o PO leu por delegação em 04/09: SEM VERBATIM — ela marcou a opção e não escreveu ao lado: a marca do que a máscara degrada fica na palavra, com o motivo no hover — FEITA em 04/09 (aba02.py:716-718).",2026-09-05,"as 54 levantadas em 04/09 por dez agentes, uma lista por aba",ela,,,
D-02C-CONFISSAO-MUDO,Quando o mudo cai no controle errado,A tela confessa?,"as opções estão na lista da aba, em docs/process/sprints/2026-09-04-DECISOES-DELA-*.md","a da lista da aba, salvo onde a decisão dela mandava outra coisa","declarado na lista da aba, opção por opção",não espera: respondida por ELA em 05/09,docs/process/2026-09-04-O-PO-DECIDE-as-54-e-os-sete-conflitos.md,,,"declarado na lista da aba, em linhas de tela",2026-09-04,decidida,"DECIDIDA POR DELEGAÇÃO (04/09/2026, tarde; palavra dela: ""seja o po e orquestrador e todas as sprints restantes""). A razão inteira está em docs/process/2026-09-04-O-PO-DECIDE-as-54-e-os-sete-conflitos.md. Vira aviso no cartão, como as recusas. Reusa o canal que já existe, com a regra dela de 02/09: é aviso, não estado. | QUEM DECIDIU: ELA — respondeu esta mesma pergunta em 05/09/2026 (02-Q8), e a palavra dela vence o que o PO leu por delegação em 04/09: ""Esse erro não deveria acontecer. (…) Parece um bug"" — ONDA5-02-01.",2026-09-05,"as 54 levantadas em 04/09 por dez agentes, uma lista por aba",ela,,,
D-02C-ALTOFALANTE-MUDO,Onde a tela mostra que o alto-falante está mudo,"O botão acende, um selo, ou os dois?","as opções estão na lista da aba, em docs/process/sprints/2026-09-04-DECISOES-DELA-*.md","a da lista da aba, salvo onde a decisão dela mandava outra coisa","declarado na lista da aba, opção por opção",não espera: respondida por ELA em 05/09,docs/process/2026-09-04-O-PO-DECIDE-as-54-e-os-sete-conflitos.md,,,"declarado na lista da aba, em linhas de tela",2026-09-04,decidida,"DECIDIDA POR DELEGAÇÃO (04/09/2026, tarde; palavra dela: ""seja o po e orquestrador e todas as sprints restantes""). A razão inteira está em docs/process/2026-09-04-O-PO-DECIDE-as-54-e-os-sete-conflitos.md. O botão de som acende, e o campo invisível 'alto-estado' sai do desenho em vez de continuar guardando um valor que ninguém vê. Zero texto novo. | QUEM DECIDIU: ELA — respondeu esta mesma pergunta em 05/09/2026 (02-Q9), e a palavra dela vence o que o PO leu por delegação em 04/09: ""Com cor diferente"" — e o esclarecimento do mesmo dia: ""borda VERDE se ligado, ÂMBAR se desligado"" — ONDA5-02-02.",2026-09-05,"as 54 levantadas em 04/09 por dez agentes, uma lista por aba",ela,,,
D-02C-CLIQUE-ANALOGICO,O sinal do clique do analógico,"Colchetes, cor, ou os dois?","as opções estão na lista da aba, em docs/process/sprints/2026-09-04-DECISOES-DELA-*.md","a da lista da aba, salvo onde a decisão dela mandava outra coisa","declarado na lista da aba, opção por opção",não espera: respondida por ELA em 05/09,docs/process/2026-09-04-O-PO-DECIDE-as-54-e-os-sete-conflitos.md,,,"declarado na lista da aba, em linhas de tela",2026-09-04,decidida,"DECIDIDA POR DELEGAÇÃO (04/09/2026, tarde; palavra dela: ""seja o po e orquestrador e todas as sprints restantes""). A razão inteira está em docs/process/2026-09-04-O-PO-DECIDE-as-54-e-os-sete-conflitos.md. Fica com os colchetes. É o sinal que não depende de contraste nenhum, e o círculo já é colorido pelo plástico. | QUEM DECIDIU: ELA — respondeu esta mesma pergunta em 05/09/2026 (02-Q10), e a palavra dela vence o que o PO leu por delegação em 04/09: ""Continua com colchetes"" — FEITA e publicada.",2026-09-05,"as 54 levantadas em 04/09 por dez agentes, uma lista por aba",ela,,,
D-03G-DESCRICAO-MODO,A descrição do modo de gatilho escolhido,"Volta à tela, fica no hover, ou não volta?","as opções estão na lista da aba, em docs/process/sprints/2026-09-04-DECISOES-DELA-*.md","a da lista da aba, salvo onde a decisão dela mandava outra coisa","declarado na lista da aba, opção por opção",não espera: respondida por ELA em 05/09,docs/process/2026-09-04-O-PO-DECIDE-as-54-e-os-sete-conflitos.md,,,"declarado na lista da aba, em linhas de tela",2026-09-04,decidida,"DECIDIDA POR DELEGAÇÃO (04/09/2026, tarde; palavra dela: ""seja o po e orquestrador e todas as sprints restantes""). A razão inteira está em docs/process/2026-09-04-O-PO-DECIDE-as-54-e-os-sete-conflitos.md. Dica do campo, com o texto desta tela. É a regra dela de 30/08, e entre as duas frases a desta tela é a concreta. | QUEM DECIDIU: ELA — respondeu esta mesma pergunta em 05/09/2026 (03-Q1), e a palavra dela vence o que o PO leu por delegação em 04/09: ""Aparece ao parar o mouse"" — ONDA5-03-02 §1.",2026-09-05,"as 54 levantadas em 04/09 por dez agentes, uma lista por aba",ela,,,
D-03G-CURVA-TROCA-MODO,Escolher uma curva pronta troca o modo sozinha,"Fica, apaga fora dos dois modos, ou só carrega?","as opções estão na lista da aba, em docs/process/sprints/2026-09-04-DECISOES-DELA-*.md","a da lista da aba, salvo onde a decisão dela mandava outra coisa","declarado na lista da aba, opção por opção",não espera: respondida por ELA em 05/09,docs/process/2026-09-04-O-PO-DECIDE-as-54-e-os-sete-conflitos.md,,,"declarado na lista da aba, em linhas de tela",2026-09-04,decidida,"DECIDIDA POR DELEGAÇÃO (04/09/2026, tarde; palavra dela: ""seja o po e orquestrador e todas as sprints restantes""). A razão inteira está em docs/process/2026-09-04-O-PO-DECIDE-as-54-e-os-sete-conflitos.md. Fica como está, e a dica avisa antes do clique. O desenho é dela, o atalho de um clique é real, e a única dívida medida é a tela não avisar que o modo vai mudar. | QUEM DECIDIU: ELA — respondeu esta mesma pergunta em 05/09/2026 (03-Q2), e a palavra dela vence o que o PO leu por delegação em 04/09: ""Aplica na hora, com aviso"" — ONDA5-03-02 §1.",2026-09-05,"as 54 levantadas em 04/09 por dez agentes, uma lista por aba",ela,,,
D-03G-BOTAO-REENVIO,Reenviar o efeito ao aparelho,"Nada novo, um botão, dois botões, ou o Aplicar do rodapé?","as opções estão na lista da aba, em docs/process/sprints/2026-09-04-DECISOES-DELA-*.md","a da lista da aba, salvo onde a decisão dela mandava outra coisa","declarado na lista da aba, opção por opção",não espera: respondida por ELA em 05/09,docs/process/2026-09-04-O-PO-DECIDE-as-54-e-os-sete-conflitos.md,,,"declarado na lista da aba, em linhas de tela",2026-09-04,decidida,"DECIDIDA POR DELEGAÇÃO (04/09/2026, tarde; palavra dela: ""seja o po e orquestrador e todas as sprints restantes""). A razão inteira está em docs/process/2026-09-04-O-PO-DECIDE-as-54-e-os-sete-conflitos.md. Um botão na faixa que já existe, mandando os dois gatilhos daquela coluna. A faixa já está desenhada e aprovada, e custa zero altura. | QUEM DECIDIU: ELA — respondeu esta mesma pergunta em 05/09/2026 (03-Q3), e a palavra dela vence o que o PO leu por delegação em 04/09: ""Nada novo"" — ONDA5-03-02 §2. | ELA, 06/09/2026: ""sai"" (ver D-0609-REENVIO-SAI) | REVOGA D-O-GATILHOS-DE-QUATRO-COLUNAS-ESTA-APROVADO, que é palavra DELA de 28/08 (""a aba gatilhos atual é perfeita"") sobre uma aba que não tinha este botão. São três ordens sobre um botão só, e a do meio não é dela.",2026-09-06,"as 54 levantadas em 04/09 por dez agentes, uma lista por aba",ela,D-O-GATILHOS-DE-QUATRO-COLUNAS-ESTA-APROVADO,,
D-03G-RECADO-SUCESSO,A tela avisa quando o efeito chega ao controle,"Calado, tarja verde, o campo pisca, ou tarja no rodapé?","as opções estão na lista da aba, em docs/process/sprints/2026-09-04-DECISOES-DELA-*.md","a da lista da aba, salvo onde a decisão dela mandava outra coisa","declarado na lista da aba, opção por opção",não espera: respondida por ELA em 05/09,docs/process/2026-09-04-O-PO-DECIDE-as-54-e-os-sete-conflitos.md,,,"declarado na lista da aba, em linhas de tela",2026-09-04,decidida,"DECIDIDA POR DELEGAÇÃO (04/09/2026, tarde; palavra dela: ""seja o po e orquestrador e todas as sprints restantes""). A razão inteira está em docs/process/2026-09-04-O-PO-DECIDE-as-54-e-os-sete-conflitos.md. No cartão, pela peça da D-01 (conflito C-3). Sem o pisca: a aba 03 é uma das cinco que a D-01 fecha com uma peça só, e escolher o pisca aqui quebra a peça. | QUEM DECIDIU: ELA — respondeu esta mesma pergunta em 05/09/2026 (03-Q4), e a palavra dela vence o que o PO leu por delegação em 04/09: ""O campo pisca em verde"" — ONDA5-03-01 e ONDA5-03-02.",2026-09-05,"as 54 levantadas em 04/09 por dez agentes, uma lista por aba — e o conflito C-3 com as dezesseis dela",ela,,,
D-04I-RESSALVA-TRACEJADO,A razão de a barra de luz estar tracejada,"Só no hover, uma linha condicional, ou um selo?","as opções estão na lista da aba, em docs/process/sprints/2026-09-04-DECISOES-DELA-*.md","a da lista da aba, salvo onde a decisão dela mandava outra coisa","declarado na lista da aba, opção por opção","não espera: a posição que vale é palavra DELA, a D-02 de 04/09",docs/process/2026-09-04-O-PO-DECIDE-as-54-e-os-sete-conflitos.md,,,"declarado na lista da aba, em linhas de tela",2026-09-04,decidida,"DECIDIDA POR DELEGAÇÃO (04/09/2026, tarde; palavra dela: ""seja o po e orquestrador e todas as sprints restantes""). A razão inteira está em docs/process/2026-09-04-O-PO-DECIDE-as-54-e-os-sete-conflitos.md. Uma linha só quando há ressalva. É a D-02 dela, e a peça é a mesma: no dia normal não ocupa nada. | QUEM DECIDIU: ELA — o PO registrou a linha, e o que ele decidiu foi ACOLHER a palavra dela da madrugada de 04/09 (D-02): ""Linha fixa só quando HÁ ressalva."" — a decisão desta linha É a D-02, e a peça é a mesma.",2026-09-04,"as 54 levantadas em 04/09 por dez agentes, uma lista por aba",ela,,,
D-04I-AUTOMATICO-INTERRUPTOR,O automático do perfil na aba Iluminação,"Fica fora, o botão mostra o estado, um interruptor de verdade, ou troca o nome?","as opções estão na lista da aba, em docs/process/sprints/2026-09-04-DECISOES-DELA-*.md","a da lista da aba, salvo onde a decisão dela mandava outra coisa","declarado na lista da aba, opção por opção","não espera: a posição que vale é palavra DELA, a D-13 de 04/09",docs/process/2026-09-04-O-PO-DECIDE-as-54-e-os-sete-conflitos.md,,,"declarado na lista da aba, em linhas de tela",2026-09-04,decidida,"DECIDIDA POR DELEGAÇÃO (04/09/2026, tarde; palavra dela: ""seja o po e orquestrador e todas as sprints restantes""). A razão inteira está em docs/process/2026-09-04-O-PO-DECIDE-as-54-e-os-sete-conflitos.md. Interruptor de verdade na aba (conflito C-4), gravando a cor de cada controle ao desligar. É a D-13 dela, com o custo declarado (~30 px) e o caminho que ela aceitou por escrito; a recomendação escrita encolhia a decisão dela para caber no barato. | QUEM DECIDIU: ELA — o PO registrou a linha, e o que ele decidiu foi ACOLHER a palavra dela da madrugada de 04/09 (D-13): ""Um interruptor no topo da aba Iluminação."" — e ""ok aceito o caminho"" de gravar a cor ao desligar — conflito C-4.",2026-09-04,"as 54 levantadas em 04/09 por dez agentes, uma lista por aba — e o conflito C-4 com as dezesseis dela",ela,,,
D-04I-REENVIO-COR-LIVRE,Reenviar uma cor escolhida fora da guia,"Fica, a caixa do hexadecimal vira botão, ou um terceiro botão?","as opções estão na lista da aba, em docs/process/sprints/2026-09-04-DECISOES-DELA-*.md","a da lista da aba, salvo onde a decisão dela mandava outra coisa","declarado na lista da aba, opção por opção",não espera: respondida por ELA em 05/09,docs/process/2026-09-04-O-PO-DECIDE-as-54-e-os-sete-conflitos.md,,,"declarado na lista da aba, em linhas de tela",2026-09-04,decidida,"DECIDIDA POR DELEGAÇÃO (04/09/2026, tarde; palavra dela: ""seja o po e orquestrador e todas as sprints restantes""). A razão inteira está em docs/process/2026-09-04-O-PO-DECIDE-as-54-e-os-sete-conflitos.md. A caixa do hexadecimal vira o botão. O reenvio fica onde a cor de agora está escrita, e não aperta uma fileira de que ela já reclamou noutras abas. | QUEM DECIDIU: ELA — respondeu esta mesma pergunta em 05/09/2026 (04-Q3), e a palavra dela vence o que o PO leu por delegação em 04/09: ""O código da cor clica"" — FEITA em 04/09 (ONDA5-04-01 §0).",2026-09-05,"as 54 levantadas em 04/09 por dez agentes, uma lista por aba",ela,,,
D-04I-BRILHO-SEM-COR,O brilho guardado quando a barra não pode acender,"Frase inteira, frase curta, ou silêncio?","as opções estão na lista da aba, em docs/process/sprints/2026-09-04-DECISOES-DELA-*.md","a da lista da aba, salvo onde a decisão dela mandava outra coisa","declarado na lista da aba, opção por opção",não espera: respondida por ELA em 05/09,docs/process/2026-09-04-O-PO-DECIDE-as-54-e-os-sete-conflitos.md,,,"declarado na lista da aba, em linhas de tela",2026-09-04,decidida,"DECIDIDA POR DELEGAÇÃO (04/09/2026, tarde; palavra dela: ""seja o po e orquestrador e todas as sprints restantes""). A razão inteira está em docs/process/2026-09-04-O-PO-DECIDE-as-54-e-os-sete-conflitos.md. Uma frase curta. O silêncio está fora de questão — é a família de defeito mais cara desta casa —, e a versão longa repete com palavras o que a tira tracejada já diz com desenho. | QUEM DECIDIU: ELA — respondeu esta mesma pergunta em 05/09/2026 (04-Q4), e a palavra dela vence o que o PO leu por delegação em 04/09: ""O Hefesto não pode ter essa falha. Isso tem que aplicar, não justificar a falha"" — ONDA5-04-01.",2026-09-05,"as 54 levantadas em 04/09 por dez agentes, uma lista por aba",ela,,,
D-05V-PUBLICAR-BARRA,Publicar a barra de intensidade que arrasta,"Publicar agora, publicar tudo, ou esperar?","as opções estão na lista da aba, em docs/process/sprints/2026-09-04-DECISOES-DELA-*.md","a da lista da aba, salvo onde a decisão dela mandava outra coisa","declarado na lista da aba, opção por opção",não espera: respondida por ELA em 05/09,docs/process/2026-09-04-O-PO-DECIDE-as-54-e-os-sete-conflitos.md,,,"declarado na lista da aba, em linhas de tela",2026-09-04,decidida,"DECIDIDA POR DELEGAÇÃO (04/09/2026, tarde; palavra dela: ""seja o po e orquestrador e todas as sprints restantes""). A razão inteira está em docs/process/2026-09-04-O-PO-DECIDE-as-54-e-os-sete-conflitos.md. JÁ FOI FEITO: as treze páginas foram publicadas na madrugada de 04/09, e check_o_desenho_aprovado.py responde 'o produto está atrás: 0'. A pergunta morreu com o fato. | QUEM DECIDIU: ELA — respondeu esta mesma pergunta em 05/09/2026 (05-Q1), e a palavra dela vence o que o PO leu por delegação em 04/09: ""As três abas de uma vez"" — FEITA, e são as DEZ (ONDA5-05-01).",2026-09-05,"as 54 levantadas em 04/09 por dez agentes, uma lista por aba",ela,,,
D-05V-DUAS-EXPLICACOES,As explicações do Auto e do teto da intensidade,"As duas no hover, só a do Testar, a do Auto condicional, ou as duas na tela?","as opções estão na lista da aba, em docs/process/sprints/2026-09-04-DECISOES-DELA-*.md","a da lista da aba, salvo onde a decisão dela mandava outra coisa","declarado na lista da aba, opção por opção",não espera: respondida por ELA em 05/09,docs/process/2026-09-04-O-PO-DECIDE-as-54-e-os-sete-conflitos.md,,,"declarado na lista da aba, em linhas de tela",2026-09-04,decidida,"DECIDIDA POR DELEGAÇÃO (04/09/2026, tarde; palavra dela: ""seja o po e orquestrador e todas as sprints restantes""). A razão inteira está em docs/process/2026-09-04-O-PO-DECIDE-as-54-e-os-sete-conflitos.md. Só a nota do Testar sobe para a tela. Ela é a única que explica um resultado que a própria tela produz; a do Auto segue a regra dela e fica no hover. | QUEM DECIDIU: ELA — respondeu esta mesma pergunta em 05/09/2026 (05-Q2), e a palavra dela vence o que o PO leu por delegação em 04/09: ""As duas na dica"" — ONDA5-05-01.",2026-09-05,"as 54 levantadas em 04/09 por dez agentes, uma lista por aba",ela,,,
D-05V-ESTADO-TRAVADA,Avisar que a vibração está travada,"Linha na faixa, duas cores sempre, o Parar acende, ou nada?","as opções estão na lista da aba, em docs/process/sprints/2026-09-04-DECISOES-DELA-*.md","a da lista da aba, salvo onde a decisão dela mandava outra coisa","declarado na lista da aba, opção por opção",não espera: a D-14 dela de 04/09 foi revogada por ela em 05/09,docs/process/2026-09-04-O-PO-DECIDE-as-54-e-os-sete-conflitos.md,,,"declarado na lista da aba, em linhas de tela",2026-09-04,decidida,"DECIDIDA POR DELEGAÇÃO (04/09/2026, tarde; palavra dela: ""seja o po e orquestrador e todas as sprints restantes""). A razão inteira está em docs/process/2026-09-04-O-PO-DECIDE-as-54-e-os-sete-conflitos.md. Uma linha de estado POR COLUNA (conflito C-5), com os três estados que ela nomeou na D-14 — inclusive 'o jogo controla'. Não encolhi a decisão dela para economizar pixel: o custo foi declarado e aceito. | QUEM DECIDIU: ELA — o PO registrou a linha, e o que ele decidiu foi ACOLHER a palavra dela da madrugada de 04/09 (D-14): ""Uma linha de estado por coluna."" — conflito C-5. | REVOGADA POR ELA EM 05/09/2026: ""pq temos uma linha de estado se o estado em vibração sempre vai ser o jogo mandando os input pro controle e a gnt aumentando eles ou diminuindo? remove ela não faz sentido"" — a faixa Estado saiu da aba Vibração (commit dcaaa051).",2026-09-05,"as 54 levantadas em 04/09 por dez agentes, uma lista por aba — e o conflito C-5 com as dezesseis dela",ela,,,
D-05V-RECADO-SUCESSO,A tela confirma o clique na aba Vibração,"Tarja no cartão, linha na faixa, só o que surpreende, ou nada?","as opções estão na lista da aba, em docs/process/sprints/2026-09-04-DECISOES-DELA-*.md","a da lista da aba, salvo onde a decisão dela mandava outra coisa","declarado na lista da aba, opção por opção",não espera: respondida por ELA em 05/09,docs/process/2026-09-04-O-PO-DECIDE-as-54-e-os-sete-conflitos.md,,,"declarado na lista da aba, em linhas de tela",2026-09-04,decidida,"DECIDIDA POR DELEGAÇÃO (04/09/2026, tarde; palavra dela: ""seja o po e orquestrador e todas as sprints restantes""). A razão inteira está em docs/process/2026-09-04-O-PO-DECIDE-as-54-e-os-sete-conflitos.md. No cartão, pela peça da D-01 (conflito C-6). Dois canais de sucesso em duas abas seria a doença que esta casa persegue: duas traduções do mesmo fato. | QUEM DECIDIU: ELA — respondeu esta mesma pergunta em 05/09/2026 (05-Q4), e a palavra dela vence o que o PO leu por delegação em 04/09: ""Linha embaixo da grade"" — ONDA5-05-03.",2026-09-05,"as 54 levantadas em 04/09 por dez agentes, uma lista por aba — e o conflito C-6 com as dezesseis dela",ela,,,
D-05V-LINHA-DE-MESA,Os dois donos da força de vibração,"Linha de mesa, sinal na coluna, aviso condicional, ou nada?","as opções estão na lista da aba, em docs/process/sprints/2026-09-04-DECISOES-DELA-*.md","a da lista da aba, salvo onde a decisão dela mandava outra coisa","declarado na lista da aba, opção por opção",não espera: respondida por ELA em 05/09,docs/process/2026-09-04-O-PO-DECIDE-as-54-e-os-sete-conflitos.md,,,"declarado na lista da aba, em linhas de tela",2026-09-04,decidida,"DECIDIDA POR DELEGAÇÃO (04/09/2026, tarde; palavra dela: ""seja o po e orquestrador e todas as sprints restantes""). A razão inteira está em docs/process/2026-09-04-O-PO-DECIDE-as-54-e-os-sete-conflitos.md. Uma linha de MESA embaixo da grade. Devolve o caminho para pôr a mesa em Auto, perdido em 03/09, e faz 'herdado' ficar óbvio sem palavra nova. | QUEM DECIDIU: ELA — respondeu esta mesma pergunta em 05/09/2026 (05-Q5), e a palavra dela vence o que o PO leu por delegação em 04/09: ""Fica como está"" — FEITA (ONDA5-05-01).",2026-09-05,"as 54 levantadas em 04/09 por dez agentes, uma lista por aba",ela,,,
D-05V-CLIQUE-SEM-ALVO,O clique que a interface não entende,"As duas frases sobem, uma frase só, ou continua mudo?","as opções estão na lista da aba, em docs/process/sprints/2026-09-04-DECISOES-DELA-*.md","a da lista da aba, salvo onde a decisão dela mandava outra coisa","declarado na lista da aba, opção por opção",não espera: respondida por ELA em 05/09,docs/process/2026-09-04-O-PO-DECIDE-as-54-e-os-sete-conflitos.md,,,"declarado na lista da aba, em linhas de tela",2026-09-04,decidida,"DECIDIDA POR DELEGAÇÃO (04/09/2026, tarde; palavra dela: ""seja o po e orquestrador e todas as sprints restantes""). A razão inteira está em docs/process/2026-09-04-O-PO-DECIDE-as-54-e-os-sete-conflitos.md. As duas frases que já existem sobem para o cartão. Foram escritas para quem está com o controle na mão, e o caso que importa — o controle caiu — só tem resposta se a frase aparecer. | QUEM DECIDIU: ELA — respondeu esta mesma pergunta em 05/09/2026 (05-Q6), e a palavra dela vence o que o PO leu por delegação em 04/09: ""Parece erro. Não deveria ocorrer ajuste de gambiarra sobre falha de produto nosso"" — ONDA5-05-02.",2026-09-05,"as 54 levantadas em 04/09 por dez agentes, uma lista por aba",ela,,,
D-06N-PORTAO-DE-MODO,O interruptor do mouse fora do modo Controlar o PC,"Fica clicável, apaga com frase ao lado, ou apaga com a razão no hover?","as opções estão na lista da aba, em docs/process/sprints/2026-09-04-DECISOES-DELA-*.md","a da lista da aba, salvo onde a decisão dela mandava outra coisa","declarado na lista da aba, opção por opção",não espera: respondida por ELA em 05/09,docs/process/2026-09-04-O-PO-DECIDE-as-54-e-os-sete-conflitos.md,,,"declarado na lista da aba, em linhas de tela",2026-09-04,decidida,"DECIDIDA POR DELEGAÇÃO (04/09/2026, tarde; palavra dela: ""seja o po e orquestrador e todas as sprints restantes""). A razão inteira está em docs/process/2026-09-04-O-PO-DECIDE-as-54-e-os-sete-conflitos.md. Apaga o interruptor e escreve ao lado, na tira de estados. É a D-03 com a D-02: a tira já existe, já se esconde sozinha, e é o único jeito de saber antes de gastar o clique. | QUEM DECIDIU: ELA — respondeu esta mesma pergunta em 05/09/2026 (06-Q1), e a palavra dela vence o que o PO leu por delegação em 04/09: ""Sem clicar mas ativo"" — e o esclarecimento: ""o switch fica apagado (não clicável) MAS mostra o estado real"" — ONDA5-06-02.",2026-09-05,"as 54 levantadas em 04/09 por dez agentes, uma lista por aba",ela,,,
D-06N-TOUCHPAD-MARCA,As três regiões do touchpad que não disparam nada,"Ficam com marca, saem da tabela, ou ficam como estão?","as opções estão na lista da aba, em docs/process/sprints/2026-09-04-DECISOES-DELA-*.md","a da lista da aba, salvo onde a decisão dela mandava outra coisa","declarado na lista da aba, opção por opção",não espera: respondida por ELA em 05/09,docs/process/2026-09-04-O-PO-DECIDE-as-54-e-os-sete-conflitos.md,,,"declarado na lista da aba, em linhas de tela",2026-09-04,decidida,"DECIDIDA POR DELEGAÇÃO (04/09/2026, tarde; palavra dela: ""seja o po e orquestrador e todas as sprints restantes""). A razão inteira está em docs/process/2026-09-04-O-PO-DECIDE-as-54-e-os-sete-conflitos.md. Ficam, com a marca de que não disparam. A D-15 dela já mandou que ficassem; a marca impede a tela de prometer um clique que o produto não dispara. A marca nasce FIXA — a marca VIVA espera o daemon publicar o ponteiro do sistema, e isso é sprint própria. | QUEM DECIDIU: ELA — respondeu esta mesma pergunta em 05/09/2026 (06-Q2), e a palavra dela vence o que o PO leu por delegação em 04/09: ""Aviso fixo ao lado"" — FEITA pela ONDA2-06, em 04/09.",2026-09-05,"as 54 levantadas em 04/09 por dez agentes, uma lista por aba",ela,,,
D-06N-BOTAO-PS,O botão PS na tabela de atalhos,"Fica fora com a razão em dica, entra só de leitura, ou entra editável?","as opções estão na lista da aba, em docs/process/sprints/2026-09-04-DECISOES-DELA-*.md","a da lista da aba, salvo onde a decisão dela mandava outra coisa","declarado na lista da aba, opção por opção",não espera: respondida por ELA em 05/09,docs/process/2026-09-04-O-PO-DECIDE-as-54-e-os-sete-conflitos.md,,,"declarado na lista da aba, em linhas de tela",2026-09-04,decidida,"DECIDIDA POR DELEGAÇÃO (04/09/2026, tarde; palavra dela: ""seja o po e orquestrador e todas as sprints restantes""). A razão inteira está em docs/process/2026-09-04-O-PO-DECIDE-as-54-e-os-sete-conflitos.md. Fica fora, e a razão vira dica. O PS é a única saída de emergência — quatro combos e o modo jogo — e dar-lhe uma tecla o faria digitar sem parar de abrir a Steam. | QUEM DECIDIU: ELA — respondeu esta mesma pergunta em 05/09/2026 (06-Q3), e a palavra dela vence o que o PO leu por delegação em 04/09: ""Aparece e você escolhe"" — ONDA5-06-01 e ONDA5-06-02.",2026-09-05,"as 54 levantadas em 04/09 por dez agentes, uma lista por aba",ela,,,
D-06N-TIRA-DE-AVISO,As três verdades que a tabela de botões esconde,"Tira sob a tabela, tudo no hover do cabeçalho, ou marca por linha?","as opções estão na lista da aba, em docs/process/sprints/2026-09-04-DECISOES-DELA-*.md","a da lista da aba, salvo onde a decisão dela mandava outra coisa","declarado na lista da aba, opção por opção",não espera: respondida por ELA em 05/09,docs/process/2026-09-04-O-PO-DECIDE-as-54-e-os-sete-conflitos.md,,,"declarado na lista da aba, em linhas de tela",2026-09-04,decidida,"DECIDIDA POR DELEGAÇÃO (04/09/2026, tarde; palavra dela: ""seja o po e orquestrador e todas as sprints restantes""). A razão inteira está em docs/process/2026-09-04-O-PO-DECIDE-as-54-e-os-sete-conflitos.md. Uma tira de aviso sob a tabela. O que está prestes a ser apagado não pode morar num hover, porque ninguém passa o rato onde não sabe que há algo. | QUEM DECIDIU: ELA — respondeu esta mesma pergunta em 05/09/2026 (06-Q4), e a palavra dela vence o que o PO leu por delegação em 04/09: ""Tira de aviso sob a tabela"" — FEITA pela ONDA2-06.",2026-09-05,"as 54 levantadas em 04/09 por dez agentes, uma lista por aba",ela,,,
D-06N-CUSTO-TECLADO,O custo de desligar o teclado emulado,"A dica de antes basta, frase permanente, ou recado de 30 s?","as opções estão na lista da aba, em docs/process/sprints/2026-09-04-DECISOES-DELA-*.md","a da lista da aba, salvo onde a decisão dela mandava outra coisa","declarado na lista da aba, opção por opção",não espera: respondida por ELA em 05/09,docs/process/2026-09-04-O-PO-DECIDE-as-54-e-os-sete-conflitos.md,,,"declarado na lista da aba, em linhas de tela",2026-09-04,decidida,"DECIDIDA POR DELEGAÇÃO (04/09/2026, tarde; palavra dela: ""seja o po e orquestrador e todas as sprints restantes""). A razão inteira está em docs/process/2026-09-04-O-PO-DECIDE-as-54-e-os-sete-conflitos.md. Uma frase permanente enquanto estiver desativado. É a única que ainda está na tela no dia em que ela estranhar que o L3 não abre mais nada, e não precisa de código novo. | QUEM DECIDIU: ELA — respondeu esta mesma pergunta em 05/09/2026 (06-Q5), e a palavra dela vence o que o PO leu por delegação em 04/09: ""Enquanto estiver desligado"" — FEITA pela ONDA2-06.",2026-09-05,"as 54 levantadas em 04/09 por dez agentes, uma lista por aba",ela,,,
D-07L-REPARO-MANUAL,O jogo que só dá para consertar à mão,"Botão de copiar, linha à mostra, os dois, ou atrás do Ver o que impede?","as opções estão na lista da aba, em docs/process/sprints/2026-09-04-DECISOES-DELA-*.md","a da lista da aba, salvo onde a decisão dela mandava outra coisa","declarado na lista da aba, opção por opção",não espera: respondida por ELA em 05/09,docs/process/2026-09-04-O-PO-DECIDE-as-54-e-os-sete-conflitos.md,,,"declarado na lista da aba, em linhas de tela",2026-09-04,decidida,"DECIDIDA POR DELEGAÇÃO (04/09/2026, tarde; palavra dela: ""seja o po e orquestrador e todas as sprints restantes""). A razão inteira está em docs/process/2026-09-04-O-PO-DECIDE-as-54-e-os-sete-conflitos.md. Os dois, só quando faz falta. Se a cópia falhar em silêncio, a linha à mostra ainda salva; e no dia em que não há jogo intocável, nada disso ocupa a tela. | QUEM DECIDIU: ELA — respondeu esta mesma pergunta em 05/09/2026 (07-Q1), e a palavra dela vence o que o PO leu por delegação em 04/09: ""Deve aplicar automaticamente como era no gtk"" — ONDA5-07-01 e ONDA5-07-02.",2026-09-05,"as 54 levantadas em 04/09 por dez agentes, uma lista por aba",ela,,,
D-07L-FRASE-SEM-LUGAR,A frase que manda a um botão que não existe,"A frase para de nomear lugar, aponta o Consertar, ou vira duas?","as opções estão na lista da aba, em docs/process/sprints/2026-09-04-DECISOES-DELA-*.md","a da lista da aba, salvo onde a decisão dela mandava outra coisa","declarado na lista da aba, opção por opção",não espera: respondida por ELA em 05/09,docs/process/2026-09-04-O-PO-DECIDE-as-54-e-os-sete-conflitos.md,,,"declarado na lista da aba, em linhas de tela",2026-09-04,decidida,"DECIDIDA POR DELEGAÇÃO (04/09/2026, tarde; palavra dela: ""seja o po e orquestrador e todas as sprints restantes""). A razão inteira está em docs/process/2026-09-04-O-PO-DECIDE-as-54-e-os-sete-conflitos.md. A frase para de nomear lugar. É a única que fica certa nas duas telas, e cumpre a regra dela: uma frase, um dono. | QUEM DECIDIU: ELA — respondeu esta mesma pergunta em 05/09/2026 (07-Q2), e a palavra dela vence o que o PO leu por delegação em 04/09: ""O produto aplica ela"" — ONDA5-07-03.",2026-09-05,"as 54 levantadas em 04/09 por dez agentes, uma lista por aba",ela,,,
D-07L-SILENCIO-DAS-RECUSAS,De onde o aviso do jogo sem wrapper some,"As duas recusas calam tudo, só a dispensa cala, ou fica como hoje?","as opções estão na lista da aba, em docs/process/sprints/2026-09-04-DECISOES-DELA-*.md","a da lista da aba, salvo onde a decisão dela mandava outra coisa","declarado na lista da aba, opção por opção",não espera: respondida por ELA em 05/09,docs/process/2026-09-04-O-PO-DECIDE-as-54-e-os-sete-conflitos.md,,,"declarado na lista da aba, em linhas de tela",2026-09-04,decidida,"DECIDIDA POR DELEGAÇÃO (04/09/2026, tarde; palavra dela: ""seja o po e orquestrador e todas as sprints restantes""). A razão inteira está em docs/process/2026-09-04-O-PO-DECIDE-as-54-e-os-sete-conflitos.md. As duas recusas calam tudo. Um aviso que sobrevive à resposta dela ensina que o botão não obedece. | QUEM DECIDIU: ELA — respondeu esta mesma pergunta em 05/09/2026 (07-Q3), e a palavra dela vence o que o PO leu por delegação em 04/09: ""As duas recusas calam tudo"" — ONDA5-07-03.",2026-09-05,"as 54 levantadas em 04/09 por dez agentes, uma lista por aba",ela,,,
D-07L-63-E-22,Os dois números do cartão da Steam na mesma tela,"O corpo nomeia o conjunto, conta só instalados, ou o canto mostra os dois?","as opções estão na lista da aba, em docs/process/sprints/2026-09-04-DECISOES-DELA-*.md","a da lista da aba, salvo onde a decisão dela mandava outra coisa","declarado na lista da aba, opção por opção",não espera: respondida por ELA em 05/09,docs/process/2026-09-04-O-PO-DECIDE-as-54-e-os-sete-conflitos.md,,,"declarado na lista da aba, em linhas de tela",2026-09-04,decidida,"DECIDIDA POR DELEGAÇÃO (04/09/2026, tarde; palavra dela: ""seja o po e orquestrador e todas as sprints restantes""). A razão inteira está em docs/process/2026-09-04-O-PO-DECIDE-as-54-e-os-sete-conflitos.md. O corpo nomeia o conjunto — 'da sua biblioteca (instalados ou não)'. Três palavras, e resolve exatamente o que falta: dizer que os dois números contam coisas diferentes. | QUEM DECIDIU: ELA — respondeu esta mesma pergunta em 05/09/2026 (07-Q4), e a palavra dela vence o que o PO leu por delegação em 04/09: ""O corpo nomeia o conjunto"" — ""da sua biblioteca, instalados ou não"" — FEITA em 04/09 (ONDA5-07-01).",2026-09-05,"as 54 levantadas em 04/09 por dez agentes, uma lista por aba",ela,,,
D-08X-VEREDITO-CHECKUP,O veredito global do Check-up,"No cabeçalho, uma sexta linha, ou nada?","as opções estão na lista da aba, em docs/process/sprints/2026-09-04-DECISOES-DELA-*.md","a da lista da aba, salvo onde a decisão dela mandava outra coisa","declarado na lista da aba, opção por opção","não espera: a posição que vale é palavra DELA, a D-16 de 04/09",docs/process/2026-09-04-O-PO-DECIDE-as-54-e-os-sete-conflitos.md,,,"declarado na lista da aba, em linhas de tela",2026-09-04,decidida,"DECIDIDA POR DELEGAÇÃO (04/09/2026, tarde; palavra dela: ""seja o po e orquestrador e todas as sprints restantes""). A razão inteira está em docs/process/2026-09-04-O-PO-DECIDE-as-54-e-os-sete-conflitos.md. No cabeçalho, ao lado de 'Examinado'. É a D-16 dela, e o meio daquela faixa está vazio hoje. | QUEM DECIDIU: ELA — o PO registrou a linha, e o que ele decidiu foi ACOLHER a palavra dela da madrugada de 04/09 (D-16): ""Uma linha de veredito no topo."" — a decisão desta linha É a D-16. | CADUCOU EM 26/09/2026, pedido dela com a janela maximizada: «vamos remover a linha 3 mudanças recomendadas» — a linha saiu da tela (D-2609-A-LINHA-DE-VEREDITO-SAI).",2026-09-04,"as 54 levantadas em 04/09 por dez agentes, uma lista por aba",ela,,,
D-08X-PUBLICAR-TREZE,Publicar os treze endereços da aba Conexões,"A aba inteira, só as duas que corrigem mentira, ou segurar?","as opções estão na lista da aba, em docs/process/sprints/2026-09-04-DECISOES-DELA-*.md","a da lista da aba, salvo onde a decisão dela mandava outra coisa","declarado na lista da aba, opção por opção",não espera: respondida por ELA em 05/09,docs/process/2026-09-04-O-PO-DECIDE-as-54-e-os-sete-conflitos.md,,,"declarado na lista da aba, em linhas de tela",2026-09-04,decidida,"DECIDIDA POR DELEGAÇÃO (04/09/2026, tarde; palavra dela: ""seja o po e orquestrador e todas as sprints restantes""). A razão inteira está em docs/process/2026-09-04-O-PO-DECIDE-as-54-e-os-sete-conflitos.md. JÁ FOI FEITO: publicado na madrugada de 04/09. A pergunta morreu com o fato. | QUEM DECIDIU: ELA — respondeu esta mesma pergunta em 05/09/2026 (08-Q2), e a palavra dela vence o que o PO leu por delegação em 04/09: SEM VERBATIM — ela mandou publicar as seis correções — FEITA: mockup e página da 08 são byte a byte idênticos.",2026-09-05,"as 54 levantadas em 04/09 por dez agentes, uma lista por aba",ela,,,
D-08X-CURA-VISIVEL,O 'o que fazer' das conferências do Check-up,"Cartão na coluna da direita, segunda linha, ou continua no hover?","as opções estão na lista da aba, em docs/process/sprints/2026-09-04-DECISOES-DELA-*.md","a da lista da aba, salvo onde a decisão dela mandava outra coisa","declarado na lista da aba, opção por opção",não espera mais: decidida por delegação,docs/process/2026-09-04-O-PO-DECIDE-as-54-e-os-sete-conflitos.md,,,"declarado na lista da aba, em linhas de tela",2026-09-04,decidida,"DECIDIDA POR DELEGAÇÃO (04/09/2026, tarde; palavra dela: ""seja o po e orquestrador e todas as sprints restantes""). A razão inteira está em docs/process/2026-09-04-O-PO-DECIDE-as-54-e-os-sete-conflitos.md. Cartão de cura na coluna da direita. O lugar do 'o que fazer' já é aquele, e está ocioso na maior parte do tempo.",2026-09-04,"as 54 levantadas em 04/09 por dez agentes, uma lista por aba",delegacao,,,
D-08X-SELO-PROCEDENCIA,O selo de procedência das frases da ordem de serviço,"Só nas não medidas, nas três, ou em nenhuma?","as opções estão na lista da aba, em docs/process/sprints/2026-09-04-DECISOES-DELA-*.md","a da lista da aba, salvo onde a decisão dela mandava outra coisa","declarado na lista da aba, opção por opção",não espera: respondida por ELA em 05/09,docs/process/2026-09-04-O-PO-DECIDE-as-54-e-os-sete-conflitos.md,,,"declarado na lista da aba, em linhas de tela",2026-09-04,decidida,"DECIDIDA POR DELEGAÇÃO (04/09/2026, tarde; palavra dela: ""seja o po e orquestrador e todas as sprints restantes""). A razão inteira está em docs/process/2026-09-04-O-PO-DECIDE-as-54-e-os-sete-conflitos.md. Só nas frases que não foram medidas aqui. A marca aparece exatamente quando muda a decisão dela, e some quando não muda. | QUEM DECIDIU: ELA — respondeu esta mesma pergunta em 05/09/2026 (08-Q4), e a palavra dela vence o que o PO leu por delegação em 04/09: SEM VERBATIM — o selo de procedência só quando NÃO foi medido aqui — FEITA (a08_conexoes.py:666-667).",2026-09-05,"as 54 levantadas em 04/09 por dez agentes, uma lista por aba",ela,,,
D-08X-ORDEM-IGNORADA,Reabrir uma recomendação que ela mandou calar,"A linha fica apagada na lista, um botão no cabeçalho, ou não volta?","as opções estão na lista da aba, em docs/process/sprints/2026-09-04-DECISOES-DELA-*.md","a da lista da aba, salvo onde a decisão dela mandava outra coisa","declarado na lista da aba, opção por opção",não espera: respondida por ELA em 05/09,docs/process/2026-09-04-O-PO-DECIDE-as-54-e-os-sete-conflitos.md,,,"declarado na lista da aba, em linhas de tela",2026-09-04,decidida,"DECIDIDA POR DELEGAÇÃO (04/09/2026, tarde; palavra dela: ""seja o po e orquestrador e todas as sprints restantes""). A razão inteira está em docs/process/2026-09-04-O-PO-DECIDE-as-54-e-os-sete-conflitos.md. A linha fica na lista, apagada, e o mesmo botão de ignorar desfaz. Ela já sabe onde apertou, e o caminho de volta ser o mesmo botão não custa lugar nenhum. | QUEM DECIDIU: ELA — respondeu esta mesma pergunta em 05/09/2026 (08-Q5), e a palavra dela vence o que o PO leu por delegação em 04/09: ""A recomendação calada continua no lugar dela, em cinza, e o mesmo botão desfaz"" — ONDA5-08-01.",2026-09-05,"as 54 levantadas em 04/09 por dez agentes, uma lista por aba",ela,,,
D-08X-BOTAO-TRAVADO,O botão que só vale em certas condições,"Apaga com o motivo em dica, com o motivo em linha, com o texto de hoje, ou continua aceso?","as opções estão na lista da aba, em docs/process/sprints/2026-09-04-DECISOES-DELA-*.md","a da lista da aba, salvo onde a decisão dela mandava outra coisa","declarado na lista da aba, opção por opção",não espera mais: decidida por delegação,docs/process/2026-09-04-O-PO-DECIDE-as-54-e-os-sete-conflitos.md,,,"declarado na lista da aba, em linhas de tela",2026-09-04,decidida,"DECIDIDA POR DELEGAÇÃO (04/09/2026, tarde; palavra dela: ""seja o po e orquestrador e todas as sprints restantes""). A razão inteira está em docs/process/2026-09-04-O-PO-DECIDE-as-54-e-os-sete-conflitos.md. Apaga, e o motivo vira uma dica ao lado. É a D-03 dela, custa um glifo e não uma linha, e é a única opção barata em que o texto do hover vem do produto e nunca do desenho.",2026-09-04,"as 54 levantadas em 04/09 por dez agentes, uma lista por aba",delegacao,,,
D-08X-TETO-DAS-LISTAS,Quando a lista não cabe na tela,"Um '+N' no fim, a lista cresce, ou continua calando?","as opções estão na lista da aba, em docs/process/sprints/2026-09-04-DECISOES-DELA-*.md","a da lista da aba, salvo onde a decisão dela mandava outra coisa","declarado na lista da aba, opção por opção",não espera: respondida por ELA em 05/09,docs/process/2026-09-04-O-PO-DECIDE-as-54-e-os-sete-conflitos.md,,,"declarado na lista da aba, em linhas de tela",2026-09-04,decidida,"DECIDIDA POR DELEGAÇÃO (04/09/2026, tarde; palavra dela: ""seja o po e orquestrador e todas as sprints restantes""). A razão inteira está em docs/process/2026-09-04-O-PO-DECIDE-as-54-e-os-sete-conflitos.md. Um '+N' no fim de cada lista. É a diferença entre uma tela que não mostra e uma tela que esconde, e só custa linha no dia em que sobra. | QUEM DECIDIU: ELA — respondeu esta mesma pergunta em 05/09/2026 (08-Q7), e a palavra dela vence o que o PO leu por delegação em 04/09: ""Um mais-N no fim"" — ONDA5-08-01.",2026-09-05,"as 54 levantadas em 04/09 por dez agentes, uma lista por aba",ela,,,
D-08X-RODAPE-DO-MAPA,A frase do rodapé do Mapa do gabinete,"Trocar pela verdade, tirar a linha, ou virar recado?","as opções estão na lista da aba, em docs/process/sprints/2026-09-04-DECISOES-DELA-*.md","a da lista da aba, salvo onde a decisão dela mandava outra coisa","declarado na lista da aba, opção por opção",não espera: respondida por ELA em 05/09,docs/process/2026-09-04-O-PO-DECIDE-as-54-e-os-sete-conflitos.md,,,"declarado na lista da aba, em linhas de tela",2026-09-04,decidida,"DECIDIDA POR DELEGAÇÃO (04/09/2026, tarde; palavra dela: ""seja o po e orquestrador e todas as sprints restantes""). A razão inteira está em docs/process/2026-09-04-O-PO-DECIDE-as-54-e-os-sete-conflitos.md. Trocar pela verdade. É a mesma linha, fica certa na hora e não fica esperando motor — o clique já grava, por decisão dela de 01/09. | QUEM DECIDIU: ELA — respondeu esta mesma pergunta em 05/09/2026 (08-Q8), e a palavra dela vence o que o PO leu por delegação em 04/09: ""Trocar pela verdade"" — ONDA5-08-02.",2026-09-05,"as 54 levantadas em 04/09 por dez agentes, uma lista por aba",ela,,,
D-09S-ATUALIZAR-NOME,O botão Atualizar faz dois trabalhos com um nome só,"A frase diz os dois, o nome vira o trabalho, dois botões, ou volta a ser releitura?","as opções estão na lista da aba, em docs/process/sprints/2026-09-04-DECISOES-DELA-*.md","a da lista da aba, salvo onde a decisão dela mandava outra coisa","declarado na lista da aba, opção por opção",não espera: respondida por ELA em 05/09,docs/process/2026-09-04-O-PO-DECIDE-as-54-e-os-sete-conflitos.md,,,"declarado na lista da aba, em linhas de tela",2026-09-04,decidida,"DECIDIDA POR DELEGAÇÃO (04/09/2026, tarde; palavra dela: ""seja o po e orquestrador e todas as sprints restantes""). A razão inteira está em docs/process/2026-09-04-O-PO-DECIDE-as-54-e-os-sete-conflitos.md. O nome vira o trabalho: 'Reaplicar ajustes'. A metade barata já roda sozinha a cada 2 s, então nomear o botão pela metade que só ele faz é a única forma que para de mentir sem gastar linha. | QUEM DECIDIU: ELA — respondeu esta mesma pergunta em 05/09/2026 (09-Q1), e a palavra dela vence o que o PO leu por delegação em 04/09: ""Segue fazendo os dois. Com mesmo nome"" — ONDA5-09-01.",2026-09-05,"as 54 levantadas em 04/09 por dez agentes, uma lista por aba",ela,,,
D-09S-BOTAO-SEM-TRABALHO,O botão que não tem trabalho a fazer,"Continua clicável, apaga de verdade, ou apagado e ainda responde?","as opções estão na lista da aba, em docs/process/sprints/2026-09-04-DECISOES-DELA-*.md","a da lista da aba, salvo onde a decisão dela mandava outra coisa","declarado na lista da aba, opção por opção",não espera: respondida por ELA em 05/09,docs/process/2026-09-04-O-PO-DECIDE-as-54-e-os-sete-conflitos.md,,,"declarado na lista da aba, em linhas de tela",2026-09-04,decidida,"DECIDIDA POR DELEGAÇÃO (04/09/2026, tarde; palavra dela: ""seja o po e orquestrador e todas as sprints restantes""). A razão inteira está em docs/process/2026-09-04-O-PO-DECIDE-as-54-e-os-sete-conflitos.md. Apagado e ainda assim responde. É o único que diz o porquê sem exigir o rato, e devolve a cara de desligado que a própria página escolheu em 31/08. | QUEM DECIDIU: ELA — respondeu esta mesma pergunta em 05/09/2026 (09-Q2), e a palavra dela vence o que o PO leu por delegação em 04/09: ""Cinza mas ainda responde"" — FEITA (ONDA5-09-01 §2).",2026-09-05,"as 54 levantadas em 04/09 por dez agentes, uma lista por aba",ela,,,
D-09S-ESTADO-EM-VOO,Os nove segundos e meio calados depois do clique,"Continua calado, o botão diz que trabalha, ou o recado dá o recibo?","as opções estão na lista da aba, em docs/process/sprints/2026-09-04-DECISOES-DELA-*.md","a da lista da aba, salvo onde a decisão dela mandava outra coisa","declarado na lista da aba, opção por opção",não espera: respondida por ELA em 05/09,docs/process/2026-09-04-O-PO-DECIDE-as-54-e-os-sete-conflitos.md,,,"declarado na lista da aba, em linhas de tela",2026-09-04,decidida,"DECIDIDA POR DELEGAÇÃO (04/09/2026, tarde; palavra dela: ""seja o po e orquestrador e todas as sprints restantes""). A razão inteira está em docs/process/2026-09-04-O-PO-DECIDE-as-54-e-os-sete-conflitos.md. O botão diz que está trabalhando. É a única das três que fala DURANTE a espera em vez de depois dela, e a resposta aparece no lugar exato do clique. | QUEM DECIDIU: ELA — respondeu esta mesma pergunta em 05/09/2026 (09-Q3), e a palavra dela vence o que o PO leu por delegação em 04/09: ""Atualizando e funciona em termo de feature"" — e, no esclarecimento, ""mas o botão tem de realmente fazer o que promete"" — ONDA5-09-01 e ONDA5-09-02.",2026-09-05,"as 54 levantadas em 04/09 por dez agentes, uma lista por aba",ela,,,
D-10P-REGRA-FINA,O perfil cuja regra a tela não sabe mostrar,"Linha de recado, cadeado com hover, ou marca na lista?","as opções estão na lista da aba, em docs/process/sprints/2026-09-04-DECISOES-DELA-*.md","a da lista da aba, salvo onde a decisão dela mandava outra coisa","declarado na lista da aba, opção por opção",não espera: respondida por ELA em 05/09,docs/process/2026-09-04-O-PO-DECIDE-as-54-e-os-sete-conflitos.md,,,"declarado na lista da aba, em linhas de tela",2026-09-04,decidida,"DECIDIDA POR DELEGAÇÃO (04/09/2026, tarde; palavra dela: ""seja o po e orquestrador e todas as sprints restantes""). A razão inteira está em docs/process/2026-09-04-O-PO-DECIDE-as-54-e-os-sete-conflitos.md. Cadeado no campo, frase no hover. É a regra dela para o de média importância, o canal de hover já existe nesta página, e o cadeado é o que impede o hover de ser um segredo. | QUEM DECIDIU: ELA — respondeu esta mesma pergunta em 05/09/2026 (10-Q1), e a palavra dela vence o que o PO leu por delegação em 04/09: ""Cadeado e frase no rato"" — FEITA e publicada.",2026-09-05,"as 54 levantadas em 04/09 por dez agentes, uma lista por aba",ela,,,
D-10P-EDITOR-AVANCADO,Para onde a tela manda quem quer mudar a regra,"O editor avançado volta, a tela avisa e para, ou um botão abre o arquivo?","as opções estão na lista da aba, em docs/process/sprints/2026-09-04-DECISOES-DELA-*.md","a da lista da aba, salvo onde a decisão dela mandava outra coisa","declarado na lista da aba, opção por opção",não espera: respondida por ELA em 05/09,docs/process/2026-09-04-O-PO-DECIDE-as-54-e-os-sete-conflitos.md,,,"declarado na lista da aba, em linhas de tela",2026-09-04,decidida,"DECIDIDA POR DELEGAÇÃO (04/09/2026, tarde; palavra dela: ""seja o po e orquestrador e todas as sprints restantes""). A razão inteira está em docs/process/2026-09-04-O-PO-DECIDE-as-54-e-os-sete-conflitos.md. A tela avisa e para por aí. Fecha hoje o buraco que existe — a tela afirmando uma regra que não é a regra — sem esperar motor; o editor avançado volta como sprint no dia em que houver razão medida. | QUEM DECIDIU: ELA — respondeu esta mesma pergunta em 05/09/2026 (10-Q2), e a palavra dela vence o que o PO leu por delegação em 04/09: ""Isso é erro do produto."" — ONDA5-10-01.",2026-09-05,"as 54 levantadas em 04/09 por dez agentes, uma lista por aba",ela,,,
D-10P-FRASE-PRIORIDADE,A frase da Prioridade que ela aprovou e não chegou à tela,"A frase dela no desenho, o produto escreve a dica, ou vira linha fixa?","as opções estão na lista da aba, em docs/process/sprints/2026-09-04-DECISOES-DELA-*.md","a da lista da aba, salvo onde a decisão dela mandava outra coisa","declarado na lista da aba, opção por opção",não espera: respondida por ELA em 05/09,docs/process/2026-09-04-O-PO-DECIDE-as-54-e-os-sete-conflitos.md,,,"declarado na lista da aba, em linhas de tela",2026-09-04,decidida,"DECIDIDA POR DELEGAÇÃO (04/09/2026, tarde; palavra dela: ""seja o po e orquestrador e todas as sprints restantes""). A razão inteira está em docs/process/2026-09-04-O-PO-DECIDE-as-54-e-os-sete-conflitos.md. A frase dela entra no desenho, e vão as DUAS: a dela primeiro, seguida da explicação do Universal em zero, que o texto de hoje tem e o dela não. | QUEM DECIDIU: ELA — respondeu esta mesma pergunta em 05/09/2026 (10-Q3), e a palavra dela vence o que o PO leu por delegação em 04/09: ""A sua frase no desenho"" — FEITA, e amarrada por régua.",2026-09-05,"as 54 levantadas em 04/09 por dez agentes, uma lista por aba",ela,,,
D-10P-CAMPO-DO-JOGO,O que a tela responde quando ela digita o número do jogo,"Só a tira com o campo se corrigindo, rótulo ao vivo, ou rótulo fixo?","as opções estão na lista da aba, em docs/process/sprints/2026-09-04-DECISOES-DELA-*.md","a da lista da aba, salvo onde a decisão dela mandava outra coisa","declarado na lista da aba, opção por opção",não espera: respondida por ELA em 05/09,docs/process/2026-09-04-O-PO-DECIDE-as-54-e-os-sete-conflitos.md,,,"declarado na lista da aba, em linhas de tela",2026-09-04,decidida,"DECIDIDA POR DELEGAÇÃO (04/09/2026, tarde; palavra dela: ""seja o po e orquestrador e todas as sprints restantes""). A razão inteira está em docs/process/2026-09-04-O-PO-DECIDE-as-54-e-os-sete-conflitos.md. Só a tira, e o campo se corrige — o endereço colado vira o número na frente dela. O rótulo ao vivo pode vir depois sem desfazer nada. | QUEM DECIDIU: ELA — respondeu esta mesma pergunta em 05/09/2026 (10-Q4), e a palavra dela vence o que o PO leu por delegação em 04/09: ""Rótulo ao lado, ao vivo"" — ONDA5-10-02.",2026-09-05,"as 54 levantadas em 04/09 por dez agentes, uma lista por aba",ela,,,
D-10P-TIRA-DUAS-LINHAS,A tira de desfecho corta o fim da frase,"Segunda linha, hover, encurtar a frase, ou altura automática?","as opções estão na lista da aba, em docs/process/sprints/2026-09-04-DECISOES-DELA-*.md","a da lista da aba, salvo onde a decisão dela mandava outra coisa","declarado na lista da aba, opção por opção",não espera: respondida por ELA em 05/09,docs/process/2026-09-04-O-PO-DECIDE-as-54-e-os-sete-conflitos.md,,,"declarado na lista da aba, em linhas de tela",2026-09-04,decidida,"DECIDIDA POR DELEGAÇÃO (04/09/2026, tarde; palavra dela: ""seja o po e orquestrador e todas as sprints restantes""). A razão inteira está em docs/process/2026-09-04-O-PO-DECIDE-as-54-e-os-sete-conflitos.md. A tira ganha uma segunda linha. A metade que avisa está no fim da frase, e é a única opção em que ela chega sem gesto e sem a lista pular. | QUEM DECIDIU: ELA — respondeu esta mesma pergunta em 05/09/2026 (10-Q5), e a palavra dela vence o que o PO leu por delegação em 04/09: ""Encurtar as frases longas"" — ONDA5-10-02.",2026-09-05,"as 54 levantadas em 04/09 por dez agentes, uma lista por aba",ela,,,
D-10P-AVISOS-DO-MODO,Os dois avisos do quadro Modo do perfil,"Preço no hover e rádio em linha, as duas escritas, ou as duas no hover?","as opções estão na lista da aba, em docs/process/sprints/2026-09-04-DECISOES-DELA-*.md","a da lista da aba, salvo onde a decisão dela mandava outra coisa","declarado na lista da aba, opção por opção",não espera: respondida por ELA em 05/09,docs/process/2026-09-04-O-PO-DECIDE-as-54-e-os-sete-conflitos.md,,,"declarado na lista da aba, em linhas de tela",2026-09-04,decidida,"DECIDIDA POR DELEGAÇÃO (04/09/2026, tarde; palavra dela: ""seja o po e orquestrador e todas as sprints restantes""). A razão inteira está em docs/process/2026-09-04-O-PO-DECIDE-as-54-e-os-sete-conflitos.md. Preço no hover, aviso do rádio em linha — como ela pediu por escrito. ESPERA o quadro Modo existir, que é a maior ausência isolada do inventário. | QUEM DECIDIU: ELA — respondeu esta mesma pergunta em 05/09/2026 (10-Q6), e a palavra dela vence o que o PO leu por delegação em 04/09: ""É pra tudo funcionar independente do modo, mascarou forma de conexão."" — A-MASCARA-NAO-CUSTA-FEATURE, ONDA5-10-03 e ONDA5-MIC-VIRTUAL-01.",2026-09-05,"as 54 levantadas em 04/09 por dez agentes, uma lista por aba",ela,,,
D-0609-REENVIO-SAI,O ↻ de reenvio da aba Gatilhos,Fica ou sai?,"as opções foram dadas no chat, em escolhas de 4 por vez",a primeira opção de cada pergunta,declarado em cada opção,não espera: decidida por ELA,docs/process/2026-09-06-AS-VINTE-E-QUATRO-HORAS-a-ordem-que-o-orquestrador-despacha-e-as-rotas-corrigidas.md,,,zero de tela; muda a fila,2026-09-06,decidida,"ELA, 06/09/2026: ""sai"". REVOGA a leitura de D-03G-BOTAO-REENVIO; o botão, o gesto e as cinco réguas saem (ONDA5-03-02).",2026-09-06,"as perguntas de 06/09 no chat, depois da leitura da casa inteira (quem_decidiu=ela)",ela,D-03G-BOTAO-REENVIO,,
D-0609-CURA-USB-ENTRA,A linha da cura do travamento do USB na coluna Atenção,Tirar? Até onde?,"as opções foram dadas no chat, em escolhas de 4 por vez",a primeira opção de cada pergunta,declarado em cada opção,não espera: decidida por ELA,docs/process/2026-09-06-AS-VINTE-E-QUATRO-HORAS-a-ordem-que-o-orquestrador-despacha-e-as-rotas-corrigidas.md,,,zero de tela; muda a fila,2026-09-06,decidida,"ELA, 06/09/2026: ""pode entrar. Eu falei isso em específico? não me recordo. devo ter me expressado errado"" — a ONDA5-01-01 fica; selo CONTROLE, revisto por ela na publicação.",2026-09-06,"as perguntas de 06/09 no chat, depois da leitura da casa inteira (quem_decidiu=ela)",ela,,,
D-0609-CONTAGEM-USB-BT,A contagem do cabeçalho depois da S-10,"Fica USB·BT, vira ""no cabo/no rádio"", ou some?","as opções foram dadas no chat, em escolhas de 4 por vez",a primeira opção de cada pergunta,declarado em cada opção,não espera: decidida por ELA,docs/process/2026-09-06-AS-VINTE-E-QUATRO-HORAS-a-ordem-que-o-orquestrador-despacha-e-as-rotas-corrigidas.md,,,zero de tela; muda a fila,2026-09-06,decidida,"ELA, 06/09/2026: fica `2 USB · 0 BT`; só a palavra de cada controle muda.",2026-09-06,"as perguntas de 06/09 no chat, depois da leitura da casa inteira (quem_decidiu=ela)",ela,,,
D-0609-FRASES-NO-FIM,Frases novas de tela,Quem aprova e quando?,"as opções foram dadas no chat, em escolhas de 4 por vez",a primeira opção de cada pergunta,declarado em cada opção,não espera: decidida por ELA,docs/process/2026-09-06-AS-VINTE-E-QUATRO-HORAS-a-ordem-que-o-orquestrador-despacha-e-as-rotas-corrigidas.md,,,zero de tela; muda a fila,2026-09-06,decidida,"ELA, 06/09/2026: quem coordena escreve, ela revê tudo de uma vez na publicação.",2026-09-06,"as perguntas de 06/09 no chat, depois da leitura da casa inteira (quem_decidiu=ela)",ela,,,
D-0609-PERFIS-GENERO,"Os perfis de gênero (ação, aventura, corrida…)",O que fazer com eles?,"as opções foram dadas no chat, em escolhas de 4 por vez",a primeira opção de cada pergunta,declarado em cada opção,não espera: decidida por ELA,docs/process/2026-09-06-AS-VINTE-E-QUATRO-HORAS-a-ordem-que-o-orquestrador-despacha-e-as-rotas-corrigidas.md,,,zero de tela; muda a fila,2026-09-06,decidida,"ELA, 06/09/2026: ""Isso não é perfil, isso é estilo de jogo"" — somem da lista e da semeadura; os arquivos ficam (PERFIS-SAO-PERFIS-01). Confirma D-APLICA-A-VIRA-AMBIENTE de 03/09.",2026-09-06,"as perguntas de 06/09 no chat, depois da leitura da casa inteira (quem_decidiu=ela)",ela,,,
D-0609-PERFIS-JOGO,Os 24 perfis por jogo semeados em 29/08,Ficam?,"as opções foram dadas no chat, em escolhas de 4 por vez",a primeira opção de cada pergunta,declarado em cada opção,não espera: decidida por ELA,docs/process/2026-09-06-AS-VINTE-E-QUATRO-HORAS-a-ordem-que-o-orquestrador-despacha-e-as-rotas-corrigidas.md,,,zero de tela; muda a fila,2026-09-06,decidida,"ELA, 06/09/2026: ""ficam se o sistema antigo tiver sido adaptado pro novo sistema de perfis. caso contrário mantemos só o nome e o id pra eu reconfigurar um a um"" — medido: são o molde de 29/08 com um match; ficam só com nome e id.",2026-09-06,"as perguntas de 06/09 no chat, depois da leitura da casa inteira (quem_decidiu=ela)",ela,,,
D-0609-PRIORIDADE-TODAS-MENOS-07,O que entra primeiro das features de jogar,Quais abas?,"as opções foram dadas no chat, em escolhas de 4 por vez",a primeira opção de cada pergunta,declarado em cada opção,não espera: decidida por ELA,docs/process/2026-09-06-AS-VINTE-E-QUATRO-HORAS-a-ordem-que-o-orquestrador-despacha-e-as-rotas-corrigidas.md,,,zero de tela; muda a fila,2026-09-06,decidida,"ELA, 06/09/2026: ""todas as abas exceção de lançadores"" — a 07 é a última.",2026-09-06,"as perguntas de 06/09 no chat, depois da leitura da casa inteira (quem_decidiu=ela)",ela,,,
D-0609-STEAM-DIVIDIDO,Onde ficam os botões da Steam,"07, 09 ou dividido?","as opções foram dadas no chat, em escolhas de 4 por vez",a primeira opção de cada pergunta,declarado em cada opção,não espera: decidida por ELA,docs/process/2026-09-06-AS-VINTE-E-QUATRO-HORAS-a-ordem-que-o-orquestrador-despacha-e-as-rotas-corrigidas.md,,,zero de tela; muda a fila,2026-09-06,decidida,"ELA, 06/09/2026: dividido: Steam Input e allowlist na 07; Consertar, Restaurar de fábrica e Aplicar aos jogos na 09.",2026-09-06,"as perguntas de 06/09 no chat, depois da leitura da casa inteira (quem_decidiu=ela)",ela,,tests/unit/test_a_aba_lancadores_diz_a_verdade.py::test_o_piso_de_gestos_da_aba_so_sobe,
D-0609-MESA-E-PALAVRA-NAO-FEATURE,"Perfil de bateria (tabela e conta de slots) e a palavra ""mesa""","Fica fora por ""não é pra ter mesa""?","as opções foram dadas no chat, em escolhas de 4 por vez",a primeira opção de cada pergunta,declarado em cada opção,não espera: decidida por ELA,docs/process/2026-09-06-AS-VINTE-E-QUATRO-HORAS-a-ordem-que-o-orquestrador-despacha-e-as-rotas-corrigidas.md,,,zero de tela; muda a fila,2026-09-06,decidida,"ELA, 06/09/2026: ""Falei do termo mesa que é horrível. Mas as levas anteriores entraram na pira de usar isso em tudo no layout. O termo sai e coloca-se termos simples pro user comum. feature fica."" — a tabela e a conta de slots ENTRAM (SISTEMA-STEAM-01); ""mesa"" é palavra banida na tela, não feature.",2026-09-06,"as perguntas de 06/09 no chat, depois da leitura da casa inteira (quem_decidiu=ela)",ela,,,
D-0609-ABA05-FICA,"As remoções da aba Vibração feitas em nome de ""mesa""",Revisar?,"as opções foram dadas no chat, em escolhas de 4 por vez",a primeira opção de cada pergunta,declarado em cada opção,não espera: decidida por ELA,docs/process/2026-09-06-AS-VINTE-E-QUATRO-HORAS-a-ordem-que-o-orquestrador-despacha-e-as-rotas-corrigidas.md,,,zero de tela; muda a fila,2026-09-06,decidida,"ELA, 06/09/2026: ""Deixar a 05 como está"" — lá valeu também ""segue os três modos sempre"" e menos poluição.",2026-09-06,"as perguntas de 06/09 no chat, depois da leitura da casa inteira (quem_decidiu=ela)",ela,,,
D-0609-EXTERNOS-DEPOIS,"Controles externos (Nintendo Pro, 8BitDo)",Entram nas 24 h?,"as opções foram dadas no chat, em escolhas de 4 por vez",a primeira opção de cada pergunta,declarado em cada opção,não espera: decidida por ELA,docs/process/2026-09-06-AS-VINTE-E-QUATRO-HORAS-a-ordem-que-o-orquestrador-despacha-e-as-rotas-corrigidas.md,,,zero de tela; muda a fila,2026-09-06,decidida,"ELA, 06/09/2026: ""Materializa as sprints. mas o foco do programa hoje é fazer os 4 dualsense funcionar seja via bt ou cabo."" — EXTERNOS-01 escrita e fora das 24 h.",2026-09-06,"as perguntas de 06/09 no chat, depois da leitura da casa inteira (quem_decidiu=ela)",ela,,,
D-0609-FOCO-QUATRO-DUALSENSE,O foco das 24 horas,O que é pronto?,"as opções foram dadas no chat, em escolhas de 4 por vez",a primeira opção de cada pergunta,declarado em cada opção,não espera: decidida por ELA,docs/process/2026-09-06-AS-VINTE-E-QUATRO-HORAS-a-ordem-que-o-orquestrador-despacha-e-as-rotas-corrigidas.md,,,zero de tela; muda a fila,2026-09-06,decidida,"ELA, 06/09/2026: os 4 DualSense funcionando, por rádio ou por cabo; a bancada dos quatro é no FECHO, com ela (MESA-DE-QUATRO-01).",2026-09-06,"as perguntas de 06/09 no chat, depois da leitura da casa inteira (quem_decidiu=ela)",ela,,,
D-0609-MIC-BT-ENTRA,Mic virtual pelo rádio (MIC-VIRTUAL-02),Entra nas 24 h?,"as opções foram dadas no chat, em escolhas de 4 por vez",a primeira opção de cada pergunta,declarado em cada opção,não espera: decidida por ELA,docs/process/2026-09-06-AS-VINTE-E-QUATRO-HORAS-a-ordem-que-o-orquestrador-despacha-e-as-rotas-corrigidas.md,,,zero de tela; muda a fila,2026-09-06,decidida,"ELA, 06/09/2026: entra, com prova em dois controles antes de trocar os chamadores.",2026-09-06,"as perguntas de 06/09 no chat, depois da leitura da casa inteira (quem_decidiu=ela)",ela,,,
D-0609-SOM-BT-NO-FECHO,O ensaio do som pelo rádio,Quando?,"as opções foram dadas no chat, em escolhas de 4 por vez",a primeira opção de cada pergunta,declarado em cada opção,não espera: decidida por ELA,docs/process/2026-09-06-AS-VINTE-E-QUATRO-HORAS-a-ordem-que-o-orquestrador-despacha-e-as-rotas-corrigidas.md,,,zero de tela; muda a fila,2026-09-06,decidida,"ELA, 06/09/2026: ""deixa pras últimas etapas da 24h mas ainda nessas 24"" — no FECHO, junto com a bancada dos quatro.",2026-09-06,"as perguntas de 06/09 no chat, depois da leitura da casa inteira (quem_decidiu=ela)",ela,,,
D-0609-DOZE-AGENTES,Agentes em paralelo na ONDA A,"12, 8 ou 6?","as opções foram dadas no chat, em escolhas de 4 por vez",a primeira opção de cada pergunta,declarado em cada opção,não espera: decidida por ELA,docs/process/2026-09-06-AS-VINTE-E-QUATRO-HORAS-a-ordem-que-o-orquestrador-despacha-e-as-rotas-corrigidas.md,,,zero de tela; muda a fila,2026-09-06,decidida,"ELA, 06/09/2026: 12, como está.",2026-09-06,"as perguntas de 06/09 no chat, depois da leitura da casa inteira (quem_decidiu=ela)",ela,,,processo
D-0609-PUBLICAR-NO-FECHO,Cadência do --publicar,"Uma volta, por onda, ou quem coordena?","as opções foram dadas no chat, em escolhas de 4 por vez",a primeira opção de cada pergunta,declarado em cada opção,não espera: decidida por ELA,docs/process/2026-09-06-AS-VINTE-E-QUATRO-HORAS-a-ordem-que-o-orquestrador-despacha-e-as-rotas-corrigidas.md,,,zero de tela; muda a fila,2026-09-06,decidida,"ELA, 06/09/2026: uma volta só no FECHO, ela olhando as fotos.",2026-09-06,"as perguntas de 06/09 no chat, depois da leitura da casa inteira (quem_decidiu=ela)",ela,,,processo
D-0609-QUEM-RODA-O-INSTALL,Quem roda o install.sh no fim,"Ela, quem coordena com a palavra dela, ou ninguém?","as opções foram dadas no chat, em escolhas de 4 por vez",a primeira opção de cada pergunta,declarado em cada opção,não espera: decidida por ELA,docs/process/2026-09-06-AS-VINTE-E-QUATRO-HORAS-a-ordem-que-o-orquestrador-despacha-e-as-rotas-corrigidas.md,,,zero de tela; muda a fila,2026-09-06,decidida,"ELA, 06/09/2026: quem coordena, com a palavra dela no FECHO, na árvore dela.",2026-09-06,"as perguntas de 06/09 no chat, depois da leitura da casa inteira (quem_decidiu=ela)",ela,,,processo
D-0609-BRANCHES,As cinco branches com trabalho fora do dev,"Cherry-pick, apagar ou olhar?","as opções foram dadas no chat, em escolhas de 4 por vez",a primeira opção de cada pergunta,declarado em cada opção,não espera: decidida por ELA,docs/process/2026-09-06-AS-VINTE-E-QUATRO-HORAS-a-ordem-que-o-orquestrador-despacha-e-as-rotas-corrigidas.md,,,zero de tela; muda a fila,2026-09-06,decidida,"ELA, 06/09/2026: quem coordena faz cherry-pick do que passa e põe lápide no resto.",2026-09-06,"as perguntas de 06/09 no chat, depois da leitura da casa inteira (quem_decidiu=ela)",ela,,,processo
D-0609-GTK-LEVA-INTEIRA,A janela GTK (D-19),"Parada, inventário, ou a leva inteira?","as opções foram dadas no chat, em escolhas de 4 por vez",a primeira opção de cada pergunta,declarado em cada opção,não espera: decidida por ELA,docs/process/2026-09-06-AS-VINTE-E-QUATRO-HORAS-a-ordem-que-o-orquestrador-despacha-e-as-rotas-corrigidas.md,,,zero de tela; muda a fila,2026-09-06,decidida,"ELA, 06/09/2026: ""a ideia sempre foi reaproveitar o que fiz no gtk e não apontar nada mais pra lá mas pro html"" — a LEVA INTEIRA nas 24 h; o motor fica; nada novo aponta para a janela.",2026-09-06,"as perguntas de 06/09 no chat, depois da leitura da casa inteira (quem_decidiu=ela)",ela,,tests/unit/portao_a_casa_sabe_e_o_produto_nao_faz.py::test_a_varredura_enxerga_os_chamadores_que_existem,
D-0609-TELA-SAMBA,"A interface ""sambando""",O que ela vê?,"as opções foram dadas no chat, em escolhas de 4 por vez",a primeira opção de cada pergunta,declarado em cada opção,não espera: decidida por ELA,docs/process/2026-09-06-AS-VINTE-E-QUATRO-HORAS-a-ordem-que-o-orquestrador-despacha-e-as-rotas-corrigidas.md,,,zero de tela; muda a fila,2026-09-06,decidida,"ELA, 06/09/2026: ""pisca / repinta sem parar; cliques não aplicam ou atrasam; trava por instantes; botões não funcionam, algo ativa o tooltip mas ele se desativa"" — A-TELA-SAMBA-01 é a primeira sprint.",2026-09-06,"as perguntas de 06/09 no chat, depois da leitura da casa inteira (quem_decidiu=ela)",ela,,,
D-0609-A-MAQUINA-DURANTE-A-LEVA,"A máquina, o sudo e o reset durante as 24 horas","Quem pode usar a máquina, com privilégio, enquanto a leva corre?",só ela | quem coordena com a palavra dela a cada vez | quem coordena à vontade,não houve: ela decidiu antes de a pergunta ser feita,"sem isso, todo passo que pede privilégio (daemon, udev, install) para e espera ela acordar","não espera: decidida por ELA, no chat, durante o Passo 0",docs/process/2026-09-06-AS-VINTE-E-QUATRO-HORAS-a-ordem-que-o-orquestrador-despacha-e-as-rotas-corrigidas.md,,,zero de código; muda o que o coordenador pode fazer sozinho,2026-09-06,decidida,"ELA, 06/09/2026, no chat, durante o Passo 0: ""24 horas de trampo. o pc é seu. pode resetar e fazer o que for necessário para conclusão de tudo. vc coordena e usa o pc a vontade."" Ela entregou a senha sudo no chat; a senha NÃO entra em arquivo nenhum, nem em prompt de agente — isso continua valendo. O QUE MUDA: o coordenador não trava esperando a palavra dela para um passo privilegiado. O QUE NÃO MUDA: o install.sh continua no FECHO — não por falta de permissão, mas porque instalar no meio da leva aponta o lançador dela para código a meio caminho (o contrato da casa, risco 1). E ninguém recebe sudo sem a palavra dela.",2026-09-06,"a mensagem dela no meio do Passo 0, sem pergunta prévia",ela,,,processo
D-0609-O-ID-DA-SPRINT-MORA-NO-FRONTMATTER,"O id de uma sprint mora no `sprint:` do frontmatter, e o nome do arquivo é só desempate","Quando dois arquivos casam com o mesmo id de sprint, qual deles o despachante abre?",a) casar pelo `sprint:` do frontmatter e usar o glob do nome só quando ninguém declara | b) renomear um dos dois arquivos | c) exigir que o nome do arquivo seja único,a,renomear custa reescrever os 25 documentos que citam `STEAM-INPUT-01`; exigir nome único quebra todo arquivo escrito antes de existir frontmatter,,scripts/despachar-agente.sh · scripts/check_colisao_de_sprints.py,,,"duas funções de resolução, uma em cada script",2026-09-06,decidida,"DECIDIDA POR DELEGAÇÃO (06/09/2026, o mandato das 24 horas; palavra dela: ""vc coordena e usa o pc a vontade""). REVERSÍVEL NUMA FRASE. a",2026-09-06,"o despacho da ONDA C morreu dizendo que a STEAM-INPUT-01 não declara posse — e ele estava lendo o dossiê de 26/07, com a sprint certa aberta na lista viva do lado",delegacao,,,processo
D-0609-O-TERCEIRO-LUGAR-ENTRA-NA-COSTURA,"A metade do piloto que a ONDA5-05-03 relatou entra na costura, e quem costura refaz a mordida","Um agente relata o diff exato de um arquivo que está no `nao_toca` dele. Quem aplica, e com que prova?",a) quem costura aplica e REFAZ a mordida | b) quem costura aplica confiando no relatório | c) abrir sprint nova para a outra metade,a,confiar no relatório é acreditar em régua que não se viu morder; sprint nova custa uma volta inteira por quatro trechos de JavaScript,,src/hefesto_dualsense4unix/interface/hefesto_vivo.py · pintar_recados,,,"quatro trechos, e a mordida refeita contra a bancada da 05",2026-09-06,decidida,"DECIDIDA POR DELEGAÇÃO (06/09/2026, o mandato das 24 horas; palavra dela: ""vc coordena e usa o pc a vontade""). REVERSÍVEL NUMA FRASE. a",2026-09-06,"a 05-Q4 dela pede a confirmação na faixa embaixo da grade, e `hefesto_vivo.py` é `nao_toca` da sprint que a desenhou",delegacao,,,processo
D-0609-O-SINAL-DA-PARIDADE-NAO-E-PROSA,"Numa linha do CSV da paridade que fechou, o sinal do lado HTML é o endereço de tela, não o nome da função da janela","A régua acusou dívida fechada porque o nome da função da GTK apareceu no arquivo do lado HTML — mas ele aparece só em PROSA, numa docstring que nomeia o gêmeo. O que muda: o veredito ou o sinal?",a) trocar o sinal pelo endereço de tela (`data-gesto=...`) e remedir o veredito | b) manter o sinal e afrouxar a régua | c) apagar a prosa que nomeia o gêmeo,a,afrouxar a régua desliga a única coisa que impede o número da paridade de virar propaganda; apagar a prosa tira da casa a explicação de por que as duas features são opostas,,"docs/data/paridade-gtk-html.csv linhas 140, 141, 143, 148",,,quatro linhas remedidas e os números publicados acompanhando,2026-09-06,decidida,"DECIDIDA POR DELEGAÇÃO (06/09/2026, o mandato das 24 horas; palavra dela: ""vc coordena e usa o pc a vontade""). REVERSÍVEL NUMA FRASE. a",2026-09-06,a LUZES-01 fechou as cinco dívidas da 04 e avisou da armadilha na linha 142; o portão acusou quatro delas na costura,delegacao,,,
D-0609-A-AUSENCIA-DO-TRANSPORTE-CONFESSA,"Sem leitura do transporte, a tela diz que não sabe — e é a frase de um dono só","Duas réguas vivas discordavam sobre o mesmo campo: a de 05/09 exigia vazio (o travessão do piloto) quando o daemon não publica o `transport`, e o dono da palavra responde ""não sei por onde"" desde o produto estável. Qual das duas fica?","a) a frase do dono, e a régua confere o ato de não afirmar; b) o vazio, e a frase do dono muda; c) as duas, cada tela com a sua",a,"(b) reabre o defeito de dois donos que a régua de 05/09 veio matar, e apaga uma razão escrita há semanas: ""'?' não é resposta — é a tela encolhendo os ombros"". (c) é o defeito, não uma opção",,src/hefesto_dualsense4unix/app/actions/home_actions.py:758 · src/hefesto_dualsense4unix/interface/mesa_viva.py:123 · tests/unit/test_a_tela_nao_inventa_o_transporte.py,,,uma régua reescrita,06/09/2026,decidida,"DECIDIDA POR DELEGAÇÃO (06/09/2026, o mandato das 24 horas; palavra dela: ""vc coordena e usa o pc a vontade""). REVERSÍVEL NUMA FRASE. a — fica a frase do dono. A régua passa a medir o que ela sempre protegeu: a tela não AFIRMA um transporte que ninguém leu. O travessão continua sendo o que o piloto escreve onde não há texto nenhum, e a confissão é texto.",06/09/2026,ONDA4-S10-O-TRANSPORTE-01 · os doze lotes da costura da ONDA C,delegacao,,,
D-0609-A-ONDA-F-NASCE-DO-ESTADO,"Depois da ONDA E, quem abre a próxima onda é a lista viva — não o plano","As cinco ondas do plano fecharam às 13h30, sete horas antes da janela do FECHO, e a lista viva ainda tinha três sprints com todo o `depois_de` fechado. O coordenador para no plano ou abre uma onda a mais?",a) abrir a ONDA F com as três que a lista viva mostra desbloqueadas | b) parar no plano e entrar no FECHO com sete horas de folga | c) adiantar o FECHO,a,"(b) devolve à fila trabalho que já estava desbloqueado e cabia no dia — e a PARIDADE-REMEDIR-01 é a régua do §7, então parar antes dela é publicar o número de ontem como se fosse o de hoje. (c) rouba dela a hora dos quatro controles, que é a única prova que ninguém substitui",não espera: decidida por delegação,docs/process/sprints/arquivados/2026-09-05-ONDA5-01-03-o-cadeado-ja-esta-na-tela-e-o-que-falta-e-o-verde.md · docs/process/sprints/arquivados/2026-09-06-ONDA5-P-01-o-terceiro-lugar-do-recado-e-a-quarta-porta.md · docs/process/sprints/arquivados/2026-09-06-PARIDADE-REMEDIR-01-a-regua-para-de-medir-o-mundo-de-ontem.md,,,"três agentes, sem colisão de posse (a01_jogar.py · hefesto_vivo.py · o CSV)",06/09/2026,decidida,"DECIDIDA POR DELEGAÇÃO (06/09/2026, o mandato das 24 horas; palavra dela: ""vc coordena e usa o pc a vontade""). REVERSÍVEL NUMA FRASE. a — a ONDA F sai com três agentes. O critério não é o plano: é o `depois_de` fechado na lista viva, que é o que o `check_colisao_de_sprints.py --abertas` responde. O plano de §5 dividiu por posse e por desbloqueio ATÉ ONDE ENXERGAVA às 02h41; a lista viva enxerga às 13h30.",06/09/2026,"a triagem que achou oito sprints entregues e ainda `estado: aberta` — e, no mesmo passo, três que ninguém tinha despachado",delegacao,,,
D-0609-PROSA-DE-DIAGNOSTICO-NAO-E-TEXTO-DE-TELA,A palavra banida sai do TEXTO DE TELA; a prosa que só o terminal da bancada lê não é tela,"`painel.ESCRITOR_DOS_MODOS[gamepad]` diz a palavra banida. É a décima sétima frase de `app/`, ou não é texto de tela?","a) seguir o consumidor até o fim e decidir pelo DESFECHO | b) curar toda ocorrência em `app/`, por precaução | c) deixar como está sem medir",a,"(b) apaga a distinção que o glossário existe para guardar — a palavra sai da TELA e o nome interno fica —, e o preço dela é quem vier depois não saber mais onde a régua termina. (c) é o que a sprint veio matar",não espera: decidida por delegação,src/hefesto_dualsense4unix/app/actions/jogar/painel.py:188 · src/hefesto_dualsense4unix/interface/controles_vivos.py:153,,,"nenhuma linha mudada, e a razão escrita",06/09/2026,decidida,"DECIDIDA POR DELEGAÇÃO (06/09/2026, o mandato das 24 horas; palavra dela: ""vc coordena e usa o pc a vontade""). REVERSÍVEL NUMA FRASE. a — NÃO é a décima sétima. Seguido até o fim, `escritor_do_modo` alimenta `controles_vivos.DONOS_DOS_GESTOS`, que morre em `print()` no terminal de quem dirige a bancada: não escreve campo nenhum, não passa pelo funil `_json`, não chega ao WebView. É prosa de diagnóstico. A régua que decide é o DESFECHO, nunca o arquivo em que a frase mora — foi por medir o arquivo que a A-PALAVRA-MESA-SAI-01 quase pediu dezessete curas onde cabiam dezesseis.",06/09/2026,a A-PALAVRA-MESA-SAI-01 listou dezesseis frases de `app/` e apontou uma décima sétima sem seguir o consumidor dela até o fim,delegacao,,,
D-0609-ADIAMENTO-NAO-E-REMOCAO,Uma feature que ela tirou do PLANO continua FALTA na régua — adiar não é remover,"As decisões de 06/09 tiraram várias features das 24 horas (controles externos, o editor avançado de regra, o custo da máscara antes do clique). No CSV da paridade, elas viram o quê?","a) continuam `FALTA_NO_HTML` — a régua é onde a fila mora | b) saem da conta, porque ninguém as vai fazer | c) viram `DIFERENTE`, porque a ausência é escolha dela",a,"(b) e (c) esvaziam a fila sobre trabalho que ninguém fez, e o número da paridade vira propaganda — que é exatamente o que o `sinal` obrigatório existe para impedir. A própria 24 HORAS põe essas features na §10 e fecha dizendo ""o resto dos FALTA fica na régua, que é onde fila mora""",não espera: decidida por delegação,docs/data/paridade-gtk-html.csv · scripts/check_paridade_gtk_html.py,,,nenhuma linha promovida; a regra escrita no `porque` das linhas afetadas,06/09/2026,decidida,"DECIDIDA POR DELEGAÇÃO (06/09/2026, o mandato das 24 horas; palavra dela: ""vc coordena e usa o pc a vontade""). REVERSÍVEL NUMA FRASE. a — a regra, escrita para não ser reaberta: **`DIFERENTE` exige que o HTML entregue a MESMA RESPOSTA por outro caminho, com endereço lido no código. Se a resposta não chega à tela, é `FALTA`, mesmo quando a ausência é escolha dela.** O CSV já tinha o precedente nas linhas 165 e 170.",06/09/2026,"a §2.4 da PARIDADE-REMEDIR-01 mandava tratar como não-FALTA as features adiadas, e o agente RECUSOU o próprio enunciado citando a fonte de onde a lista veio",delegacao,,,
D-0609-O-MAPA-INFORMA-NUNCA-VETA,"O mapa de canais está atrasado, não errado — uma célula `aciona=não` quer dizer 'ninguém remediu'","Uma célula do `mapa-controles.csv` diz que a feature não aciona num transporte, e a sprint pede para construí-la ali. O agente para, ou constrói?","a) constrói, e o que medir volta para o mapa | b) para e recusa, citando a célula | c) constrói só no transporte que a célula sustenta",a,"(b) e (c) transformam um mapa ATRASADO em freio, e param trabalho que funciona. Medido em 06/09: das 78 features do DualSense que `existe=tem`, **40 têm o grau do cabo vazio e 43 o do rádio** — não porque o aparelho recuse, mas porque ninguém marcou","não espera: palavra dela, direta, em 06/09",docs/data/mapa-controles.csv · scripts/validar-fala-de-tela.py · o contrato da casa,,,"duas ordens revertidas a agentes em voo, no mesmo dia",06/09/2026,decidida,"ELA, 06/09/2026, verbatim: ""Esse mapa é funcional e real. tá desartualizado no sentido de não ter sido medido. foi e tudo funciona."" e ""Não vai por outro caminho e não deixa os agentes recusarem de novo."" — O MAPA INFORMA, NUNCA VETA. Ele foi construído por centenas de agentes, é real, e ela o validou na máquina. A regra que decide continua sendo a de sempre: quando o instrumento e o aparelho discordam, o APARELHO ganha. Nenhum agente para um passo citando uma célula; ele constrói, mede, e RELATA o que viu com a `chave` correspondente, para a célula ser marcada. O fluxo que faltava é esse: o que se mede volta para o mapa.",06/09/2026,"o coordenador leu `radio_aciona=não` como ""não funciona"", mandou um agente PARAR o som de confirmação, e ela corrigiu na hora",ela,,tests/unit/test_a_paridade_cruza_o_mapa_de_canais.py::test_a_causa_nao_medido_avisa_e_nao_reprova,
D-0609-A-BANCADA-PROVA-NAO-BLOQUEIA,"A MESA-DE-QUATRO-01 é a PROVA das sprints de código, não o portão delas","Cinco sprints tinham `depois_de: MESA-DE-QUATRO-01`. O agente espera a bancada, ou constrói com dublê e a bancada prova?",a) constrói agora com dublê; a bancada prova no FECHO | b) espera a bancada,a,"(b) põe cinco sprints atrás de um ato dela que acontece no FECHO — nada fecharia em 24 h. Palavra dela: todas as sprints, todas realmente",não espera: delegação,"docs/process/sprints/ (COOP-NA-CONEXAO-NATIVA-01, EXTERNOS-01, RESERVA-DO-POSTO-01, BATERIA-PARADA-01, SPECS-A-PROCEDENCIA-01)",,,o roteiro da MESA cresce: cada sprint deixa a sua linha de prova lá,06/09/2026,decidida,"DECIDIDA POR DELEGAÇÃO (06/09/2026, o mandato das 24 horas; palavra dela: ""vc coordena e usa o pc a vontade""). REVERSÍVEL NUMA FRASE. a — o `depois_de` sai; cada sprint diz o que é dela e o que vai para a MESA",06/09/2026,"a definição de pronto dela, 06/09: todas as sprints, e o produto como um todo",delegacao,,,processo
D-0609-SPECS-P1-ABRE-AGORA,"O gatilho da SPECS-A-PROCEDENCIA-01 (""depois do redesenho inteiro"") foi atingido em 06/09","A janela GTK saiu, as dez abas existem e o produto roda o HTML. A P1 (procedência de cada linha do mapa) abre?","a) abre agora, e a P2 (medir no aparelho) fica com ela | b) espera o FECHO",a,"(b) deixa o mapa sem marcar mais um dia — que é exatamente o que ela apontou: ""nunca marcamos num canto""",não espera: delegação,docs/process/sprints/arquivados/2026-08-26-SPECS-A-PROCEDENCIA-01-de-onde-se-sabe-cada-linha.md,,,um agente na ONDA G,06/09/2026,decidida,"DECIDIDA POR DELEGAÇÃO (06/09/2026, o mandato das 24 horas; palavra dela: ""vc coordena e usa o pc a vontade""). REVERSÍVEL NUMA FRASE. a — e a P1 recolhe o que os relatórios de hoje mediram por `chave`",06/09/2026,"palavra dela: ""tá desatualizado no sentido de não ter sido medido. foi e tudo funciona""",delegacao,,,
D-0609-AS-253-SEM-FRONTMATTER,As 253 sprints sem frontmatter ganham `estado:` mecanicamente: feita se o corpo diz entregue; absorvida (pelo CSV) para o resto,Elas não apareciam em `--abertas` e ninguém sabia se valiam. Triar uma a uma custa 253 leituras; ignorar deixa trabalho invisível,a) estado mecânico + nota que manda abrir linha no CSV se houver defeito vivo | b) triar uma a uma com agentes | c) deixar como estava,a,(b) é o fan-out que estourou o limite semanal hoje; (c) é a fila mentindo,não espera: delegação,docs/process/sprints/ (253 arquivos) · SPRINT_ORDER.md §3,,,um script; cada arquivo ganha a nota,06/09/2026,decidida,"DECIDIDA POR DELEGAÇÃO (06/09/2026, o mandato das 24 horas; palavra dela: ""vc coordena e usa o pc a vontade""). REVERSÍVEL NUMA FRASE. a — pela regra da §3 do SPRINT_ORDER: ""o resto, se ainda faltar, é linha do CSV"". A MIC-BT-DONO-01 foi REABERTA à mão porque o mapa a chama pelo nome",06/09/2026,"o pedido dela: todas as sprints, não só as do plano",delegacao,,,
D-0609-UM-NO-DE-SOM-POR-CONTROLE,"O alto-falante virtual é UM NÓ POR CONTROLE, com o nome pelo assento: Alto-falante · P1 … P4",A O-ALTO-FALANTE-VIRTUAL-01 deixava para ela: um nó por controle ou um só que segue o P1? e o nome na lista de saída,"a) um por controle, nome pelo assento | b) um só que segue o P1",a,"(b) quebra ""um jogador, um controle"" e some com o som do P2 quando o P1 cai; o ruído de quatro nós para quem tem um controle é preço menor",não espera: delegação,src/hefesto_dualsense4unix/app/audio_saida.py,,,zero: é o desenho do nó,06/09/2026,decidida,"DECIDIDA POR DELEGAÇÃO (06/09/2026, o mandato das 24 horas; palavra dela: ""vc coordena e usa o pc a vontade""). REVERSÍVEL NUMA FRASE. a — e o nome é a língua do glossário (P1…P4), nunca ""Controle 1""",06/09/2026,a sprint de 29/08 deixou as duas perguntas para ela; ela delegou o dia inteiro,delegacao,,,
D-0609-O-NO-DE-SOM-VIVE-COM-O-CONTROLE,O nó de som vive só enquanto há controle; no cabo não vira saída padrão; latência decide depois do D5,As três decisões da SOM-QUE-SAI-01 §6,a) vive com o controle · não é padrão · latência depois | b) permanente · padrão no cabo,a,um nó permanente é ruído na lista de som sem controle na mesa; virar padrão sozinho é a regra que a casa já recusou; a latência sem número é chute,não espera: delegação,src/hefesto_dualsense4unix/integrations/alto_falante_bt.py (nasce),,,zero,06/09/2026,decidida,"DECIDIDA POR DELEGAÇÃO (06/09/2026, o mandato das 24 horas; palavra dela: ""vc coordena e usa o pc a vontade""). REVERSÍVEL NUMA FRASE. a",06/09/2026,"SOM-QUE-SAI-01 §6, três perguntas",delegacao,,,
D-0609-A-FRASE-DO-TECLADO-NA-TELA,"A notificação quando o L3 abre o teclado na tela: ""Teclado na tela aberto pelo L3. Para fechar, aperte R3.""",A O-TECLADO-QUE-NAO-DIZ-COMO-SAIR-01 §4 deixava a frase para ela,a) a frase acima | b) outra,a,"sem frase a tela cala, que é o defeito medido no relógio dela (20 min)",não espera: delegação,src/hefesto_dualsense4unix/integrations/desktop_notifications.py,,,uma frase no dono,06/09/2026,decidida,"DECIDIDA POR DELEGAÇÃO (06/09/2026, o mandato das 24 horas; palavra dela: ""vc coordena e usa o pc a vontade""). REVERSÍVEL NUMA FRASE. a — sem termo da casa, diz o gesto de saída",06/09/2026,O-TECLADO-QUE-NAO-DIZ-COMO-SAIR-01,delegacao,,tests/unit/test_o_teclado_avisa_como_sair.py::test_a_frase_e_a_que_ela_decidiu,
D-0609-A-FRASE-DO-CONTROLE-SEM-CRACHA,"A frase da desistência do controle sem MAC nem crachá: ""Este controle não tem identificação estável: o Hefesto não vai lembrar dele no próximo jogo.""",A O-CONTROLE-SEM-MAC-01 deixava a frase para ela,a) a frase acima | b) outra,a,"sem frase, o slot volátil é mudo e ela não sabe por que o perfil esqueceu",não espera: delegação,src/hefesto_dualsense4unix/daemon/subsystems/identity.py,,,uma frase,06/09/2026,decidida,"DECIDIDA POR DELEGAÇÃO (06/09/2026, o mandato das 24 horas; palavra dela: ""vc coordena e usa o pc a vontade""). REVERSÍVEL NUMA FRASE. a",06/09/2026,O-CONTROLE-SEM-MAC-01,delegacao,,tests/unit/test_o_controle_sem_mac_e_lembrado.py::test_a_frase_e_a_decidida_por_ela,
D-0609-O-CHECKPOINT-DE-70-SUSPENSO,O checkpoint do limite semanal da §2.1 não vale nesta leva: os quatro lotes vão seguidos,O PLANO DAS 24 HORAS §2.1 mandava não despachar acima de 70% de uso,a) parar em 70% e ir ao fecho | b) despachar os quatro lotes seguidos,b,parar em 70% deixaria as ondas I e J fora das 24 horas,"não espera: ela decidiu na hora, com a tela do uso na frente",docs/process/2026-09-06-O-PLANO-quatro-lotes-uma-mesa-e-o-produto-inteiro.md,,,uma linha no plano,06/09/2026,decidida,"DECIDIDA POR ELA (06/09/2026, 41% usado, reset em 17h03). REVERSÍVEL NUMA FRASE. b — palavra dela: ""meu plano é o x 20 reseta em 17h é tempo infinito praticamente que temos. a ideia é chegarmos em 100% antes do limite do plano ser resetado entao temos muita mais gordura"". Com a gordura voltam os conferentes por lote, que o plano tinha cortado pelo custo",06/09/2026,O-PLANO-DAS-24-HORAS §2.1,ela,,,processo
D-0609-O-CARTAO-DO-EXTERNO-NO-MESMO-FRAME,"O 8BitDo e o Nintendo Pro entram na mesma grade dos quatro assentos, não numa faixa à parte",A EXTERNOS-01 pôs os externos num bloco separado e perguntou onde eles ficam,a) bloco à parte embaixo | b) no mesmo frame dos assentos,a,a grade passa a misturar quem tem assento com quem não tem; a marca no cartão é o que separa,não espera: ela escolheu olhando as duas maquetes,src/hefesto_dualsense4unix/interface/pacotes/a01_jogar.py · a08_conexoes.py,,,uma tarefa de tela,06/09/2026,decidida,"DECIDIDA POR ELA (06/09/2026, com as maquetes na frente). REVERSÍVEL NUMA FRASE. b — ela recusou a minha recomendação. Junto veio a ordem: ""não temos que ter o termo mesa na interface""",06/09/2026,EXTERNOS-01,ela,,,
D-0609-A-CARGA-POR-ICONE-E-SEM-TRANSPORTE,"O card diz a carga por ícone, e o estado de carga NÃO se infere do transporte",A BATERIA-PARADA-01 perguntou como o card diz o estado ao lado do percentual,a) palavra só quando há o que dizer | b) sempre com a palavra | c) ícone,a,ícone sem nome acessível deixa sem o dado quem não reconhece o desenho; por isso ele leva aria-label,não espera: ela escolheu e ainda corrigiu a premissa,src/hefesto_dualsense4unix/interface/pacotes (card do controle) · core/physical_report_reader.py,,,uma tarefa de tela,06/09/2026,decidida,"DECIDIDA POR ELA (06/09/2026, com as maquetes na frente). REVERSÍVEL NUMA FRASE. c, E A PREMISSA DAS OPÇÕES CAIU. Palavra dela: ""icone mas no radio ele pode tá carregando tambem"" (noqa-acento: citação literal dela, como ela escreveu). As opções que eu escrevi amarravam carregar ao cabo e bateria ao rádio: o estado de carga é INDEPENDENTE do transporte, e nada na tela nem no código pode inferir um do outro",06/09/2026,BATERIA-PARADA-01,ela,,,
D-0609-A-TRAVA-DA-LUZ-FICA-GLOBAL,"A pausa da troca automática de perfil continua sendo do programa inteiro, não por controle",A A-TRAVA-DO-LED-NAO-SOLTA-01 perguntou se a trava manual passa a ter dono por controle. A pergunta estava mal escrita e ela pediu esclarecimento,a) fica global e a tela avisa | b) a trava ganha dono por controle,a,"dono por controle alcançaria luz, gatilho, vibração e som juntos — os quatro dividem a mesma trava — e é sprint própria, fora das 24 horas",não espera,src/hefesto_dualsense4unix/interface/pacotes/a04_iluminacao.py · daemon StateStore,,,zero: é o que já está feito,06/09/2026,decidida,"DECIDIDA POR ELA (06/09/2026, com as maquetes na frente). REVERSÍVEL NUMA FRASE. a. Ela raciocinou em voz alta e chegou nela: ""a interface é soberana, se eu clicar no na cor, é pra steam, jogo e afins respeitarem. Se eu clicar em automático é pro jogo mandar e a gente aceitar (…) No caso ele ficaria global. É isso?"" — e SIM. NOTA DE PRECISÃO, porque a minha pergunta confundiu duas coisas: quem manda na COR da barra já é por controle e faz o que ela descreve (o claim, largado por lightbar.reset com uniq). A trava é outra coisa: é a PAUSA da troca automática de perfil por janela, que mora no StateStore do daemon e não tem dono por controle",06/09/2026,A-TRAVA-DO-LED-NAO-SOLTA-01,ela,,,
D-0609-UM-NO-DE-SOM-POR-CONTROLE-CONECTADO,"A lista de saída do sistema ganha um nó por controle CONECTADO, não quatro fixos",A O-ALTO-FALANTE-VIRTUAL-01 perguntou se P1-P4 têm nó sempre ou só quando há controle,"a) um nó por controle conectado, nasce e some com ele | b) quatro nós fixos, sempre",a,"quatro fixos deixariam a lista de som do sistema com três nós mudos na mesa de um controle só, e quem escolhe saída de áudio no sistema não sabe qual deles toca",não espera: delegação,src/hefesto_dualsense4unix/audio (alto-falante virtual),,,zero: é o caminho que o agente já escreveu,06/09/2026,decidida,"DECIDIDA POR DELEGAÇÃO (06/09/2026, o mandato das 24 horas; palavra dela: ""vc coordena e usa o pc a vontade""). REVERSÍVEL NUMA FRASE. a — confirma o caminho conservador que o agente escolheu. O nó nasce quando há controle e some com ele",06/09/2026,O-ALTO-FALANTE-VIRTUAL-01,delegacao,,,
D-0609-A-ESPERA-PELO-PS-DIZ-AS-DUAS-FALAS-DO-DONO,O que a tela diz enquanto o controle espera o botão PS,"A CONEXOES-A-LUZ-QUE-NAO-ACENDE-01 perguntou que frase a linha do controle mostra durante a espera, e com que rótulo o botão fica","a) as DUAS falas do dono, juntas numa linha só | b) uma frase nova, curta, escrita para o HTML | c) só a contagem",a,"uma frase nova seria a terceira grafia do mesmo pedido — a janela GTK diz duas coisas, o HTML diria uma terceira, e a primeira coisa que uma terceira grafia perde é a revisão dela","não espera: delegação, e a sprint pediu a decisão por escrito",src/hefesto_dualsense4unix/interface/pacotes/a08_conexoes.py (linha_da_espera) · src/hefesto_dualsense4unix/interface/aba08.py,,,zero: as duas falas já existem no dono,06/09/2026,decidida,"DECIDIDA POR DELEGAÇÃO (06/09/2026, o mandato das 24 horas). REVERSÍVEL NUMA FRASE. a — a linha mostra ""▲ Aperte PS no controle · procurando… 38s"" e o botão vira ""Cancelar"". AS TRÊS PALAVRAS SÃO DO DONO e nenhuma nasce na interface: `secao_controles.FRASE_APERTE_PS`, `secao_controles.frase_da_procura` e `secao_controles.TEXTO_CANCELAR`. A janela GTK mostra as duas primeiras EMPILHADAS em dois rótulos; o cartão do HTML é uma linha só, então o que a interface escolhe é a ORDEM e o separador — o pedido primeiro, o relógio depois. A proposta da sprint era ""Aperte PS no controle · Ns"", que teria sido uma quarta redação do mesmo pedido. PARA DESFAZER: troque a junção de `linha_da_espera` pela frase que ela preferir, e a frase nova nasce no dono em `app/`, nunca no pacote",06/09/2026,CONEXOES-A-LUZ-QUE-NAO-ACENDE-01,delegacao,,,
D-0809-A-EPIC-FICA-DENTRO-DO-HEROIC,"A Epic fica dentro do Heroic, ou ganha cartão próprio na aba Lançadores?","A LANCADORES-DELA-01 perguntou se a Epic Games ganha um cartão próprio na aba Lançadores ou fica dentro do cartão do Heroic, que é quem a abre na máquina dela (35 jogos da Epic na biblioteca do Heroic, medido em 08/09/2026). A leitura de 08/09 pela manhã tratou a pergunta dela como decisão e escreveu «caducou por decisão dela»; ela corrigiu: «calma aí. como assim caducou por decisão minha?»","a) dentro do Heroic — um cartão, e o censo lê a legendary_library.json | b) um cartão «Epic» ao lado do Heroic",a,um cartão «Epic» seria um cartão sobre um programa que não existe na máquina dela: quem abre a Epic é o Heroic,não espera: ela decidiu,docs/process/sprints/arquivados/2026-09-08-LANCADORES-ZERO-01-a-aba-que-nao-identifica-nada-na-tela-dela.md (§3) · src/hefesto_dualsense4unix/interface/desenho_dos_lancadores.py,,,zero de tela; muda a fila,08/09/2026,decidida,"DECIDIDA POR ELA (08/09/2026, à noite, com o produto instalado e o print da aba na frente). REVERSÍVEL NUMA FRASE. a. Palavra dela: ""dentro heróic"" (noqa-acento: citação literal dela, como ela escreveu). QUEM DECIDIU: ELA. O cartão do Heroic diz «Heroic (Epic · GOG)» e o censo conta os jogos da Epic lá dentro; não nasce cartão «Epic».",08/09/2026,LANCADORES-DELA-01,ela,,,
D-0809-A-MASCARA-POR-CONTROLE-ENTRA-NO-PERFIL,A máscara por controle entra no perfil,"A CABO-BT-PERFIL-CONTROLE-01 mediu que a máscara já é por controle (gamepad.mask.set recebe uniq) mas mora fora do perfil, em controller_masks.json, que é da sessão — e perguntou se ela entra em ControllerOverrides, ao lado de luz, gatilho, vibração, som, mic e sensores","a) entra no perfil, por controle (ControllerOverrides.mascara) | b) fica da sessão, como hoje",a,um perfil de jogo que precisa do P2 em Xbox não tem como dizer isso; trocar de perfil troca o modo e não troca máscara nenhuma,não espera: ela decidiu,src/hefesto_dualsense4unix/profiles/schema.py (ControllerOverrides) · src/hefesto_dualsense4unix/daemon/subsystems/external_mask.py,,,uma sprint: MASCARA-NO-PERFIL-01,08/09/2026,decidida,"DECIDIDA POR ELA (08/09/2026, à noite, com a tabela cabo · BT · perfil · controle na frente). REVERSÍVEL NUMA FRASE. a. Palavra dela: ""pode entrar sim"". QUEM DECIDIU: ELA. A ordem de decisão vira uma só: override por controle no perfil > mode.gamepad_flavor do perfil > o padrão; controller_masks.json deixa de ser dono.",08/09/2026,CABO-BT-PERFIL-CONTROLE-01,ela,,,
D-0809-O-MODO-E-UM-PARA-TODOS-OS-CONTROLES,O modo (Hefesto · Nativo · Controlar o PC · Não mexer) é por controle ou um para todos?,"A CABO-BT-PERFIL-CONTROLE-01 mediu que o modo é uma fileira para todos os controles na aba Jogar (mode.kind no perfil; native.mode.set é global) enquanto o vpad e a máscara são por controle, e perguntou se o modo vira por controle","a) não — um modo para todos, na aba Jogar; o que é por controle é a máscara | b) sim — um modo por cartão, com native.mode.set por uniq",a,um modo por cartão exige o daemon montar e desmontar o vpad por controle e a aba Jogar ganhar quatro fileiras; nada na tela dela pede isso,não espera: ela decidiu,src/hefesto_dualsense4unix/interface/pacotes/a01_jogar.py · src/hefesto_dualsense4unix/profiles/schema.py (Profile.mode),,,zero: é o que já existe,08/09/2026,decidida,"DECIDIDA POR ELA (08/09/2026, à noite, com a lista das cinco na frente). REVERSÍVEL NUMA FRASE. a. Palavra dela: ""concordo com as 5"". QUEM DECIDIU: ELA. Na régua cabo · BT · perfil · controle, a coluna «por controle» do modo passa a «não se aplica».",08/09/2026,CABO-BT-PERFIL-CONTROLE-01,ela,,,
D-0809-A-NAVEGACAO-E-GLOBAL-NO-PERFIL,"Mouse, teclado e remapeamento (Controlar o PC) são por controle ou globais no perfil?","A CABO-BT-PERFIL-CONTROLE-01 mediu que mouse, key_bindings, button_actions e teclado_emulado são globais no perfil, e perguntou se entram em ControllerOverrides",a) não — continuam globais no perfil | b) sim — cada controle com o próprio mapa de mouse e teclado,a,quatro mapas de teclado por perfil e um seletor por cartão na aba Navegação; ninguém pediu,não espera: ela decidiu,"src/hefesto_dualsense4unix/profiles/schema.py (mouse, key_bindings, button_actions, teclado_emulado)",,,zero: é o que já existe,08/09/2026,decidida,"DECIDIDA POR ELA (08/09/2026, à noite, com a lista das cinco na frente). REVERSÍVEL NUMA FRASE. a. Palavra dela: ""concordo com as 5"". QUEM DECIDIU: ELA. Na régua, a coluna «por controle» da navegação passa a «não se aplica». NOTA DE 01/10/2026: REVOGADA EM PARTE pela D-0110-O-COMPUTADOR-DA-O-PADRAO-O-JOGO-SOBREPOE (o «no perfil» do mouse, do teclado, das Definições e das teclas passa a ser o padrão do computador, e o perfil do jogo só sobrepõe; o remapeamento fica no jogo).",08/09/2026,CABO-BT-PERFIL-CONTROLE-01,ela,,,
D-0809-NO-CABO-O-PADRAO-DO-SOM-E-SFX,"No cabo, o nó de som de cada controle nasce em «mix» (todo o som do PC) ou em «sfx» (só o que o jogo manda)?","A SOM-POR-CONTROLE-01 §4 perguntou qual é a fonte padrão do nó por controle no cabo, quando o perfil não diz",a) sfx — o nó fica livre para a corrente do jogo; o mix é escolha explícita no perfil | b) mix — o loopback da saída padrão liga sozinho,a,"com «mix» por padrão o controle vira saída de todo o som sozinho, o que a casa decidiu não fazer (SOM-QUE-SAI-01 §6.2)",não espera: ela decidiu,src/hefesto_dualsense4unix/app/audio_saida.py · src/hefesto_dualsense4unix/profiles/schema.py (ControllerOverrides.speaker),,,zero de tela; fixa o valor padrão do campo novo `fonte`,08/09/2026,decidida,"DECIDIDA POR ELA (08/09/2026, à noite, com a lista das cinco na frente). REVERSÍVEL NUMA FRASE. a. Palavra dela: ""concordo com as 5"". QUEM DECIDIU: ELA. `ControllerOverrides.speaker.fonte` nasce `sfx`; `mix` é escolha no perfil, por controle.",08/09/2026,SOM-POR-CONTROLE-01,ela,,tests/unit/test_o_som_por_controle_cai_em_cada_um.py::test_sfx_deixa_o_no_livre_para_o_jogo,
D-0809-O-NO-DE-SOM-POR-CONTROLE-VIVE-SEMPRE,"O nó de som de cada controle vive sempre na lista do sistema, ou só com o controle na mesa?",A SOM-POR-CONTROLE-01 §4 (e a SOM-QUE-SAI-01 §6.1) perguntaram se os quatro nós ficam fixos na lista de saída ou nascem e somem com o controle,"a) sempre — quatro nós fixos; sem controle, o nó diz «sem para onde ir» | b) só com o controle na mesa — nasce e some",a,nó que some quebra o jogo que o escolheu; nó fixo é ruído para quem tem um controle só,não espera: ela decidiu,src/hefesto_dualsense4unix/app/audio_saida.py,,,zero de tela; fixa o ciclo de vida do nó,08/09/2026,decidida,"DECIDIDA POR ELA (08/09/2026, à noite, com a lista das cinco na frente). REVERSÍVEL NUMA FRASE. a. Palavra dela: ""concordo com as 5"". QUEM DECIDIU: ELA. Os quatro nós existem sempre; sem controle, o nó diz que não tem para onde ir e a tela não confessa dívida (07/09).",08/09/2026,SOM-POR-CONTROLE-01,ela,,tests/unit/test_som_junto_02_o_fio_da_escolha_viva.py::test_a_escolha_viva_chega_ao_no_sem_passar_pelo_perfil,
D-0809-O-SELO-DOS-LANCADORES-DIZ-LOCALIZADO,"A palavra do selo dos lançadores: LOCALIZADO / NÃO LOCALIZADO, ou ENCONTRADO / NÃO ENCONTRADO?","A LANCADORES-ZERO-01 §5 deixou a palavra do selo positivo em aberto. Na lista das cinco de 08/09 à noite a opção oferecida foi ENCONTRADO (a palavra do cabeçalho «6 encontrados») — e a opção estava errada: «Não Localizado» é palavra DELA, de 08/09 pela manhã, já entregue em SELOS[""off""] pela LANCADORES-DELA-01",a) LOCALIZADO / NÃO LOCALIZADO — a palavra dela; o cabeçalho passa de «encontrados» para «localizados» | b) ENCONTRADO / NÃO ENCONTRADO — a palavra do cabeçalho; desfaz o selo que ela pediu de manhã,a,"b) trocaria uma palavra que ela escolheu por uma que eu escolhi, no mesmo dia","não espera: a palavra dela de manhã decide; o «concordo» da noite foi sobre uma opção que contradizia a manhã, e fica registrado",src/hefesto_dualsense4unix/interface/desenho_dos_lancadores.py (SELOS) · docs/A-LINGUA-DESTA-CASA-o-glossario-que-a-tela-e-o-codigo-falam.md,,,uma palavra no cabeçalho da aba 07,08/09/2026,decidida,"DECIDIDA POR ELA (08/09/2026, pela manhã, com o produto na frente). REVERSÍVEL NUMA FRASE. a. Palavra dela: ""ao invés de não achei. Deveria ter Não Localizado"". QUEM DECIDIU: ELA. À noite ela respondeu ""concordo com as 5"" a uma lista em que a quinta era ENCONTRADO; a lista estava errada e o registro segue a palavra da manhã. Se ela preferir ENCONTRADO, é uma frase.",08/09/2026,LANCADORES-ZERO-01,ela,,,
D-0909-O-FONE-GANHA-CAMPO-PROPRIO,"O fone (saída 2) ganha volume próprio no perfil, por controle, ou segue um volume só com a rota dizendo para onde vai?","A CABO-BT-PERFIL-CONTROLE-01 mediu que o byte do fone sai sempre com o MESMO valor do alto-falante (backend_pydualsense.py:3617) e que o kernel não define o bit que o autoriza. A opção da lista dizia «ninguém ouviu» — pela metade: o fone TOCA no cabo (caderno sfx-o-fone-manda-por-cima, 15/08, olho dela); o que ninguém variou foi o volume dele sozinho","a) um volume só; a rota diz para onde vai; a tela deixa de oferecer volume de fone separado; uma linha da bancada | b) campo próprio de fone no perfil, por controle, medido com o ouvido (sprint FONE-01) | c) sai da tela até ser ouvido",a,"b) só vale se o aparelho obedecer ao byte sozinho — a bancada vem antes do campo; e o volume único de hoje tem razão medida (quem pluga um headset não pode cair no silêncio), por isso o campo nasce None = igual ao alto-falante",não espera: ela decidiu,docs/process/sprints/arquivados/2026-09-09-FONE-01-a-segunda-saida-ganha-volume-proprio-no-perfil-por-controle.md · src/hefesto_dualsense4unix/core/backend_pydualsense.py (set_audio_volumes),,,uma sprint de bancada: FONE-01,09/09/2026,decidida,"DECIDIDA POR ELA (09/09/2026, de madrugada, com as quatro em opções na frente). REVERSÍVEL NUMA FRASE. b. Palavra dela: ""1-b"". QUEM DECIDIU: ELA. A recomendação era (a) e ela escolheu (b): o fone é uma das duas saídas que ela nomeou em 08/09, e ganha campo — depois de a orelha dela ouvir o byte variar.",09/09/2026,CABO-BT-PERFIL-CONTROLE-01,ela,,,
D-0909-O-BRILHO-DE-HARDWARE-SE-MEDE,"O brilho de HARDWARE da barra (3 níveis, que nem o kernel escreve) se mede na bancada ou sai da fila?","A régua confundia duas grandezas: o brilho da tela é a cor escalada em Python (o caminho da cor, medido 12/08); o do mapa (luz.lightbar.brilho, common[42]) é o de hardware, que o produto nunca escreveu e o kernel não autoriza",a) fica a cor escalada; o de hardware sai da fila | b) medir o de hardware na bancada — uma linha da mesa | c) tirar o brilho da tela,a,"b) custa uma passada com ela olhando a barra; o resultado mais provável é «não obedece», e vale o mesmo: a linha do mapa fecha com prova de aparelho",não espera: ela decidiu,docs/process/sprints/arquivados/2026-09-09-BRILHO-DE-HARDWARE-01-o-byte-que-nem-o-kernel-escreve-medido-na-bancada.md · docs/data/mapa-controles.csv (luz.lightbar.brilho@dualsense),,,uma linha da mesa: BRILHO-DE-HARDWARE-01,09/09/2026,decidida,"DECIDIDA POR ELA (09/09/2026, de madrugada, com as quatro em opções na frente). REVERSÍVEL NUMA FRASE. b. Palavra dela: ""2b"". QUEM DECIDIU: ELA. Mede-se com e sem o bit de autorização, nos dois transportes; se obedecer, nasce a pergunta seguinte (a tela ganha os três níveis?); se não, a fila perde um item para sempre.",09/09/2026,CABO-BT-PERFIL-CONTROLE-01,ela,,,
D-0909-O-VOLUME-DO-MIC-LIGA-O-BYTE-DO-APARELHO,"O volume do microfone liga o byte do aparelho (common[6]), revogando a decisão de 06/09 de deixá-lo com o kernel?","A lista disse «campo sem ato» — pela metade: ControllerMicOverride.volume TEM ato no ganho da fonte no PipeWire (mic.volume.set, MIC-VOLUME-01), por controle e nos dois transportes. O que não tem ato é o byte do aparelho: set_audio_volumes(microphone=) existe com zero chamadores, por decisão datada em SOM-SEMPRE-01 (backend_pydualsense.py:3598) e na ressalva do mapa (SPECS-A-PROCEDENCIA-01, 06/09). A docstring do mic.volume.set diz que o registrador não existe; o mapa e o kernel dizem que existe (mic_volume, 0x0-0x40)","a) o campo age no nó virtual daquele controle (já é o que faz) e o aparelho continua quieto | b) o campo sai do perfil e da tela | c) ligar o byte do aparelho — revoga 06/09, pede bancada",a,"c) revoga uma decisão datada no código; a bancada vem antes: se o pico da captura não mudar com o byte, a decisão de 06/09 fica e esta volta a ela com o número",não espera: ela decidiu,"docs/process/sprints/arquivados/2026-09-09-MIC-VOLUME-02-o-byte-do-aparelho-medido-e-ligado-ao-campo.md · src/hefesto_dualsense4unix/core/backend_pydualsense.py (set_audio_volumes, SOM-SEMPRE-01)",,,uma sprint de bancada: MIC-VOLUME-02,09/09/2026,decidida,"DECIDIDA POR ELA (09/09/2026, de madrugada, com as quatro em opções na frente). REVERSÍVEL NUMA FRASE. c. Palavra dela: ""3-c"". QUEM DECIDIU: ELA. A decisão de 06/09 (SOM-SEMPRE-01, no código — não há linha dela neste caderno) não se apaga: ganha a nota datada de que foi revogada neste ponto, se e quando a bancada mostrar o byte agindo. Um campo, dois degraus: a fonte no sistema e o ganho do aparelho.",09/09/2026,CABO-BT-PERFIL-CONTROLE-01,ela,,,
D-0909-OS-NOS-SE-CHAMAM-ALTO-FALANTE-E-MICROFONE-DO-CONTROLE-N,O nome dos nós por controle na lista de som do sistema,"A SOM-POR-CONTROLE-01 e a MIC-OS-QUATRO-01 criam um nó de saída e um de entrada por controle, com nome estável; a palavra era dela",a) «Alto-falante do Controle 1» · «Microfone do Controle 1» | b) «Jogador 1 — alto-falante» · «Jogador 1 — microfone» | c) «DualSense 1 · som» · «DualSense 1 · mic»,a,"o número é o assento (P1..P4), como na tela; um nome por aparelho (c) mudaria quando o controle troca de assento",não espera: ela decidiu,src/hefesto_dualsense4unix/app/audio_saida.py · docs/A-LINGUA-DESTA-CASA-o-glossario-que-a-tela-e-o-codigo-falam.md,,,zero: é a proposta das duas sprints,09/09/2026,decidida,"DECIDIDA POR ELA (09/09/2026, de madrugada, com as quatro em opções na frente). REVERSÍVEL NUMA FRASE. a. Palavra dela: ""4a"". QUEM DECIDIU: ELA. O par vai para a LÍNGUA DESTA CASA antes de nascer na lista do sistema.",09/09/2026,SOM-POR-CONTROLE-01,ela,,,
D-0909-A-LINHA-DE-COR-TEM-TREZE-AMOSTRAS,"A cor da barra se escolhe numa fileira de amostras, não num seletor de cor","A tela oferece o seletor de cor do sistema, ou uma fileira fixa de cores?",A) o seletor do sistema (qualquer RGB) · B) uma fileira fixa de amostras,,perde-se o RGB arbitrário. Quem quiser um tom fora dos treze não o alcança pela fileira — e essa é a troca que ela aceitou para o clique ser um só.,,scripts/ensaios/a_folha_dos_ensaios.py (CORES_DA_LINHA); a aba Iluminação herda,,,,,decidida,"B, com onze matizes principais mais preto e branco. Palavra dela: ""deixar na tela 11 cores principais (primárias e interseções) + preto + branco"" e ""na linha de cor, terão as cores apenas sem abrir essa tela"".",2026-09-09,a bancada de 09/09: o seletor «Select Color» do GTK toma a tela inteira para escolher uma cor que o aparelho mostra em cinco lâmpadas,ela,,,
D-0909-O-BRILHO-DA-BARRA-E-ILUSAO-DECLARADA,"O controle deslizante de brilho da barra fica, mesmo sem byte de hardware","Medido que a barra não tem brilho de hardware, o deslizante de brilho sai da tela?","A) sai, porque não há byte · B) fica, multiplicando o RGB",,a tela oferece um brilho que o aparelho não tem. Fica honesto porque o EFEITO é real (a barra escurece) — o que não existe é o degrau de firmware.,,scripts/ensaios/a_folha_dos_ensaios.py (a escada de onze degraus); a aba Iluminação herda,,,,,decidida,"B. Palavra dela: ""na linha de brilho vamos fazer a ilusão de que o slicer funciona. Subindo tons ou diminuindo eles"". A palavra ILUSÃO é dela e está certa: o que sobe e desce é o RGB multiplicado em Python, que é a mesma conta do `led.set {brightness}`.",2026-09-09,"a medição dela de 09/09: o common[42] atenua as lâmpadas de numeração, não a barra",ela,,,
D-0909-A-ROTA-DO-SOM-SO-OFERECE-O-QUE-FUNCIONA,"Das quatro rotas de saída, a tela só oferece as que fazem o que o nome diz","As quatro rotas ficam na tela com o nome que têm, ou reduzem-se às que funcionam?",A) manter as quatro e explicar · B) reduzir às que funcionam,,"o firmware continua aceitando os quatro valores; some a OFERTA, não o protocolo. E fica uma contradição a medir: «só no alto-falante» não saiu por esta rota, mas o alto-falante toca pelo ensaio de volume.",,scripts/ensaios/a_folha_dos_ensaios.py; SOM-POR-CONTROLE-01,,,,,decidida,"B — ""reduzir pras que funcionam"", depois de ela medir as quatro e achar que três saem mono no fone.",2026-09-09,"a bancada de 09/09: ""esteREO NO FONE TÁ OK, NA REAL TODOS SÃO MONO NO FONE""",ela,,,
D-0909-A-COR-DE-OUTRO-CONTROLE-SE-RECUSA-COM-X,"A cor já usada por outro controle é bloqueada com um X, não trocada de lugar","Quando ela escolhe uma cor que outro controle já tem, o que a tela faz?",A) troca as duas de lugar (COR-TROCA-01) · B) bloqueia com um X e recusa dizendo,,"ela perde o atalho de trocar duas cores num clique — para tomar a cor do vizinho tem de mudar a dele primeiro. E TENSIONA A COR-TROCA-01, que desenhava a troca automática «como o número do jogador»: as duas não coexistem, e esta é a mais nova.",,"scripts/ensaios/a_folha_dos_ensaios.py (_pintar_amostra, _clicar_cor); a aba Iluminação herda",,,,,decidida,"B. Palavra dela: ""onde eu escolher uma cor, em volta dela fica a borda da cor do plastico do controle e um X na cor selecionada por mim de forma que me impeça de setar alguma cor de um coleguinha"". A cor ESCOLHIDA ganha a borda na cor do plástico do próprio aparelho; a TOMADA ganha o X na cor do plástico de quem a tem. REVOGA A D-DUAS-PECAS-NUNCA-TEM-A-MESMA-COR, de 25/08: ali a cor repetida DESLOCAVA para o tom vizinho e a tela dizia o que tinha feito; aqui ela é RECUSADA com o X, e nada se desloca sozinho. A sprint que executava o deslocamento (COR-TROCA-01, 08/09) já está `caducou` pela mesma palavra dela. · NOTA DATADA (29/09/2026, A-PALETA-MARCA-A-COR-DE-CADA-CONTROLE-01): as duas metades da marca mudaram. O X da cor TOMADA ela mesma reviu no mesmo 09/09: preto com borda branca, e não na cor do plástico de quem a tem (aba04.py, o comentário do X da cor do vizinho). A borda da cor ESCOLHIDA sai por DELEGAÇÃO, a validar por ela: fica a linha abaixo do quadradinho na cor do plástico do dono (D-2909-A-LINHA-DA-COR-DO-DONO). A recusa com o X fica.",2026-09-09,"a bancada de 09/09, ao ver a fileira de treze cores sem dono nenhum",ela,D-DUAS-PECAS-NUNCA-TEM-A-MESMA-COR,tests/unit/test_fecha_iluminacao_01_duas_pecas_nunca_tem_a_mesma_cor.py::test_escolher_o_tom_do_vizinho_recusa_e_diz_de_quem_e,
D-1309-O-MODO-E-A-BASE-E-A-MASCARA-VEM-POR-CIMA,"O modo é o caminho de conexão (o chip e o PS+R3), e a máscara vem por cima, por controle",O chip de modo da aba Jogar e o PS+R3 escolhem a máscara ou o caminho de conexão?,a) o degrau vale sobre a máscara do cartão | b) a máscara do cartão vale sobre o degrau | c) o degrau escreve a máscara dos cartões,,,não espera: ela decidiu,src/hefesto_dualsense4unix/interface/pacotes/a01_jogar.py · src/hefesto_dualsense4unix/profiles/schema.py (ProfileModeConfig.caminho) · src/hefesto_dualsense4unix/daemon/subsystems/hotkey.py,,,,13/09/2026,decidida,"DECIDIDA POR ELA (13/09/2026, à tarde), antes de o estudo comparar as três opções. Palavra dela: «o modo é base (ele o ps + r3) aí ap´os o modo de conexão, independente do escolhido anteriormente temos a máscara que é como o jogo se apresenta em termos de inputs apesar do modo de conexão escolhido.» · «eles precisam funcionar durante o jogo tá bom?» · «inclusive o ps +r3 e isso fica setado no perfil». O MODO é o caminho de conexão, e o chip e o PS+R3 são o mesmo modo; a MÁSCARA vem por cima, por controle, independente do modo; os dois valem com o jogo aberto; o PS+R3 grava no perfil ativo. QUEM DECIDIU: ELA. Cai em parte a D-O-QUINTO-DEGRAU-DA-RODA, com nota datada lá. NOTA DE 02/10/2026: a FORMA de o PS+R3 gravar no perfil ativo foi revista por ela («Só onde eu paro»): grava só o modo em que ela ficou depois de uns segundos sem novo aperto, e os modos de passagem não gravam (D-0210-O-PS-R3-GRAVA-SO-ONDE-ELA-PARA). O resto da decisão segue.",13/09/2026,MODO-DE-CONEXAO-01,ela,,,
D-1409-O-PS-L3-ANDA-PELAS-MASCARAS,"O PS+L3 troca a máscara do cartão do jogador 1, como o PS+R3 troca o modo","Como trocar a máscara dentro do jogo, sem fechá-lo?",,,,não espera: ela decidiu,src/hefesto_dualsense4unix/daemon/subsystems/hotkey.py (build_next_mask_callback) · src/hefesto_dualsense4unix/integrations/hotkey_daemon.py (DEFAULT_COMBO_MASCARA),,,,14/09/2026,decidida,"DECIDIDA POR ELA (14/09/2026, madrugada). Palavra dela: «preciso que o ps+ l3 funcione igual o ps /+ r3 que muda o modo porém para as máscaras. a ideia é que eu nao precise fechar o jogo pra ajustar ingame isso e continuar a jogar.» (noqa-acento: citação literal dela, como ela escreveu) · «estamos falando da aba jogar. é a aba principal e ela manda em tudo viu?» O PS+L3 anda DualSense → Xbox 360 → Nintendo Pro no cartão do jogador 1, pelo mesmo handler do chip, e grava no perfil ativo. QUEM DECIDIU: ELA. · NOTA DATADA (28/09/2026, O-MODO-XBOX-NAO-E-QUEDA-02 item 5; por DELEGAÇÃO, A VALIDAR POR ELA): o PS + L3 anda o cartão de quem faz o gesto, em qualquer um dos quatro, e não só o do jogador 1.",14/09/2026,PS-L3-MASCARA-01,ela,,,
D-1409-FORA-DO-NATIVO-O-JOGO-VE-SO-O-VIRTUAL,"Fora do Modo Nativo, o jogo vê só o controle virtual — com perfil ou sem perfil","O jogo tem de abrir sem enxergar o DualSense de plástico em TODO jogo, e não só nos que têm perfil próprio?","só o virtual (fora do Nativo) · o físico, como antes · depende do perfil","só o virtual: é a única forma de o PS + R3 e o PS + L3 valerem dentro do jogo, porque a env é lida uma vez no exec","na Navegação o jogo fica sem gamepad até ela subir um modo; e se o vpad falhar ao subir (raro), o jogo fica sem controle até reabrir",não espera: ela decidiu,"src/hefesto_dualsense4unix/daemon/launch_env.py (modo_do_estado_vivo, _nativos_fora_da_antecipacao) · assets/hefesto-launch.sh",,,"a doutrina «duplicado > zero controles» passa a valer para o Modo Nativo e para a mesa sem cobertura, e não mais para a Navegação",14/09/2026,decidida,"só o virtual, fora do Nativo — escolhida por ela em 14/09/2026 entre três caminhos, depois de ler o preço dos dois lados. Ela abriu a conferência com «pera vc fez uma solução de produto ou uma gambiarra?» e cobrou o alcance: «cara, inclusive nao pode ter sido feita pensando so num dos jogos. ele é o sintoma de algo maior não?» (noqa-acento: citação literal dela, como ela escreveu)",14/09/2026,TROCA-DENTRO-DO-JOGO-01,ela,,tests/unit/test_launch_env.py::test_nativo_matchany_e_arriscado_e_a_navegacao_por_processo_nao_e,
D-1409-A-TRAVA-MANUAL-SAI-O-PERFIL-APLICA-TUDO,"A trava manual por categoria sai: o perfil aplica tudo, para qualquer jogo","Quando ela ajusta gatilho, luz, vibração ou áudio na mão e um perfil é ativado logo depois, quem vence — o ajuste da mão ou o perfil?","a) o ajuste da mão vence e o perfil pula a seção (a trava manual, como era desde 23/07/2026) | b) o perfil vence sempre, porque o ajuste dela já foi gravado nele",b,"com (b), um ajuste feito na mão e NÃO gravado no perfil ativo é desfeito na próxima ativação — é o caso da issue #69 (ligar o mouse muda o foco e o autoswitch reaplica o perfil). A interface nova grava a cada gesto, então o caso restante é o ajuste por CLI ou por caminho que não grave",não espera: ela decidiu,"src/hefesto_dualsense4unix/profiles/manager.py (apply, apply_speaker, apply_mic) · src/hefesto_dualsense4unix/profiles/autoswitch.py (_activate, _suppression_active) · src/hefesto_dualsense4unix/daemon/state_store.py · tests/unit/test_a_trava_que_ninguem_solta_01.py",,,médio,14/09/2026,decidida,"DECIDIDA POR ELA (14/09/2026, noite), sem opções: ela mandou remover. O QUE ISTO DESFAZ é um pedido dela mesma, de 23/07/2026 («o sackboy deveria ser trava manual também»), que criou a precedência «manual vence perfil» em profiles/manager.apply — ele nunca entrou neste CSV como decisão, por isso a coluna `revoga` fica vazia. Palavras dela, em três mensagens seguidas: «eu tinha pedido pra remover todas as travas manuais pra esse jogo, madjack e pro pragmata e pro wokong», «e pra qualquer outro jogo», «isso nao faz sentido mais.» (noqa-acento: citação literal dela, como ela escreveu) O SINTOMA que fechou a decisão, medido no journal dela às 22:58:34: ela ajustou luz e gatilho pela interface às 22:56, o perfil do Sackboy foi salvo com os dois, e ao abrir o jogo o launch_perfil_ativado trouxe trigger=ignorado_trava_manual e led=ignorado_trava_manual. Para ela isso se lê como «ao iniciar o jogo ele não carrega o perfil do jogo» e «os gatilhos tambem nao tao aplicando». A RAZÃO de a trava ter deixado de fazer sentido: ela protegia o ajuste da mão CONTRA o perfil, num mundo em que o ajuste não ia para o perfil; a interface nova grava a cada gesto, então o perfil aplicando é o que respeita o ajuste dela.",14/09/2026,a queixa dela de 14/09: o perfil do jogo que não carrega e os gatilhos que não aplicam,ela,,tests/unit/test_a_trava_que_ninguem_solta_01.py::test_o_perfil_aplica_gatilho_e_luz_em_toda_origem,
D-2309-A-MATRIZ-EM-TODA-DECISAO,"Toda decisão vale para todos os modos, rotas, cabo e BT, e os quatro jogadores","Uma decisão pode valer só para um modo, um transporte ou o P1?",a matriz inteira · caso a caso,a matriz inteira,prova que mede só o P1 ou só o BT fica incompleta,não espera: ela decidiu,todas as sprints abertas (seção «A MATRIZ»),,,cada prova cobre a matriz,23/09/2026,decidida,"Palavra dela: «todas as decisões e funcionalidades nunca é pensada só em um modo, rota, forma de conexão se cabo ou se bt, ou só pro player 1. A ideia é abarcar tudo como um produto completo.»",23/09/2026,a rodada de escolhas de 23/09,ela,,,
D-2309-ESCONDER-OS-QUATRO-NOS,"O físico some para todos, menos o Hefesto: hidraw e os quatro nós de entrada",O hide do físico cobre só o hidraw ou também o evdev e o js?,esconder tudo · só durante o jogo · deixar como está,esconder tudo,um app que lê /dev/input direto passa a ver só o controle virtual,não espera: ela decidiu,src/hefesto_dualsense4unix/broker/hidraw_broker.py · assets/72-hefesto-touchpad-motion-uaccess.rules,,,o daemon passa a receber pelo broker os nós que hoje abre por caminho,23/09/2026,decidida,esconder tudo — escolhida por ela entre três caminhos; só o Modo Nativo devolve,23/09/2026,HIDE-SO-O-HIDRAW-02,ela,,,
D-2309-O-MENOS-71-NOMEIA-E-RELIGA,A queda de porta USB (-71) é nomeada e o controle volta sozinho,"Quando um controle cai por -71, o que o Hefesto faz?",nomear e religar · só nomear · nomear e sugerir outra entrada,nomear e religar,só nomear deixa a pessoa sem controle no meio do jogo,não espera: ela decidiu,scripts/doctor.sh · src/hefesto_dualsense4unix/integrations/exame_da_mesa.py,,,"vale também para o adaptador BT, que é USB",23/09/2026,decidida,nomear e religar — escolhida por ela; volta com o mesmo número de jogador,23/09/2026,STORM-USB-01,ela,,,
D-2309-O-SOM-DO-CABO-SE-ENSAIA,"A qualidade do som no cabo se decide com a orelha dela, um fator por vez","Ensaiar os três suspeitos, curar direto o mono, ou arquivar?",ensaio de 10 min · mono direto · arquivar,ensaio de 10 min,curar sem medir pode mirar o suspeito errado,não espera: ela decidiu,src/hefesto_dualsense4unix/integrations/alto_falante_bt.py,,,10 min de bancada,23/09/2026,decidida,ensaio de 10 min — escolhido por ela; depois do install do rádio,23/09/2026,SOM-CABO-QUALIDADE-01,ela,,,
D-2309-A-MIRA-VIRTUAL,Um chip «Mira Virtual» por controle: o movimento vira o analógico direito,Onde a mira por movimento mora na tela?,chip Giroscópio com quatro escolhas · aba Calibrar · depois · um chip próprio,chip Giroscópio com quatro escolhas,o chip Giroscópio continua só ligando o sensor,não espera: ela decidiu,src/hefesto_dualsense4unix/interface/pacotes/a02_controles.py · src/hefesto_dualsense4unix/profiles/schema.py (ControllerOverrides),,,"um chip novo, pedido por ela",23/09/2026,decidida,"um chip «Mira Virtual» ao lado de Giroscópio e Acelerômetro, com a dica «Usar os movimentos do controle como mira (analógico R), para pessoas com deficiência motora» — ela mesma pediu, na segunda pergunta, e isso revoga a escolha anterior do mesmo dia (o chip Giroscópio com quatro escolhas)",23/09/2026,A-MIRA-POR-MOVIMENTO-NA-TELA-01,ela,,,
D-2309-O-HEFESTO-MANDA-NO-NUMERO,"O número do jogador e a barra são do Hefesto, sempre, inclusive em co-op","Quando a Steam ou o jogo trocam o número do jogador, quem manda?",o Hefesto · o jogo em co-op · o jogo sempre,o Hefesto,num jogo de quatro a luz pode não bater com a ordem que o jogo escolheu — por isso o jogo tem de ver P1→P4,não espera: ela decidiu,src/hefesto_dualsense4unix/core/backend_pydualsense.py (game_output_replicado) · src/hefesto_dualsense4unix/broker/hidraw_broker.py,,,vigiar o escritor cru e corrigir em até 1 s,23/09/2026,decidida,"Palavra dela: «Hefesto manda e controla sempre, steam sequestrou hefesto corrigiu ao no segundo após e temos que fazer o jogo entender isso.»",23/09/2026,STEAM-NO-FISICO-01,ela,,,
D-2309-A-ESTEIRA-POR-ULTIMO,"A esteira dos pacotes se cura por último, antes do release",Mantém a ordem de 18/09 (depois da organização)?,curar agora · esperar a organização · release só com produto,curar agora,a esteira segue quebrada até lá,não espera: ela decidiu,src/hefesto_dualsense4unix (release.yml e tests/conftest.py),,,nenhum agora,23/09/2026,decidida,Palavra dela: «Curar ao final das sprints que temos» — e a tradução fica depois do release 1,23/09/2026,RELEASE-NO-CLONE-LIMPO-01,ela,,,processo
D-2309-PAREAR-PELA-SECAO-DO-RADIO,Parear controle novo pelo Hefesto mora na seção do rádio aprovada,Como fecha o pareamento pelo Hefesto?,junto da seção do rádio · passo a passo próprio · só pelo COSMIC,junto da seção do rádio,um passo a passo próprio seria botão novo,não espera: ela decidiu,src/hefesto_dualsense4unix/integrations/gesto_de_pareamento.py,,,"a prova com o controle na mão dela, na bancada",23/09/2026,decidida,junto da seção do rádio — escolhida por ela; a PONTE-SEM-CHAMADOR-01 foi absorvida,23/09/2026,PONTE-SEM-CHAMADOR-01,ela,,,
D-2309-A-TRADUCAO-E-DE-IDIOMA-DEPOIS-DO-RELEASE,"Traduzir é idioma: a tela e toda a doc que ensina, inglês primeiro, depois do release 1",Idioma ou linguagem de programação; o que muda; que idioma; como se escolhe?,idioma · linguagem · os dois; só a tela · tela e docs de uso · tela e toda a doc; inglês · inglês e espanhol · depois; idioma do sistema · seletor na tela,idioma; tela e docs de uso; inglês; idioma do sistema,toda a doc custa ~190 mil palavras por idioma,não espera: ela decidiu,po/ · src/hefesto_dualsense4unix/utils/i18n.py,,,"grande, e é a última coisa",23/09/2026,decidida,"idioma; a tela e TODA a doc que ensina; inglês primeiro; seletor na tela — e, na palavra dela, «isso aí viria até depois do release 1», e é a última coisa",23/09/2026,TRADUZIR-O-PROJETO-01 e I18N-DA-TELA-NOVA-01,ela,,,
D-2309-AS-TRADUCOES-DA-GTK-SE-ARQUIVAM,As 124 traduções EN da janela GTK antiga ficam num arquivo à parte,Arquivar ou jogar fora?,arquivar · jogar fora,arquivar,jogar fora perde trabalho já pago,não espera: ela decidiu,po/,,,nenhum,23/09/2026,decidida,"arquivar — escolhida por ela, fora do domínio, com data e razão",23/09/2026,I18N-DA-TELA-NOVA-01,ela,,,processo
D-2309-A-ESCADA-DAS-DECISOES,"Depois de «decidida» vêm três degraus: implementada, feita, no ar",Que palavra diz que a decisão virou produto?,no ar · feita · implementada,no ar,uma palavra só não separa o código escrito do instalado,não espera: ela decidiu,docs/data/decisoes-de-produto.csv (coluna estado),,,a triagem das linhas antigas,23/09/2026,decidida,Palavra dela: «as três são uma boa.» — e as três viraram a escada implementada (código com régua) → feita (no dev) → no ar (instalado),23/09/2026,DECISAO-SEM-DONO-01,ela,,,
D-2309-STEAM-INPUT-A-FRASE-E-O-CLIQUE,O chip do Steam Input espera com uma frase curta e pede dois cliques para fechar a Steam,"O que o chip diz enquanto espera, e o clique fecha a Steam?",frase curta · frase longa · sem frase; pergunta antes · fecha direto · nunca fecha,frase curta; pergunta antes,fechar direto derruba um jogo aberto por engano,não espera: ela decidiu,src/hefesto_dualsense4unix/interface/pacotes/a01_jogar.py,,,pequeno,23/09/2026,decidida,"«Liga quando a Steam fechar», e o primeiro clique avisa, o segundo fecha — as duas escolhidas por ela",23/09/2026,STEAM-INPUT-01,ela,,tests/unit/test_steam_input_01_o_chip_que_acende_por_jogo.py::test_com_a_steam_aberta_o_gesto_grava_a_vontade_e_nao_toca_no_vdf,
D-2309-O-NOME-QUE-O-JOGO-LE,O alto-falante e o microfone levam o nome da Sony depois do nome dela,"Qual forma do nome, para o jogo achar o alto-falante do controle?",o nome dela + (DualSense Wireless Controller) · o da Sony na frente · como está,o nome dela + sufixo,"como está, o jogo não reconhece pelo nome",não espera: ela decidiu,src/hefesto_dualsense4unix/integrations/alto_falante_bt.py (descricao_do_alto_falante),,,vale para o microfone e para os quatro controles,23/09/2026,decidida,"«Alto-falante do Controle N (DualSense Wireless Controller)» — escolhida por ela; completa o nome de 09/09, não o apaga",23/09/2026,A-FORJA-VALIDA-O-SOM-01,ela,,,
D-2309-A-FORJA-E-O-JOGO-DE-PROVA,"Nada se compra: a Forja vira o jogo de prova, com cara de jogo de verdade",Compra algum jogo para provar o som?,nada · ANIMAL WELL,nada,comprar prova um jogo só,não espera: ela decidiu,/mnt/Apate/Desenvolvimento/Hefesto-Forja (repositório próprio),,,arrumar a Forja,23/09/2026,decidida,Palavra dela: «a forja é um jogo que temos desenvolvido a ideia é arrumarmos ele para que ele se pareça como um jogo realmente funcionaria na vida real e testarmos ao vivo esse feature pra cada controle.»,23/09/2026,A-FORJA-VALIDA-O-SOM-01,ela,,,
D-2309-REGISTRO-E-REFERENCIA-PELA-FUNCAO,Registro guarda a data; referência se reescreve para dizer só o que vale hoje,Onde fica a linha entre registro e referência?,pela função · pela pasta,pela função,pela pasta erra nos documentos que ensinam,não espera: ela decidiu,docs/ · src/,,,nenhum,23/09/2026,decidida,pela função — escolhida por ela,23/09/2026,PODA-DO-DATADO-01,ela,,,processo
D-2309-O-REPO-QUE-SE-LE,"Comentário mínimo e só o teste que é regressão do produto real, antes do release",Uma trava para texto datado novo?,não escrever · trava por tamanho · trava por data,não escrever,a trava por data barraria 62 de 100 commits,não espera: ela decidiu,src/ · tests/,,,"retrabalho real, arquivo a arquivo",23/09/2026,decidida,"Ela recusou a trava e pediu a limpeza inteira: comentários mínimos em cada código, arquivo a arquivo; e sai todo teste que não seja regressão do produto real — o de arquivo morto, o genérico, o da janela GTK, o morto e o fechado. Depois de o produto ser validado e antes do release, com um plano antes (O-REPO-QUE-SE-LE-01)",23/09/2026,PODA-DO-DATADO-01,ela,,,processo
D-2309-O-QUARTO-BOTAO-VOLTA,"O som do PC só no controle volta a ter botão, encaixado pelo mockup","A capacidade que perdeu o botão: pelo sistema, aposentar, ou um quarto botão?",pelo som do sistema · aposentar · quarto botão,pelo som do sistema,o quarto botão pode quebrar a altura do cartão,não espera: ela decidiu,src/hefesto_dualsense4unix/interface/pacotes/a02_controles.py · src/hefesto_dualsense4unix/integrations/alto_falante_bt.py,,,desenho no mockup antes,23/09/2026,decidida,Palavra dela: «Gostaria de voltar o botão o 4 mas acho que quebraria o layout vertical. Na real temos que encaixar ele. Mas fazer isso certo com mockup antes.»,23/09/2026,O-TERCEIRO-NOME-DELA-01,ela,,,
D-2309-TV-VIRA-PC,Os botões do alto-falante dizem «PC» em vez de «TV»,Mantém «TV» nos rótulos?,trocar por PC · manter TV · nome real da saída,trocar por PC,«TV» não é verdade para quem usa fone ou monitor,não espera: ela decidiu,src/hefesto_dualsense4unix/interface/pacotes/a02_controles.py,,,pequeno,23/09/2026,decidida,trocar por «PC» — escolhida por ela,23/09/2026,O-TERCEIRO-NOME-DELA-01,ela,,,
D-2109-QUEM-GANHA-QUANDO-OS-DOIS-ESCREVEM,"Quando o painel do sistema e o Hefesto trocam a saída de som, vence o último gesto","Quem vence: o último gesto, o Hefesto reimpondo, ou o Hefesto só lendo?",o último gesto · o Hefesto reimpõe · o Hefesto só lê,o último gesto,reimpor vira briga com o painel do sistema,não espera: ela decidiu,src/hefesto_dualsense4unix/daemon/subsystems/ouvinte_do_som.py,,,nenhum: já está no código,21/09/2026,decidida,o último gesto — escolhida por ela,23/09/2026,O-SOM-DO-SISTEMA-E-O-DA-TELA-01,ela,,,
D-2309-O-MODO-FREESTYLE,"O preset «Personalizado» sai, e o cadeado vira «Modo Freestyle»",O preset com a regra velha volta ao de fábrica?,voltar ao de fábrica · deixar como está,voltar ao de fábrica,"sem o Personalizado, o topo precisa dizer outra coisa quando nenhum jogo casa — o mockup propõe",não espera: ela decidiu,src/hefesto_dualsense4unix/interface/pacotes/a01_jogar.py (CADEADO_ROTULO) · assets/profiles_default/personalizado.json,,,migração com backup do arquivo dela,23/09/2026,decidida,Palavra dela: «Personalizado sai e o botão Trava o perfil Ativo na aba jogar. Vira Modo Freestyle o botão. E a fonte dele aumenta e a altura do botão aumenta também na hoje. O trava perfil ativo já faz isso.»,23/09/2026,LANCADOR-AGNOSTICO-01,ela,,,
D-2309-DELEGACAO-DAS-MENORES,"As decisões menores das mesmas sprints, tomadas por quem coordena",As que não foram perguntadas,—,—,—,não espera: ela decidiu,"as sprints STEAM-INPUT-01, I18N-DA-TELA-NOVA-01 e DECISAO-SEM-DONO-01",,,nenhum,23/09/2026,decidida,"DELEGAÇÃO (ela delega decisão de produto): no Steam Input, a saída é do Hefesto sempre (a regra dela do mesmo dia) e o title do chip não muda; o português segue como língua de partida e a citação dela não se traduz; as decisões de processo ganham marca própria no mesmo CSV, e a triagem começa pelas de 25/08",23/09/2026,a rodada de escolhas de 23/09,delegacao,,,
D-2309-O-PRIMARIO-ESPERA-A-CARTA-1,"O controle virtual do primário espera a carta 1, como os secundários já esperam","O controle virtual do primário nasce na hora, ou espera o número de jogador como os outros?",espera a carta 1 · nasce na hora,espera a carta 1,"nascendo na hora, o jogo pode ver o primário antes de saber o número dele",não espera: ela decidiu,src/hefesto_dualsense4unix/daemon/connection.py · src/hefesto_dualsense4unix/daemon/subsystems/coop.py · src/hefesto_dualsense4unix/daemon/subsystems/gamepad.py,,,"na STEAM-NO-FISICO-01, ainda aberta",23/09/2026,decidida,espera a carta 1 — escolhida por ela. Quem é o primário não muda: a regra «controle novo nunca rouba o posto» fica,23/09/2026,STEAM-NO-FISICO-01,ela,,,
D-2309-FORA-DE-ORDEM-SE-RECRIA-NA-HORA,"Controle fora de ordem com o jogo aberto se recria na hora, no lugar certo","A carta renumerada, ou a carta menor que chega depois da maior, recria o controle virtual com o jogo aberto?",recria na hora · espera o jogo fechar,recria na hora,o jogo perde aquele controle por cerca de um segundo e o vê de novo no lugar certo,não espera: ela decidiu,src/hefesto_dualsense4unix/daemon/connection.py · src/hefesto_dualsense4unix/daemon/subsystems/coop.py · src/hefesto_dualsense4unix/daemon/subsystems/gamepad.py,,,"na STEAM-NO-FISICO-01, ainda aberta",23/09/2026,decidida,recria na hora — escolhida por ela. É o «o Hefesto manda sempre» no número de jogador,23/09/2026,STEAM-NO-FISICO-01,ela,,,
D-2309-NO-NATIVO-A-LUZ-E-O-NUMERO-SAO-DO-HEFESTO,"No Modo Nativo, o Hefesto escreve a barra e o número sempre","No Modo Nativo, com ou sem jogo segurando o controle, o Hefesto escreve a barra de luz e o número de jogador?",escreve sempre · só sem jogo segurando · nunca,escreve sempre,"sem escrever, a Steam aberta antes apaga a barra e o número fica o da Steam",não espera: ela decidiu,src/hefesto_dualsense4unix/daemon/connection.py · src/hefesto_dualsense4unix/daemon/subsystems/coop.py · src/hefesto_dualsense4unix/daemon/subsystems/gamepad.py,,,"na STEAM-NO-FISICO-01, ainda aberta",23/09/2026,decidida,"escreve sempre — escolhida por ela. Revoga o «zero escrita» do Nativo (FEAT-PARITY-REVIEW-01) só para a luz e o número; vibração, gatilhos e áudio continuam do jogo",23/09/2026,STEAM-NO-FISICO-01,ela,,tests/unit/test_a_04_o_brilho_viaja_com_a_cor.py::test_guardado_vira_frase_no_cartao_dela,
D-2409-A-CALIBRAR-TEM-A-CAIXA-DA-JANELA,A tela Calibrar ganha a caixa da janela das abas,"O desenho novo da Calibrar (1600 × 808 na TV dela, o rodapé no fim, o miolo rolando por dentro) vai para o produto?",aprovo como está · aprovo com mudança · não aprovo,aprovo como está,"a caixa de hoje fica solta no alto da tela, menor que as abas",não espera: ela decidiu,src/hefesto_dualsense4unix/interface/calibrar.py · mockup/calibrar-sensores.html,,,publicar na próxima integração,23/09/2026,decidida,"aprovo como está — escolhida por ela, em a página «Sessão dos Desenhos» (artifact), em opções, com a foto de hoje e a proposta lado a lado",24/09/2026,A-CALIBRACAO-TEM-O-TAMANHO-DO-PROGRAMA-01,ela,,,
D-2409-AS-PAGINAS-AVULSAS-SEGUEM-A-JANELA,O «Mapa do controle» e o mapa das portas seguem a caixa da janela,"As duas páginas avulsas que ainda têm a caixa antiga seguem a janela, como a Calibrar?",Mapa do controle: segue · fica. Mapa das portas: vira caixa rolando por dentro · página de leitura com a largura da janela · fica em 1180,segue; vira caixa rolando por dentro,as páginas avulsas ficam com gramáticas diferentes da janela,não espera: ela decidiu,src/hefesto_dualsense4unix/interface/mapa.py · mockup/mapa-das-portas.html,,,"a sprint AS-PAGINAS-AVULSAS-TEM-A-CAIXA-DA-JANELA-01, que para no mockup",23/09/2026,decidida,"o Mapa do controle segue a caixa da janela; o mapa das portas vira caixa da janela, rolando por dentro — escolhidas por ela, em a página «Sessão dos Desenhos» (artifact), em opções, com a foto de hoje e a proposta lado a lado",24/09/2026,A-CALIBRACAO-TEM-O-TAMANHO-DO-PROGRAMA-01,ela,,,
D-2409-O-ALTO-FALANTE-DIZ-ATIVO-NO-BT,A pílula «ATIVO» do alto-falante aparece também no controle do BT,"O desenho novo do alto-falante (a pílula no cabo e no BT, sem o «Canal dormindo») vai para o produto?",aprovo como está · aprovo com mudança · não aprovo,aprovo como está,o controle do BT fica sem dizer o estado do próprio canal,não espera: ela decidiu,src/hefesto_dualsense4unix/interface/pacotes/a02_controles.py · mockup/02-controles.html,,,"publicar o 02 na próxima integração, antes da A-MIRA",23/09/2026,decidida,"aprovo como está — escolhida por ela, em a página «Sessão dos Desenhos» (artifact), em opções, com a foto de hoje e a proposta lado a lado",24/09/2026,O-ALTO-FALANTE-DIZ-ATIVO-01,ela,,,
D-2409-A-PILULA-FALA-DO-CANAL,"A pílula do alto-falante fala do canal, não da rota, e nasce «ATIVO»","Com «Tudo na TV e Nada no Controle» aceso, e antes de o Hefesto ler o alto-falante, o que a pílula diz?",rota: continua ATIVO · outra palavra · some. Antes de ler: fica ATIVO · mostra «—»,continua ATIVO; fica ATIVO,"a pílula passaria a misturar o canal com a rota, e piscaria na chegada do controle",não espera: ela decidiu,src/hefesto_dualsense4unix/interface/pacotes/a02_controles.py,,,nenhum: é o comportamento de hoje,23/09/2026,decidida,"continua «ATIVO» na rota «Tudo na TV»; fica «ATIVO» antes de ler (vale o «nasce ligado» de 18/09) — escolhidas por ela, em a página «Sessão dos Desenhos» (artifact), em opções, com a foto de hoje e a proposta lado a lado",24/09/2026,O-ALTO-FALANTE-DIZ-ATIVO-01,ela,,,
D-2409-A-MIRA-VIRTUAL-APROVADA,O desenho da «Mira Virtual» está aprovado,"O chip na aba Controles, o bloco na Calibrar e a coluna na aba Perfis vão para o produto como estão?",aprovo como está · aprovo com mudança · não aprovo,aprovo como está,a mira continua sem lugar na tela,não espera: ela decidiu,src/hefesto_dualsense4unix/interface/pacotes/a02_controles.py · src/hefesto_dualsense4unix/interface/aba02.py · src/hefesto_dualsense4unix/interface/calibrar.py,,,publicar depois de as três respostas seguintes entrarem no mockup,24/09/2026,decidida,"aprovo como está — escolhida por ela, em a página «Sessão dos Desenhos» (artifact), em opções, com a foto de hoje e a proposta lado a lado",24/09/2026,A-MIRA-POR-MOVIMENTO-NA-TELA-01,ela,,,
D-2409-A-DICA-DO-GIROSCOPIO-MUDA-COM-A-MIRA,A dica do Giroscópio muda quando a Mira está acesa,"Com a Mira acesa no modo Virtual, o giro vai ao jogo pelo analógico direito. A dica do Giroscópio continua dizendo que o jogo recebe o giro?",muda só com a Mira acesa · fica como está,muda só com a Mira acesa,a dica afirma o que o produto não faz com a Mira acesa,não espera: ela decidiu,src/hefesto_dualsense4unix/interface/pacotes/a02_controles.py · src/hefesto_dualsense4unix/interface/aba02.py,,,pequeno: a dica acompanha o estado do chip,24/09/2026,decidida,"muda só quando a Mira está acesa: «Com a Mira Virtual acesa, o giro deste controle vai ao jogo pelo analógico direito.» — escolhida por ela, em a página «Sessão dos Desenhos» (artifact), em opções, com a foto de hoje e a proposta lado a lado",24/09/2026,A-MIRA-POR-MOVIMENTO-NA-TELA-01,ela,,tests/unit/test_a_mira_02_as_respostas.py::test_a_dica_do_giroscopio_muda_so_com_a_mira_acesa,
D-2409-NO-NATIVO-A-MIRA-FICA-CINZA,No Modo Nativo o chip da Mira fica cinza e não grava; em todo o resto a Mira funciona,"No Modo Nativo a mira não chega ao jogo. O chip grava e avisa, ou fica cinza?","grava e avisa no cartão · fica cinza, sem gravar",grava e avisa no cartão,a escolha feita no Nativo não fica guardada para quando o modo voltar,não espera: ela decidiu,src/hefesto_dualsense4unix/interface/pacotes/a02_controles.py · src/hefesto_dualsense4unix/interface/aba02.py · src/hefesto_dualsense4unix/daemon/ipc_handlers.py,,,"o chip lê o modo, o mira.set recusa no Nativo, e cada modo com a Mira ganha régua",24/09/2026,decidida,"fica cinza no Nativo, sem gravar — escolhida por ela, fora da recomendada, com a frase «A exceção do nativo todo o resto deve ter mira Virtual»; revoga o «grava e avisa» do implementador",24/09/2026,A-MIRA-POR-MOVIMENTO-NA-TELA-01,ela,,tests/unit/test_a_mira_02_as_respostas.py::test_no_nativo_o_chip_da_mira_fica_cinza_nos_quatro,
D-2409-SEGURAR-E-INVERTER-ENTRAM-NA-TELA,«Só enquanto eu segurar» e «Inverter» entram na tela da Mira,Os dois ajustes que o motor já sabe e que ficaram fora da tela entram?,ficam fora por enquanto · entra só «Só enquanto eu segurar» · entram as duas,ficam fora por enquanto,quem precisa segurar para mirar ou inverter o eixo não tem como pela tela,não espera: ela decidiu,src/hefesto_dualsense4unix/interface/calibrar.py · src/hefesto_dualsense4unix/interface/pacotes/a11_calibrar_sensores.py,,,"desenho novo no bloco da Mira, que volta à página da sessão",24/09/2026,decidida,"entram as duas — escolhida por ela, fora da recomendada, em a página «Sessão dos Desenhos» (artifact), em opções, com a foto de hoje e a proposta lado a lado",24/09/2026,A-MIRA-POR-MOVIMENTO-NA-TELA-01,ela,,,
D-2409-O-OK-DO-DESENHO-E-DE-QUEM-COORDENA,O OK do desenho novo passa a quem coordena; a palavra final dela fica na validação da interface,Os mockups da Mira e do Freestyle vão à página da sessão dos desenhos para o OK dela?,ela aprova na página · quem coordena decide pelo padrão dela e publica,ela aprova na página,um desenho que ela recusar volta depois da validação,não espera: ela decidiu,docs/process/SPRINT_ORDER.md §1 (as ordens de andamento),,,nenhum,24/09/2026,decidida,"quem coordena decide pelo padrão dela e publica na integração; a palavra final dela vem na validação das features na interface — palavra dela, às 4h30: «Não precisa.vc toma a decisão por mim»",24/09/2026,a onda 6a,ela,,,processo
D-2409-A-MIRA-02-VAI-AO-PRODUTO,O desenho das três respostas da Mira vai ao produto como a conferência o deixou,"A dica do Giroscópio, o chip cinza no Nativo e «Só enquanto eu segurar» e «Inverter» na Calibrar se publicam?",publicar · esperar a página,publicar,ela não valida a Mira na interface amanhã,não espera: decidida por delegação,mockup/02-controles.html · mockup/calibrar-sensores.html · mockup/10-perfis.html,,,nenhum,24/09/2026,decidida,"DELEGAÇÃO (D-2409-O-OK-DO-DESENHO-E-DE-QUEM-COORDENA, e ela delega decisão de produto): publicar a 02, a Calibrar e a coluna da 10 em 24/09, com as dez escolhas do implementador que a conferência manteve (a lista com «Sempre» e os 16 botões sem o PS, as duas pílulas do Inverter, nascendo desligadas)",24/09/2026,A-MIRA-POR-MOVIMENTO-NA-TELA-02,delegacao,,,
D-2409-NA-NAVEGACAO-O-GIRO-VIRA-CURSOR,"Na Navegação, a Mira Virtual move o cursor do computador","Na Navegação não há controle virtual e o analógico direito é a roda do mouse. O chip da Mira fica cinza, ou o giro vira cursor?",cinza também · o giro vira o cursor · deixar como está,cinza agora e o cursor como sprint,cinza contraria a letra dela; deixar como está é a tela afirmando o que não acontece,não espera: decidida por delegação,docs/process/sprints/2026-09-24-A-MIRA-NA-NAVEGACAO-01.md,,,uma sprint,24/09/2026,decidida,"DELEGAÇÃO (D-2409-O-OK-DO-DESENHO-E-DE-QUEM-COORDENA, e ela delega decisão de produto): o giro vira o cursor (A-MIRA-NA-NAVEGACAO-01), porque a frase dela é «A exceção do nativo todo o resto deve ter mira Virtual»; até a sprint entrar, o chip acende na Navegação sem mover nada · CONFIRMADA por ela em 24/09 às 19h, na página «Decisões do Hefesto»: «Mira virtual ficou brabo».",24/09/2026,A-MIRA-POR-MOVIMENTO-NA-TELA-02,delegacao,,,
D-2409-NO-NATIVO-A-TELA-MOSTRA-A-COR,"No Modo Nativo a tela mostra a cor da barra, e não «Jogo»","Depois da D-2309-NO-NATIVO-A-LUZ-E-O-NUMERO-SAO-DO-HEFESTO a barra é do Hefesto no Nativo. A tela continua dizendo «Jogo», com a tira tracejada?",mostrar a cor como em todo modo · manter «Jogo»,mostrar a cor,"«Jogo» é uma das quatro palavras que ela aprovou em 04/09, e sai deste caso",não espera: decidida por delegação,docs/process/sprints/2026-09-24-A-MIRA-NA-NAVEGACAO-01.md,,,entra na A-MIRA-NA-NAVEGACAO-01 (ela já abre o controller_card e a a02),24/09/2026,decidida,"DELEGAÇÃO (D-2409-O-OK-DO-DESENHO-E-DE-QUEM-COORDENA, e ela delega decisão de produto): mostrar a cor, sem palavra nova: com a D-2309, «Jogo» no Nativo virou fato errado e a tela nunca afirma o que não é · CONFIRMADA por ela em 24/09 às 19h, na página «Decisões do Hefesto» («Mantém»).",24/09/2026,STEAM-NO-FISICO-01,delegacao,,tests/unit/test_a_iluminacao_diz_o_numero_certo.py::test_a_tira_nao_acende_sob_steam_e_no_nativo_mostra_a_cor,
D-2409-O-BOTAO-FREESTYLE-TEM-26-PX,"O botão «Modo Freestyle» tem 26 px de altura e letra de 12,5 px",Quanto o botão cresce?,"26 px e letra de 12,5 px · 34 px · 17 px com a letra maior","26 px e letra de 12,5 px",34 px faz o botão ler como um quinto modo,não espera: decidida por delegação,mockup/01-jogar.html,,,nenhum,24/09/2026,decidida,"DELEGAÇÃO (D-2409-O-OK-DO-DESENHO-E-DE-QUEM-COORDENA, e ela delega decisão de produto): 26 px e letra de 12,5 px, medidas que a casa já usa; a aba não rola · CONFIRMADA por ela em 24/09 às 19h, na página «Decisões do Hefesto» («Mantém»).",24/09/2026,O-MODO-FREESTYLE-01,delegacao,,,
D-2409-O-PERFIL-DE-FORA-DO-JOGO-VIRA-FREESTYLE,"Sem o «Personalizado», o perfil de fora do jogo fica, com os ajustes dela, e se chama «Freestyle»","Sem o Personalizado, do boot ao primeiro jogo não há perfil valendo: as abas não têm onde guardar e os ajustes dos quatro controles deixam de valer no boot. O que fica?",o perfil de fora do jogo fica e se chama «Freestyle» · o Personalizado sai: «—» e nada guardado · fica «Personalizado» e só o botão muda,o perfil de fora do jogo fica e se chama «Freestyle»,tirar sem substituto perde os ajustes dela no boot e faz as abas recusarem o ajuste,não espera: decidida por delegação,docs/process/sprints/2026-09-24-O-MODO-FREESTYLE-02.md,,,uma sprint,24/09/2026,decidida,"DELEGAÇÃO (D-2409-O-OK-DO-DESENHO-E-DE-QUEM-COORDENA, e ela delega decisão de produto): o perfil de fora do jogo fica e se chama «Freestyle»: nada se perde, o «Personalizado sai» vale para o nome e o preset, e os ajustes dela migram com backup (O-MODO-FREESTYLE-02) · CONFIRMADA por ela em 24/09 às 19h, na página «Decisões do Hefesto» («Mantém»).",24/09/2026,O-MODO-FREESTYLE-01,delegacao,,,
D-2409-COM-O-FREESTYLE-O-JOGO-ENTRA-POR-CIMA,"Com o Modo Freestyle ligado, o perfil próprio de um jogo continua entrando por cima","O Modo Freestyle segura tudo, ou o perfil próprio de um jogo entra por cima, como hoje (LOCK-CEDE-01)?","entra por cima, como hoje · segura tudo","entra por cima, como hoje","segurar tudo revoga a LOCK-CEDE-01, decisão dela de 24/07",não espera: decidida por delegação,src/hefesto_dualsense4unix/profiles/autoswitch.py,,,nenhum,24/09/2026,decidida,"DELEGAÇÃO (D-2409-O-OK-DO-DESENHO-E-DE-QUEM-COORDENA, e ela delega decisão de produto): entra por cima, como hoje: a palavra dela foi «O trava perfil ativo já faz isso» · CONFIRMADA por ela em 24/09 às 19h, na página «Decisões do Hefesto» («Mantém»). | CADUCOU EM 27/09/2026: a palavra dela da tarde de 27/09 fez o Freestyle, ligado, mandar em tudo (D-2709-O-FREESTYLE-E-UM-PERFIL-QUE-MANDA), e a O-FREESTYLE-E-UMA-CAMADA-SO-01 tirou a LOCK-CEDE-01 em 28/09.",24/09/2026,O-MODO-FREESTYLE-01,delegacao,,,
D-2409-O-ESTILO-PERSONALIZADO-FICA,O Estilo de Jogo «Personalizado» da aba Perfis fica,"A opção «eu ajusto na mão» do Estilo de Jogo também sai, ou só o perfil?",fica · sai também,fica,tirar apaga uma escolha que ela não apontou,não espera: decidida por delegação,src/hefesto_dualsense4unix/profiles/estilos_de_jogo.py,,,nenhum,24/09/2026,decidida,"DELEGAÇÃO (D-2409-O-OK-DO-DESENHO-E-DE-QUEM-COORDENA, e ela delega decisão de produto): fica: o pedido dela apontou o perfil do topo, na foto da aba Jogar, e o Estilo é outro conceito · CONFIRMADA por ela em 24/09 às 19h, na página «Decisões do Hefesto» («Mantém»).",24/09/2026,O-MODO-FREESTYLE-01,delegacao,,,
D-2409-O-ASSENTO-GUARDADO-NAO-ANDA,"Enquanto o lugar de quem saiu está guardado, os outros controles não trocam de número","A linha 17 dela diz que, com o P2 fora por 20 s, os outros três não trocam de número; a NUM-01 fecha a fila enquanto ele está fora. Qual vale?",a linha 17 dentro do prazo e a NUM-01 depois · só a NUM-01 · só a linha 17,a linha 17 dentro do prazo e a NUM-01 depois,a fila fechada troca o número de quem continua jogando,não espera: decidida por delegação,src/hefesto_dualsense4unix/daemon/subsystems/identity.py · src/hefesto_dualsense4unix/daemon/subsystems/external_identity.py,,,uma sprint,24/09/2026,decidida,"DELEGAÇÃO (D-2409-O-OK-DO-DESENHO-E-DE-QUEM-COORDENA, e ela delega decisão de produto): dentro do prazo do lugar guardado ninguém troca de número; passado o prazo, a NUM-01 volta — pela linha 17 dela (06/09) e pela D-2309 «o Hefesto manda no número, sempre» · CONFIRMADA por ela em 24/09 às 19h, na página «Decisões do Hefesto» («Mantém»).",24/09/2026,a preparação da bancada de 24/09,delegacao,,,
D-2409-O-JOGO-ESPERA-O-LUGAR-GUARDADO,"Com o P1 fora dentro do prazo, o jogo espera a volta dele, e os outros controles seguem no boneco deles","Com o jogo aberto e o P1 fora dentro do prazo do lugar guardado, o P2 passa a dirigir o jogador 1 do jogo (enquanto a lâmpada diz 2) ou o jogador 1 espera o P1?",o jogador 1 espera o P1 · o P2 assume o jogador 1 na hora,o jogador 1 espera o P1,"o número que a lâmpada mostra deixa de ser o boneco que o jogo mexe, o defeito que a STEAM-NO-FISICO-01 curou",não espera: decidida por delegação,src/hefesto_dualsense4unix/core/backend_pydualsense.py · src/hefesto_dualsense4unix/daemon/subsystems/coop.py · src/hefesto_dualsense4unix/daemon/subsystems/identity.py,,,nenhum,24/09/2026,decidida,"DELEGAÇÃO (ela delega decisão de produto; D-2309-O-PRIMARIO-ESPERA-A-CARTA-1 e a linha 17 dela dizem o mesmo): dentro do prazo, com o jogo na autoridade e o co-op de pé, o jogador 1 do jogo fica parado à espera do P1 e o P2 segue no jogador 2; passado o prazo, vale a NUM-01. Custo aceito: nesses até 30 s nenhum atalho do PS dispara. · CONFIRMADA por ela em 24/09 às 19h («Mantém»), menos o custo dos atalhos, que a D-2409-OS-ATALHOS-NA-ESPERA-FICAM-COM-O-P2 revoga.",24/09/2026,O-ASSENTO-GUARDADO-NAO-ANDA-02,delegacao,,,
D-2409-OS-ATALHOS-NA-ESPERA-FICAM-COM-O-P2,"Nos até 30 s em que o lugar do P1 fica guardado, o P2 segura os atalhos do PS","Com o jogo aberto e o P1 fora dentro do prazo, o que acontece com os atalhos do PS?","o P2 segura os atalhos durante a espera, sem trocar de número · os atalhos valem de qualquer controle, sempre · fica como está: até 30 s sem atalho","o P2 segura os atalhos durante a espera, sem trocar de número","até 30 s sem atalho nenhum, em controle nenhum",não espera: ela decidiu,"src/hefesto_dualsense4unix/daemon/subsystems/poll.py (botoes_de_cada_controle, observar_os_atalhos e quem_segura_os_atalhos) · src/hefesto_dualsense4unix/daemon/subsystems/hotkey.py (build_next_mask_callback)",,,uma sprint: OS-ATALHOS-NA-ESPERA-01,24/09/2026,decidida,"o P2 segura os atalhos durante a espera, sem trocar de número; quando o P1 volta, os atalhos voltam para ele — escolhida por ela na página «Decisões do Hefesto» (artifact), em opções, com a foto de hoje. Revoga, da D-2409-O-JOGO-ESPERA-O-LUGAR-GUARDADO, só o «custo aceito» dos atalhos. · NOTA DATADA (28/09/2026, O-MODO-XBOX-NAO-E-QUEDA-02 item 5; por DELEGAÇÃO, A VALIDAR POR ELA): o PS + R3 vale em qualquer um dos quatro pela D-2709-O-PS-R3-EM-QUALQUER-CONTROLE, e o item 5 estende a regra ao PS sozinho e às outras combinações; a extensão é do item 5, e não da resposta 11. Todo controle na mesa tem os atalhos dele, dentro e fora da espera do lugar guardado. O que fica desta decisão: na vaga ninguém troca de número, o vpad parado do P1 não recebe nada, e a pergunta «de quem é o gesto», fora de um gesto, responde o próximo da fila, nunca o P1 ausente.",24/09/2026,O-ASSENTO-GUARDADO-NAO-ANDA-02,ela,D-2409-O-JOGO-ESPERA-O-LUGAR-GUARDADO,,
D-2409-AS-LUZES-DE-NUMERO-TEM-TRES-BRILHOS,As luzes de número ganham três brilhos na linha LEDs da aba Iluminação,"A tela oferece o brilho das luzes de número, que o controle obedece no USB e no BT?","Fraco, Médio e Forte na linha LEDs, nascendo no Fraco · fica fixo no fraco, como hoje · fixo em outro brilho","Fraco, Médio e Forte na linha LEDs, nascendo no Fraco","quem enxerga pouco não tem como aumentar, e quem se incomoda com luz não escolhe",não espera: ela decidiu,src/hefesto_dualsense4unix/interface/aba04.py · src/hefesto_dualsense4unix/interface/pacotes/a04_iluminacao.py · docs/data/mapa-controles.csv (luz.led_jogador.brilho),,,desenho novo na linha LEDs (mockup antes) e o campo por controle no perfil: O-BRILHO-DAS-LUZES-DE-NUMERO-01,24/09/2026,decidida,"Fraco, Médio e Forte na linha LEDs, nascendo no Fraco — escolhida por ela na página «Decisões do Hefesto» (artifact), em opções, com a foto de hoje",24/09/2026,BRILHO-DE-HARDWARE-01 · AS-FRASES-QUE-A-BANCADA-ACHOU-01,ela,,,
D-2409-A-COR-AUTOMATICA-SO-PELO-INTERRUPTOR,"Voltar à cor automática continua sendo pelo interruptor de cima, para todos os controles","Como um controle só volta à cor automática, sem mexer nos outros?",um quadradinho «Auto» na fileira de cores de cada controle · clicar de novo na cor escolhida · fica como está: só o interruptor de cima,um quadradinho «Auto» na fileira de cores de cada controle,"para um controle só voltar ao automático, os outros voltam junto",não espera: ela decidiu,src/hefesto_dualsense4unix/interface/pacotes/a04_iluminacao.py,,,nenhum,24/09/2026,decidida,"fica como está: só o interruptor de cima, que vale para todos — escolhida por ela, fora da recomendada, na página «Decisões do Hefesto» (artifact), em opções, com a foto de hoje",24/09/2026,a conferência da onda 6b (as células cor-* da bancada),ela,,,
D-2409-O-RECONECTAR-NAO-DIZ-NADA,"Depois do «Reconectar controles», a tela não diz nada quando um número muda","Quando o «Reconectar controles» muda algum número, a tela diz «Os controles foram renumerados: P1, P2.» (a proposta da JOGAR-02) ou nada?","nada: o número novo aparece no próprio cartão · a frase curta, só quando algum número muda",nada: o número novo aparece no próprio cartão,um recado de alguns segundos em cima do cartão,não espera: ela decidiu,src/hefesto_dualsense4unix/app/actions/jogar/painel.py (_sem_noticia) · src/hefesto_dualsense4unix/interface/frases_que_ela_baniu.py (FRASES_BANIDAS),,,uma sprint pequena: A-FRASE-DO-RECONECTAR-SAI-01; as frases de falha e as do rádio ficam,24/09/2026,decidida,"nada: o número novo aparece no próprio cartão — escolhida por ela na página «Decisões do Hefesto» (artifact), em opções, com a foto de hoje",24/09/2026,JOGAR-02,ela,,tests/unit/test_o_reconectar_nao_diz_nada.py::test_a_frase_que_saiu_esta_na_lista_das_banidas,
D-2409-O-VETO-DOS-EXTERNOS-SEGUE-ATE-O-RELEASE,O veto de 19/07 segue até o release: controle que não é DualSense não ganha controle virtual,"O 8BitDo e o Pro da Nintendo viram jogador, com controle virtual, perfil e Mira?",segue até o release; depois a pergunta volta · cai depois do release · cai agora,segue até o release; depois a pergunta volta,"uma leva inteira antes do release, e a bancada dos externos volta",não espera: ela decidiu,"src/hefesto_dualsense4unix/core/evdev_reader.py (discover_gamepads) · src/hefesto_dualsense4unix/daemon/subsystems/coop.py · docs/data/mapa-controles.csv (toda linha que cita este id: as 11 de 24/09/2026 e, desde 25/09/2026, as do Pro, as da taxa e as da bateria espelhada ao jogo — O-MAPA-QUE-A-6E-DEIXOU-01)",,,as 11 linhas do mapa saem de «só ela decide»: O-MAPA-OUVE-AS-RESPOSTAS-DE-24-09-01,24/09/2026,decidida,"segue até o release; depois a pergunta volta — escolhida por ela na página «Decisões do Hefesto» (artifact), em opções, com a foto de hoje",24/09/2026,o veto de 19/07 e a D-0609-EXTERNOS-DEPOIS,ela,,,
D-2409-O-HEFESTO-NUNCA-GRAVA-A-CALIBRACAO,O Hefesto nunca grava a calibração dos analógicos na memória do controle,O Hefesto oferece recalibrar os analógicos gravando na memória do controle (a família 0x80)?,"nunca: o desvio se corrige no computador · oferece recalibrar gravando, com confirmação",nunca: o desvio se corrige no computador,um par errado na família 0x80 reinicia o controle,não espera: ela decidiu,docs/data/mapa-controles.csv (entrada.stick.calibracao) · src/hefesto_dualsense4unix/integrations/cor_do_plastico.py (os pares que destroem),,,a linha do mapa sai de «só ela decide»: O-MAPA-OUVE-AS-RESPOSTAS-DE-24-09-01,24/09/2026,decidida,"nunca: o desvio se corrige no computador — escolhida por ela na página «Decisões do Hefesto» (artifact), em opções, com a foto de hoje",24/09/2026,o mapa de canais (entrada.stick.calibracao),ela,,,
D-2409-AS-COPIAS-DE-PAREAMENTO-SAEM-NO-PURGE,"As capturas e as cópias antigas de pareamento saem, e o uninstall com --purge-config passa a levar as cópias","O que se faz com as 3 capturas de Bluetooth de 22/07, legíveis por qualquer usuário, e as 4 cópias de pareamento de desinstalações antigas?","apague as 3 capturas e as 4 cópias antigas · apague só as capturas · guarde tudo, com as capturas só para o root · deixe como está",apague as 3 capturas e as 4 cópias antigas,a chave de pareamento dos controles fica em arquivo que qualquer usuário da máquina lê,não espera: ela decidiu,/var/lib/hefesto-dualsense4unix · uninstall.sh (o ramo do --purge-config),,,"apagadas por quem coordena às 19h10 (5 pares no BlueZ e 16 entradas em bt-bonds, antes e depois); o uninstall na O-PURGE-LEVA-AS-COPIAS-DE-PAREAMENTO-01",24/09/2026,decidida,"apague as 3 capturas e as 4 cópias antigas — escolhida por ela na página «Decisões do Hefesto» (artifact), em opções, com a foto de hoje. O --purge-config passar a apagar as cópias pre-uninstall foi decidido por delegação e mostrado a ela na mesma pergunta, sem objeção",24/09/2026,INSTALL-E-UNINSTALL-DO-RADIO-01 («Da conferência»),ela,,,
D-2409-O-CO-OP-LOCAL-SAI,"O Estilo de Jogo «Co-op local» sai, e a tela para de tratar o co-op como um modo que se liga","(pedido dela, escrito na página ao confirmar as dicas da 04 e da 05)",,,,não espera: ela decidiu,src/hefesto_dualsense4unix/profiles/estilos_de_jogo.py · src/hefesto_dualsense4unix/interface/aba09.py · src/hefesto_dualsense4unix/interface/pacotes/a04_iluminacao.py,,,"uma sprint: O-CO-OP-LOCAL-SAI-01. Medido em 25/09: o perfil não guarda o estilo, e não houve o que migrar",24/09/2026,decidida,"«Temos que remover o perfil coop ou modo de jogo coop que não faz sentido inclusive. Eu quero manter as correções novas que vc fez.» — escrito por ela na página «Decisões do Hefesto». Medido: é o Estilo de Jogo «Co-op local» (estilos_de_jogo.py, um dos 14 de fábrica) e as frases que tratam o co-op como algo que se liga («o co-op está ligado», na 09; «com o co-op ligado, quem as acende é o jogo», na 04, fato errado desde a D-2309). A leitura foi confirmada por ela na conversa, às 19h45: «isso mesmo»",24/09/2026,a página «Decisões do Hefesto» (as dicas da 04 e da 05),ela,,tests/unit/test_o_co_op_local_saiu.py::test_o_coop_nao_volta_ao_dono_dos_estilos,
D-2409-OS-TRES-CHIPS-DE-MOVIMENTO-FICAM,"Os três chips do cartão ficam como estão: Giroscópio, Acelerômetro e Mira Virtual","O chip Acelerômetro faz sentido, ou vira um só com o Giroscópio, com o texto «Giroscópio»? (pergunta dela na página)",um chip «Giroscópio» que liga os dois · os três como estão,,,não espera: ela decidiu,src/hefesto_dualsense4unix/core/virtual_motion.py (janela_com_sensores) · src/hefesto_dualsense4unix/interface/pacotes/a02_controles.py,,,nenhum,24/09/2026,decidida,"«então deixa. Mantém como estão os 3 botões.» — dela, na conversa, depois da medição: o Acelerômetro desligado zera o acelerômetro que o jogo recebe. Ela não achava que ele agisse («não achei que funcionasse»)",24/09/2026,a página «Decisões do Hefesto» (a Mira na Navegação),ela,,,
D-2409-A-DICA-DO-SALVAR-DIZ-O-TIPO-DO-PERFIL,A dica do «Salvar Perfil» diz onde a mudança vale conforme o tipo do perfil,O que a dica do «Salvar Perfil» promete quando o perfil ativo não é de jogo?,"uma cauda por tipo: jogo, «Todos» (o Freestyle) e manual · a frase do jogo para todo perfil, como antes · nenhuma cauda","uma cauda por tipo: jogo, «Todos» (o Freestyle) e manual","a frase do jogo prometia ao Freestyle «volta sozinho toda vez que este jogo abrir», que é falso",não espera: decidida por delegação,src/hefesto_dualsense4unix/interface/pacotes/__init__.py (_QUANDO_VOLTA) · src/hefesto_dualsense4unix/interface/fim.html,,,nenhum: feito na O-MODO-FREESTYLE-03,24/09/2026,decidida,"DELEGAÇÃO (D-2409-O-OK-DO-DESENHO-E-DE-QUEM-COORDENA, e ela delega decisão de produto): o jogo mantém a frase aprovada; o «Todos» diz «vale fora do jogo e em todo jogo sem perfil próprio»; o manual diz «vale quando você escolher este perfil»; sem tipo sabido, só a frase comum, que é a congelada no fim.html. Conferido na foto do WebKit do piloto, e as dez publicadas. NOTA DE 02/10/2026: a cauda do «Todos» («vale fora do jogo e em todo jogo sem perfil próprio») caducou em 01/10/2026 com a D-2909-O-HEFESTO-ABRE-NA-ESCOLHA-DELA, item 6: o Freestyle só é o perfil ativo com o botão aceso, e aceso vale em todo jogo. A frase nova, ou nenhuma, é decisão a tomar (a dica do Salvar com o Freestyle aceso, `_QUANDO_VOLTA['any']` em `pacotes/__init__.py`, é falsa em todo estado, e vai ao conjunto «Perfis e o Salvar»).",24/09/2026,O-MODO-FREESTYLE-03,delegacao,,,
D-2409-A-ENTRADA-DO-COMPUTADOR-LEVA-O-BARRAMENTO,"Sem nome dado por ela, a entrada do computador leva o barramento quando a máquina tem dois controladores USB",Como a seção do rádio e o doctor distinguem duas entradas do computador que o kernel numera igual?,"«Entrada 1-4» e «Entrada 3-4», o caminho do kernel · desempatar só quando dois adaptadores caem no mesmo número · outro texto, como «Entrada 4 (controladora 1)»","«Entrada 1-4» e «Entrada 3-4», o caminho do kernel","só no empate, o rótulo de um adaptador muda quando outro chega ou sai; o texto longo não cabe na marca da face",não espera: decidida por delegação,src/hefesto_dualsense4unix/integrations/entrada_a_entrada.py (_rotulo_de_reserva),,,nenhum: feito na STORM-USB-02,24/09/2026,decidida,"DELEGAÇÃO (D-2409-O-OK-DO-DESENHO-E-DE-QUEM-COORDENA, e ela delega decisão de produto): «Entrada 1-4» e «Entrada 3-4». É o mesmo estilo do rótulo de reserva do desenho aprovado («Entrada 4.1.4», o caminho do kernel), fica estável quando adaptadores chegam e saem, e o nome que ela dá ao lugar vence sempre. Com um controlador só, nada muda. Ressalva da conferência, anotada para a sessão dela: «1-4» pode ser lido como «de 1 a 4»; a foto da seção com o BlueZ real é da bancada dela.",24/09/2026,STORM-USB-02,delegacao,,,
D-2409-A-LEITURA-DO-FINETUNE-FICA-FORA,O Hefesto não lê o ajuste fino dos analógicos que o controle guarda,"A tela mostra a calibração de fábrica dos analógicos (o finetune [12, 2]) que o Hefesto consegue ler?","fica fora: o Hefesto nem grava nem mostra · mostrar só a leitura, sem gravar",fica fora: o Hefesto nem grava nem mostra,"um número novo na tela, que ninguém pediu e que ela não pode mudar",não espera: decidida por delegação,docs/data/mapa-controles.csv (entrada.stick.calibracao),,,nenhum: registrado na O-MAPA-OUVE-AS-RESPOSTAS-DE-24-09-01,24/09/2026,decidida,"DELEGAÇÃO (D-2409-O-OK-DO-DESENHO-E-DE-QUEM-COORDENA, e ela delega decisão de produto): fica fora. A resposta dela (D-2409-O-HEFESTO-NUNCA-GRAVA-A-CALIBRACAO) é sobre GRAVAR; a leitura ninguém lhe perguntou, e pelo padrão dela não entra um número novo na tela que ela não pediu. Reversível: a leitura existe no protocolo e pode entrar se ela pedir.",24/09/2026,O-MAPA-OUVE-AS-RESPOSTAS-DE-24-09-01,delegacao,,,
D-2509-O-DESTINO-MOUSE-FORA-DA-NAVEGACAO-E-O-ANALOGICO,"O destino «mouse» da Mira, fora da Navegação, é o analógico direito",Um perfil escrito à mão com a Mira indo ao «mouse» no Virtual ou no Xbox: a dica diz «move o cursor» e nada se move. O que o destino faz ali?,o esquema lê «mouse» como o analógico direito · a dica passa a dizer que nada se move · o perfil é recusado,o esquema lê «mouse» como o analógico direito,"uma frase nova na tela para um caso que só nasce de JSON à mão, ou um perfil recusado por um campo que o produto sabe ler",não espera: decidida por delegação,src/hefesto_dualsense4unix/profiles/schema.py (_o_cursor_fora_da_navegacao_e_o_analogico_direito),,,nenhum: A-MIRA-NA-NAVEGACAO-02,24/09/2026,decidida,"DELEGAÇÃO (ela delega decisão de produto): o esquema lê «mouse» fora da Navegação como o analógico direito, que é o destino padrão e o que a Mira faz em todo modo; na Navegação o roteador já leva todo destino ao cursor. A dica diz a verdade sem frase nova. Reversível apagando o validador; o disco só muda quando algum gesto salvar aquele perfil.",25/09/2026,A-MIRA-NA-NAVEGACAO-01,delegacao,,,
D-2509-O-CARTAO-DIZ-MOVE-O-CURSOR-SO-QUANDO-ANDA,O cartão da Navegação diz «Move o cursor» só quando o cursor anda,"O controle que não navega aparece como «Só a janela» na aba 06, mas com a Mira acesa o giro dele move o cursor do PC. O que o cartão diz?",«Move o cursor» quando o motor move de fato · «Só a janela» sempre · um recado explicando a Mira,«Move o cursor» quando o motor move de fato,"o cartão afirmando o que não acontece, ou um recado novo na tela",não espera: decidida por delegação,src/hefesto_dualsense4unix/interface/pacotes/a06_navegacao.py (move_o_cursor),,,nenhum: A-MIRA-NA-NAVEGACAO-02,24/09/2026,decidida,"DELEGAÇÃO (ela delega decisão de produto; a tela nunca afirma o que não acontece): o cartão diz «Move o cursor» com a Mira e o Giroscópio daquele controle acesos, na Navegação e com o mouse despachando (o dono único no daemon); fora disso, «Só a janela». Frase curta, sem recado, no molde das outras, e no glossário.",25/09/2026,A-MIRA-NA-NAVEGACAO-01,delegacao,,,
D-2509-O-DESLIGAR-E-O-BRILHO-EM-ZERO,"O «Desligar» da barra é o brilho em 0%, e a cor dela fica no disco","O «Desligar» de um controle sobrevive a reaplicar o perfil? Ele gravava o preto como a cor, e desde 22/09 o preto gravado é «não opinou».","o brilho em 0% no override do controle, com a cor intacta · um estado de apagado novo no esquema · deixar como está","o brilho em 0% no override do controle, com a cor intacta","um campo novo no esquema e no merge para dizer o que o brilho já diz; ou a barra que ela apagou acendendo sozinha na troca manual, no boot e no Salvar, com a cor escolhida apagada do disco",não espera: decidida por delegação,"src/hefesto_dualsense4unix/interface/pacotes/a04_iluminacao.py (apagar, _guardar_o_apagado_no_perfil)",,,nenhum: A-04-PERGUNTA-AO-DAEMON-VIVO-01,25/09/2026,decidida,"DELEGAÇÃO (quem coordena, por delegação dela; ela delega decisão de produto): o «Desligar» grava o brilho do controle em 0% e deixa a cor escolhida no disco. MEDIDO na mesa de quatro real (IpcServer, ProfileManager, o merge do backend): com o preto gravado como cor, o P2 apagado voltava aceso (209,0,0) na troca manual, no boot e no «Salvar Perfil», e o laranja dela tinha sumido do disco; só a troca automática o mantinha, pela camada viva. Com o brilho em 0% ele fica apagado nos cinco caminhos (troca automática, manual, boot, Salvar e Aplicar), no USB e no BT. Não desfaz a ordem de 22/09: o preto continua não sendo cor, e o brilho é o apagar que ela deixou («um campo que só a mão dela move»). Para acender: o trilho, ou um tom da guia, que acende no brilho do perfil. Sem botão novo nem recado. Reversível: o override guarda só o brilho, e a cor dela está lá.",25/09/2026,A-04-PERGUNTA-AO-DAEMON-VIVO-01,delegacao,,,
D-2509-AS-SOLUCOES-SO-NA-STEAM-POR-ORA,"«Aplicar soluções nos lançadores» aplica só na Steam, por ora",O botão novo da aba Sistema (o antigo «Aplicar aos jogos da Steam») já estende as soluções aos outros lançadores nesta leva?,"só a Steam, e a extensão fica mapeada numa sprint · estender já a Heroic, Lutris e os outros","só a Steam, e a extensão fica mapeada numa sprint","mais uma frente na noite em que as abas 08 e 09 fecham, mexendo nos donos da aba Lançadores",não espera: decidida por ela,docs/process/sprints/2026-09-25-AS-SOLUCOES-NOS-LANCADORES-01.md,,,nenhum: o botão muda de nome e faz o que fazia,25/09/2026,decidida,"Ela, 25/09/2026, 21h05: «isso. só mapeia não quero isso agora. fica só aplicando na steam.» O botão da aba Sistema passa a se chamar «Aplicar soluções nos lançadores» e aplica só na Steam; a AS-SOLUCOES-NOS-LANCADORES-01 fica aberta, só mapeada. NOTA DE 01/10/2026: o «por ora» caducou. A D-0110-AS-SOLUCOES-EM-TODO-LANCADOR, depois da frase dela de 01/10, faz o «Aplicar soluções nos lançadores» valer para todo lançador (Steam, Heroic, Lutris e emuladores).",25/09/2026,A-09-SISTEMA-EM-TRES-SECOES-01,ela,,,
D-2509-O-DESENHO-DA-09-APROVADO-COM-QUATRO-AJUSTES,"O desenho novo da aba Sistema está aprovado, com quatro ajustes","O mockup da aba Sistema em três seções (Status, Configurações Avançadas, Detalhes técnicos) está aprovado?",aprovado com os quatro ajustes · outro desenho,aprovado com os quatro ajustes,a aba 09 fora do fecho desta noite,não espera: decidida por ela,src/hefesto_dualsense4unix/interface/aba09.py; docs/process/sprints/2026-09-25-A-09-SISTEMA-EM-TRES-SECOES-01.md,,,nenhum: quatro cortes e um estilo no gerador,25/09/2026,decidida,"Ela, 25/09/2026, 22h13, sobre a foto do mockup: sai a contagem «8 linhas · nenhum aviso» (o lugar fica vazio); sai o rótulo «O exame de hoje» e o ? dele; saem os ? das quatro linhas do Status; «Configurações Avançadas» com a cor e o tamanho de «Sistema». E: «se fizer tá aprovado». Às 23h23, olhando o mockup com os quatro ajustes: «09 tá divina perfeita em definitivo».",25/09/2026,A-09-SISTEMA-EM-TRES-SECOES-01,ela,,,
D-2509-O-NOME-NA-CONEXOES-E-NOME-MODELO-PN,Na aba Conexões o controle se chama «Nome ● Modelo do plástico ● Pn»,"(pedido dela, escrito na lista «Conexões hoje», passo a2: o nome renomeado não aparecia, e o número mostrado era o de antes de reconectar)",,,,não espera: ela decidiu,"src/hefesto_dualsense4unix/interface/pacotes/a08_conexoes.py (nome_na_conexoes, como_se_chama) · src/hefesto_dualsense4unix/interface/aba08.py (CSS_DA_SECAO_DO_RADIO)",,,"uma sprint: A-CONEXOES-O-QUE-A-LISTA-DELA-ACHOU-01. O nome é do controle (o Alias pelo endereço), o plástico é o lido, e o número é o do daemon vivo",25/09/2026,decidida,"«Nome ● Modelo do plástico ● Pn» (ex.: «Vitória ● Cosmic Red ● P1»), sincronizado com o daemon, só na aba Conexões; nas outras abas fica como está. Sem nome, «Player N»; sem plástico lido ou sem número, a parte sai.",25/09/2026,a lista «Conexões hoje» (A-CONEXOES-O-QUE-A-LISTA-DELA-ACHOU-01),ela,,,
D-2509-A-CAIXA-UNICA-ABERTA-E-AS-CAIXAS-SE-ARRASTAM,"Com um adaptador só a caixa dele fica aberta, e as caixas se reordenam arrastando","(pedido dela, escrito nas notas da lista «Conexões hoje», com a foto das três caixas)",,,,não espera: ela decidiu,"src/hefesto_dualsense4unix/interface/pacotes/a08_conexoes.py (_o_aberto, adaptador_reordenar, _na_ordem_dela) · src/hefesto_dualsense4unix/utils/maquina.py (AdaptadorDeclarado.ordem, guardar_ordem_dos_adaptadores) · src/hefesto_dualsense4unix/interface/aba08.py (o arrasto das caixas)",,,"uma sprint: A-CONEXOES-O-QUE-A-LISTA-DELA-ACHOU-01. A ordem grava pelo endereço do adaptador, no maquina.json, ao lado do nome dele (desde 28/09/2026, A-ENTRADA-TEM-UM-REGISTRO-SO-01; até ali gravava pela chave do lugar, no gui_preferences.json)",25/09/2026,decidida,«segurar a área do conector e arrastar ela pra mudar de ordem entre eles. Essa área se só tiver um conector ela tá sempre aberta.» — escrito por ela nas notas; a ordem fica gravada,25/09/2026,a lista «Conexões hoje» (A-CONEXOES-O-QUE-A-LISTA-DELA-ACHOU-01),ela,,,
D-2509-O-CABO-ASSUME-DO-RADIO,"O controle do rádio que ganha cabo passa para o cabo, com o mesmo número","Ela plugou no USB um controle que estava pelo BT, e ele «segue conectado no modo bt mas agora segue carregando». O Hefesto passa o controle para o cabo, ou ele fica no rádio e só carrega?","passa para o cabo, com o mesmo número · fica no rádio e só carrega",,"no rádio não há a vibração por áudio, o som vai pelo rádio e o atraso é maior; e a contagem da tela continua dizendo BT com o cabo plugado",não espera: ela decidiu,src/hefesto_dualsense4unix/daemon/connection.py (vigiar_o_cabo_em_espera) · src/hefesto_dualsense4unix/integrations/o_cabo_em_espera.py · assets/85-hefesto-o-cabo-assume.rules,,,nenhum: O-CABO-ASSUME-DO-RADIO-01,25/09/2026,decidida,"«Passa para o cabo» — dela, 25/09/2026, 22h50, na lista «Conexões hoje» (passos d1 e d2): o Hefesto troca para o USB sozinho, com o mesmo número de jogador e sem o jogo perder o controle; tirou o cabo, volta pelo BT com o mesmo número. MEDIDO na mesa dela (25/09, 19h42): o kernel recusa o HID do cabo por endereço repetido (erro -17) enquanto o rádio segura o endereço, então o produto derruba o rádio daquele controle (Disconnect; o pareamento fica, e é ele que traz o controle de volta) e a regra 85 religa o cabo. No Modo Nativo o cabo espera o jogo soltar. Sem botão novo e sem recado.",25/09/2026,a lista «Conexões hoje» dela (passos d1 e d2),ela,,,
D-2509-O-TOUCHPAD-VIRA-A-TELA-DE-BAIXO-DO-EMULADOR,"O touchpad vira a tela de baixo do 3DS no emulador, e o giro chega por um caminho que não depende do SDL","(pedido dela, na sessão do Majora's Mask 3D, sobre o touchpad como tela de baixo no Azahar)",,"a rota A: um servidor DSU (cemuhook) dentro do daemon, em 127.0.0.1:26760, alimentado pelo hub de sensores",,"não espera: ela pediu. A rota espera ela; do §9, a 1, a 2 e a 4 foram respondidas em 26/09 (D-2609-*)",docs/process/sprints/2026-09-25-O-SERVIDOR-DSU-LEVA-O-TOQUE-E-O-MOVIMENTO-AO-EMULADOR-01.md,,,uma sprint: O-SERVIDOR-DSU-LEVA-O-TOQUE-E-O-MOVIMENTO-AO-EMULADOR-01 (~12 h de agente e ~45 min de bancada),25/09/2026,decidida,"«o primeiro ponto, pq não? e o que podemos fazer pra que possamos usar dessa forma? pode criar a sprint pra isso no repo do hefesto?» — dela, 25/09/2026 à noite, na sessão do Majora's Mask 3D. Decidido: a feature e a sprint. NÃO decidido: a rota (a A é recomendação, a mesma da D12 do quarto do MM3D) e as cinco perguntas marcadas PROVISÓRIO no §9 da sprint.",25/09/2026,a sessão do Majora's Mask 3D (D12 do quarto: o touchpad não vira tela de baixo hoje),ela,,,
D-2609-O-SERVIDOR-DSU-NASCE-LIGADO,O servidor DSU nasce ligado,O servidor DSU do Hefesto nasce ligado? (§9.1 da sprint),ligado · desligado,ligado,"desligado: o Azahar fica sem o toque até alguém ligar, e ligar só pela tela, numa sprint própria",não espera: ela decidiu,docs/process/sprints/2026-09-25-O-SERVIDOR-DSU-LEVA-O-TOQUE-E-O-MOVIMENTO-AO-EMULADOR-01.md (§4 e §9.1); src/hefesto_dualsense4unix/utils/maquina.py (servidor_dsu),,,nenhum além da sprint: o «não sei» do maquina.json vale ligado,25/09/2026,decidida,"«Ligado (Recomendado)» — escolhida por ela entre as opções, nas perguntas da sessão do Majora's Mask 3D, 26/09/2026 à 00h30. Preço aceito: a porta 26760 fica ocupada para outro servidor DSU, e qualquer programa local que pedir recebe toque e giro (só em 127.0.0.1).",26/09/2026,O-SERVIDOR-DSU-LEVA-O-TOQUE-E-O-MOVIMENTO-AO-EMULADOR-01 (§9.1),ela,,,
D-2609-CONTROLAR-O-PC-NAO-PUBLICA-NO-DSU,"Em «Controlar o PC», o controle não manda toque nem giro ao emulador","No modo «Controlar o PC», o controle também manda toque e giro para o emulador? (§9.2 da sprint)",não · sim,,sim: a sprint teria de inventar um slot para um controle sem número de jogador,não espera: ela decidiu,docs/process/sprints/2026-09-25-O-SERVIDOR-DSU-LEVA-O-TOQUE-E-O-MOVIMENTO-AO-EMULADOR-01.md (E4 e §9.2); src/hefesto_dualsense4unix/daemon/servidor_dsu.py,,,nenhum: é o provisório da sprint,25/09/2026,decidida,"«Não (o provisório)» — escolhida por ela entre as opções, nas perguntas da sessão do Majora's Mask 3D, 26/09/2026 à 00h30. Sem número, sem slot: o controle em «Controlar o PC» não publica no DSU.",26/09/2026,O-SERVIDOR-DSU-LEVA-O-TOQUE-E-O-MOVIMENTO-AO-EMULADOR-01 (§9.2),ela,,,
D-2609-O-DEDO-FICA-NO-JOGO-ENQUANTO-O-EMULADOR-ESCUTA,"Enquanto um emulador escuta o DSU, o dedo no touchpad não move o cursor do PC",O dedo no touchpad move o cursor do PC durante o jogo (a regra de 09/08). O que fazer? (§9.4 da sprint),decidir depois do teste · aceitar o cursor · travar o dedo no jogo,decidir depois do teste (o E8 mede),"aceitar: cada dedo na tela de baixo também move o cursor, e o clique firme vira clique de mouse",não espera: ela decidiu,"docs/process/sprints/2026-09-25-O-SERVIDOR-DSU-LEVA-O-TOQUE-E-O-MOVIMENTO-AO-EMULADOR-01.md (E3, E4, E8 item 6 e §9.4); src/hefesto_dualsense4unix/daemon/sensor_hub.py",,,~30 min a mais no E3 da sprint: o grab do nó «Touchpad» com prazo de 5 s,25/09/2026,decidida,"«Travar o dedo no jogo» — escolhida por ela entre as opções, nas perguntas da sessão do Majora's Mask 3D, 26/09/2026 à 00h30. Enquanto um cliente DSU escuta o slot, o hub segura o EVIOCGRAB do «Touchpad» daquele controle. Preço aceito: o painel e as regiões do touchpad ficam sem o dedo nesse tempo. Não revoga a regra de 09/08 (TOUCHPAD-DO-SISTEMA-01): fora disso, o touchpad segue sendo o mouse do sistema.",26/09/2026,O-SERVIDOR-DSU-LEVA-O-TOQUE-E-O-MOVIMENTO-AO-EMULADOR-01 (§9.4),ela,,,
D-2609-O-DESENHO-DA-08-EM-CARTOES-APROVADO,O desenho da aba Conexões em cartões por controle está aprovado,"O desenho novo da 08 (um cartão por controle, cinco ferramentas iguais, o Mapear em duas colunas) está aprovado?",aprovado · outro desenho,aprovado,a 08 com o acordeão que ela chamou de «quebradíssima»,não espera: decidida por ela,src/hefesto_dualsense4unix/interface/aba08.py; docs/process/sprints/2026-09-25-A-08-O-CHECKUP-ABSORVE-A-GESTAO-01.md,,,nenhum: o gerador e a folha da 08,26/09/2026,decidida,"Ela, 26/09/2026, olhando a foto do mockup: «caralho uau hmmmm divino, não espera um resultado incrível assim». E a pergunta sobre a caixa da ordem de serviço, que virou a decisão D-2609-A-SUGESTAO-DE-CONEXAO-DIZ-O-QUE-MOVER.",26/09/2026,A-08-O-CHECKUP-ABSORVE-A-GESTAO-01,ela,,,
D-2609-A-SUGESTAO-DE-CONEXAO-DIZ-O-QUE-MOVER,A caixa da ordem de serviço se chama «Sugestão de conexão» e diz o que mover,"A caixa do de→para no Check-up ganha título e a instrução da ordem, contra a ordem de 13/09 de tirar instrução da tela?",título e instrução · só o título · como estava,título e instrução,"sem título, a caixa era um par de endereços soltos, e ela perguntou o que era",não espera: decidida por ela,"src/hefesto_dualsense4unix/interface/pacotes/a08_conexoes.py (_card_da_ordem, TITULO_DA_ORDEM)",,,nenhum: duas linhas no card,26/09/2026,decidida,"Ela, 26/09/2026: «agora entendi a ideia. ok. dá pra aceitar a instrução nisso. boa ideia», e para o nome da caixa: «algo tipo sujestões de Conexão» A exceção vale só nesta caixa; o ganho, a cura e a procedência continuam fora.",26/09/2026,A-08-O-CHECKUP-ABSORVE-A-GESTAO-01,ela,,,
D-2609-O-CHECKUP-VIRA-GESTAO-DOS-CONTROLES,A seção «Check-up» da aba Conexões se chama «Gestão de Controles»,Qual o nome da primeira seção da aba Conexões?,Gestão de Controles · Check-up,Gestão de Controles,"«Check-up» nomeia o exame, e a seção é dos controles",não espera: decidida por ela,src/hefesto_dualsense4unix/interface/aba08.py; src/hefesto_dualsense4unix/interface/pacotes/a08_conexoes.py,,,nenhum: um rótulo,26/09/2026,decidida,"Ela, 26/09/2026: «checkup não deveria ser o nome da seção e sim Gestão dos Controles.» E às 04h, corrigindo o desenho: «O nome da seção de chckup era Gestão de Controles.»",26/09/2026,A-GESTAO-DOS-CONTROLES-NO-PRODUTO-01,ela,,,
D-2609-A-SUGESTAO-FICA-LARGA-E-COM-TITULO,"A Sugestão de Conexão nunca some, tem título e ocupa a metade direita",A caixa do canto superior direito some quando não há ordem com destino?,fica sempre · some sem ordem,"fica sempre, com título, na metade direita da grade dos cartões","sumida, a tela sem controle mostrava três AJUSTAR sem dizer o que fazer",não espera: decidida por ela,src/hefesto_dualsense4unix/interface/aba08.py; src/hefesto_dualsense4unix/interface/pacotes/a08_conexoes.py,,,o CSS das duas colunas e o pintor da ordem,26/09/2026,decidida,"Ela, 26/09/2026: «pq sumiu a parte da caixinha no canto superior direito?» e «aumenta a largura do bloco do canto superior direito. Ainda falta um título pra essa área.» E sobre o que o mapa dizia dos controles no adaptador errado: «deveria ocupar o lugar no canto superior direito». Muda a segunda regra da CHECKUP-VAO-01, que está em D-AS-NOVE-QUE-ESPERAVAM-A-PALAVRA-DELA (sem ordem, o exame ocupava a largura inteira).",26/09/2026,A-GESTAO-DOS-CONTROLES-NO-PRODUTO-01,ela,,,
D-2609-O-IGNORAR-ENCOSTA-NA-LINHA,O ⊘ de ignorar fica colado no «?» da linha do exame,Onde fica o ⊘ de cada linha do exame?,colado no «?» · na ponta da coluna,colado no «?»,"na ponta, a meia tela da frase que ele cala",não espera: decidida por ela,src/hefesto_dualsense4unix/interface/aba08.py; src/hefesto_dualsense4unix/interface/pacotes/a08_conexoes.py,,,nenhum: uma margem,26/09/2026,decidida,"Ela, 26/09/2026: «aproxima o botão de ignora pra deixar ele mais a esquerda»",26/09/2026,A-GESTAO-DOS-CONTROLES-NO-PRODUTO-01,ela,,,
D-2609-O-ATUALIZAR-ENTRA-NO-EXAMINAR,"«Atualizar» e «Examinar Entradas» viram um botão só, e as quatro ferramentas têm ícone",O «Atualizar» e o «Examinar Entradas» são dois botões?,um botão · dois,"um botão, «Examinar Entradas», que refaz o exame e relê os controles",dois botões que ela não distingue,não espera: decidida por ela,src/hefesto_dualsense4unix/interface/aba08.py; src/hefesto_dualsense4unix/interface/pacotes/a08_conexoes.py,,,o gesto checkup-atualizar some; o examinar-portas relê os controles também,26/09/2026,decidida,"Ela, 26/09/2026: «acho que não existe diferença entre o examinar entradas e atualizar da forma como está ali» e «falta os svg ou glifos para atualizar Mapa do Controes»",26/09/2026,A-GESTAO-DOS-CONTROLES-NO-PRODUTO-01,ela,,tests/unit/test_a_08_o_checkup_absorve_a_gestao.py::test_o_examinar_tambem_rele_os_controles,
D-2609-O-PERFIL-DE-DESEMPENHO-E-POR-CONTROLE,"O Perfil de Desempenho mora em cada cartão de controle, no lugar do Modo Economia",Onde se escolhe o Perfil de Desempenho?,em cada cartão · uma vez para todos no mapa,"em cada cartão, com Tudo Ligado, Bateria Longa e Eu Escolho","um perfil para a mesa inteira, numa página que ela não abre para jogar",não espera: decidida por ela,src/hefesto_dualsense4unix/interface/aba08.py; src/hefesto_dualsense4unix/interface/pacotes/a08_conexoes.py,,,um gesto novo por controle no produto (a sprint),26/09/2026,decidida,"Ela, 26/09/2026: «perfil do desempenho deveria aparecer por controle na página anterior» e «Modo Economia de Bateria Deveria Ser o Perfil de Desempenho». E: «Controles Ligados por default no software é 4, isso não deve aparecer pro user. Quem usa o microfone também não. Isso é controlado pelo botão do control.» Muda o lugar da D-PERFIL-DE-DESEMPENHO: os três perfis ficam, e cada controle tem o seu.",26/09/2026,A-GESTAO-DOS-CONTROLES-NO-PRODUTO-01,ela,,,
D-2609-A-LUZ-NAO-ACENDE-E-BOTAO,«A luz não acende» é um botão do cartão,«A luz não acende» é link ou botão?,botão · link,"botão, com o ícone da lâmpada",link pontilhado que ela não leu como gesto,não espera: decidida por ela,src/hefesto_dualsense4unix/interface/aba08.py; src/hefesto_dualsense4unix/interface/pacotes/a08_conexoes.py,,,nenhum,26/09/2026,decidida,"Ela, 26/09/2026: «A luz não acende isso deveria ser um botão.»",26/09/2026,A-GESTAO-DOS-CONTROLES-NO-PRODUTO-01,ela,,,
D-2609-DISPOSITIVOS-CONECTADOS,«Quem está no ar» se chama «Dispositivos Conectados»,Qual o nome da faixa do rádio?,Dispositivos Conectados · Quem está no ar,Dispositivos Conectados,a pergunta não diz o que a faixa mostra,não espera: decidida por ela,src/hefesto_dualsense4unix/interface/aba08.py,,,nenhum: um rótulo,26/09/2026,decidida,"Ela, 26/09/2026: «Quem está no ar dentro de rádios e adaptadores. Muda para Dispositivos Conectados»",26/09/2026,A-GESTAO-DOS-CONTROLES-NO-PRODUTO-01,ela,,,
D-2609-O-MAPA-DAS-CONEXOES,"O «Mapa das Entradas» vira «Mapa das Conexões», sem a seção dos controles, em branco e com maiúscula em cada palavra",O que sai e o que muda na página do mapa?,o pedido dela inteiro,o pedido dela inteiro,«milhares de textos» e botões que não deviam estar lá,não espera: decidida por ela,src/hefesto_dualsense4unix/interface/pagina_do_mapa.py (EDICOES_ESPERANDO_A_SESSAO_DELA),,,onze edições na bancada; o produto muda no --publicar,26/09/2026,decidida,"Ela, 26/09/2026: «Mapa das Entradas Muda pra Mapa das Conexões»; «leitura deste computador · 26/09/2026 03h13 essa info some»; «a cor de fonte de qualquer cinza que tem na página muda pra branco. Todas as palavras Iniciam com a letra maíscula.»; «tudo do Os controles — onde cada um rende 100% deixa de existir tudo isso aí até O extensor não aparece sozinho»; «botão examinar de novo tá desconexo do resto dos elementos»",26/09/2026,O-MAPA-DAS-CONEXOES-NO-PRODUTO-01,ela,,,
D-2609-OS-MODOS-DO-MAPA-EM-UMA-PALAVRA,"Os três modos do mapa são «Atual», «Sugestões» e «Adicionar»","Qual palavra para «Como está hoje», «O que mudar» e «Tenho algo na mão»?",Atual · Sugestões · Adicionar,Atual · Sugestões · Adicionar,três frases onde ela pediu uma palavra,não espera: decidida por ela,src/hefesto_dualsense4unix/interface/pagina_do_mapa.py (EDICOES_ESPERANDO_A_SESSAO_DELA),,,nenhum: três rótulos,26/09/2026,decidida,"Ela, 26/09/2026: «muda os nomes dos botões pra algo fácil de entender. No máximo 1 palavra.» e, na página das respostas, os nomes: «Atual, Sugestões, Adicionar».",26/09/2026,O-MAPA-DAS-CONEXOES-NO-PRODUTO-01,ela,,,
D-2609-O-CLIQUE-NA-ENTRADA-DIZ-O-QUE-TEM-NELA,"Clicar numa entrada do mapa abre o editor dela: o que tem ali (Direto, Hub, Extensor) e a velocidade",Como ela diz que numa entrada há um hub?,o editor da entrada · só pelo Mapear,"o editor da entrada, que também corrige a velocidade","sem ele, o hub dela não tem lugar no mapa, e a velocidade que o firmware diz errado não tem conserto",não espera: decidida por ela,src/hefesto_dualsense4unix/interface/pagina_do_mapa.py (EDICOES_ESPERANDO_A_SESSAO_DELA),,,o editor na bancada; a gravação no maquina.json é a sprint,26/09/2026,decidida,"Ela, 26/09/2026: «talvez ao clicar em um desses usb mapeados eu pudesse setar que tem tal coisa lá. no caso o hub ou afins.» E sobre a velocidade: «Creio que os da frente são 3.0 e o 7 e o 8 são 2.»",26/09/2026,O-MAPA-DAS-CONEXOES-NO-PRODUTO-01,ela,,,
D-2609-EU-ESCOLHO-VIRA-PERSONALIZADO,O terceiro Perfil de Desempenho se chama «Personalizado»,O botão «Eu Escolho» do Perfil de Desempenho: o que ele quer dizer e como se chama?,Cada aba manda neste controle · Personalizado,Cada aba manda neste controle,o nome «Eu escolho» não dizia o que acontece,não espera: decidida por ela,src/hefesto_dualsense4unix/app/actions/config/secao_orcamento.py (ROTULOS_DOS_PERFIS); src/hefesto_dualsense4unix/interface/aba08.py,,,nenhum: um rótulo com um dono,26/09/2026,decidida,"Ela, 26/09/2026, na página das respostas: escolheu «Cada aba manda neste controle» e escreveu «Personalizado» como o nome.",26/09/2026,A-GESTAO-DOS-CONTROLES-NO-PRODUTO-01,ela,,,
D-2609-A-CONEXOES-E-A-SISTEMA-FALAM-O-MESMO-PERFIL,O Perfil de Desempenho do cartão e o da aba Sistema são o mesmo dado,O perfil escolhido no cartão da Conexões e o da aba Sistema: dois dados ou um?,"um dono, lido e escrito pelas duas abas · duas cópias sincronizadas","um dono, lido e escrito pelas duas abas","duas cópias divergem, e a tela mente numa das duas",não espera: decidida por ela,src/hefesto_dualsense4unix/app/actions/config/secao_orcamento.py; src/hefesto_dualsense4unix/interface/pacotes/a08_conexoes.py; src/hefesto_dualsense4unix/interface/pacotes/a09_sistema.py,,,médio: a 08 passa a ler e escrever pelo gesto da Sistema,26/09/2026,decidida,"Ela, 26/09/2026: «Aba de conexões conversa com a sistemas diretamente.»",26/09/2026,A-GESTAO-DOS-CONTROLES-NO-PRODUTO-01,ela,,,
D-2609-O-CONECTAR-PAREIA-NO-ADAPTADOR-ABERTO,"O «Conectar» pareia no adaptador aberto na lista, e em nenhum outro",Onde o «Conectar» pareia o controle novo?,No adaptador aberto · No escolhido pela central · No primeiro da lista,No adaptador aberto,"hoje a busca começa sempre no primeiro adaptador e a central muda o controle depois, com dois pareamentos; quando o primeiro falha, o controle fica com bond pela metade",não espera: decidida por ela,src/hefesto_dualsense4unix/interface/pacotes/a08_conexoes.py; src/hefesto_dualsense4unix/integrations/gesto_de_pareamento.py,,,médio,26/09/2026,decidida,"Ela, 26/09/2026, na página das respostas: «No adaptador aberto (a Esquerda)».",26/09/2026,O-RADIO-CONECTA-ONDE-ELA-MANDA-01,ela,,,
D-2609-A-VELOCIDADE-DECLARADA-VENCE-O-FIRMWARE,A velocidade USB que ela declara numa entrada vence o que o firmware diz,As entradas 7 e 8 e as da frente: que cor têm por dentro?,Azul (USB 3.0) · Preta ou branca (USB 2.0),"perguntar a ela, porque o firmware pode errar",a Sugestão de Conexão manda mudar aparelho para uma entrada mais lenta,não espera: decidida por ela,src/hefesto_dualsense4unix/integrations/mapa_das_portas.py (_rapido_do_no); src/hefesto_dualsense4unix/interface/pagina_do_mapa.py,,,médio: o editor da entrada grava a declaração,26/09/2026,decidida,"Ela, 26/09/2026, na página das respostas: as 7 e 8 são «Preta ou branca (USB 2.0)»; as da frente são «Azul (USB 3.0)». O firmware dizia USB 2.0 na frente. NOTA DATADA (28/09/2026, A-ENTRADA-TEM-UM-REGISTRO-SO-01; auditoria de 27/09, relatório 02, achado 7): a razão «o firmware dizia USB 2.0 na frente» caiu na medição de 26/09 às 18h39, com ela olhando o gabinete — a frente está num conector 2.0 da placa, e ali o firmware acerta; quem engana é o par SuperSpeed (peer) que ele publica para as duas pretas de trás. A resposta dela e a cura (a velocidade que ela declara vence) continuam valendo.",26/09/2026,O-MAPA-DAS-CONEXOES-NO-PRODUTO-01,ela,,,
D-2609-A-LINHA-DE-VEREDITO-SAI,A linha de veredito sai da Gestão de Controles,A linha «3 mudanças recomendadas» fica no topo da seção?,fica · sai,sai,"fica: uma linha a mais de altura, repetindo a contagem que a Sugestão de Conexão já numera",não espera: decidida por ela,src/hefesto_dualsense4unix/interface/aba08.py; src/hefesto_dualsense4unix/interface/pacotes/a08_conexoes.py,,,nenhum: a frase e a cor continuam contadas por `_veredito_do_exame`,26/09/2026,decidida,"Ela, 26/09/2026, com a janela maximizada: «precisamos ganhar espaço vertical. vamos remover a linha 3 mudanças recomendadas». Revoga a D-08X-VEREDITO-CHECKUP (a D-16 de 04/09).",26/09/2026,a foto dela da aba Conexões maximizada,ela,D-08X-VEREDITO-CHECKUP,,
D-2609-OS-NOMES-DOS-PERFIS,"Os três perfis se chamam Perfil Máximo, Perfil Econômico e Personalizado","Como se chamam os três botões do Perfil de Desempenho, e a linha do rótulo fica?","Tudo Ligado · Bateria Longa · Personalizado, com o rótulo | Perfil Máximo · Perfil Econômico · Personalizado, sem o rótulo","os nomes dela, sem o rótulo",o rótulo custava uma linha de altura em cada cartão,não espera: decidida por ela,src/hefesto_dualsense4unix/app/actions/config/secao_orcamento.py (ROTULOS_DOS_PERFIS); src/hefesto_dualsense4unix/interface/aba08.py,,,nenhum: um rótulo com um dono; a chave de disco não muda,26/09/2026,decidida,"Ela, 26/09/2026: «Os nomes dos botões Viram Perfil Máximo. Perfil Econômico e Personalizado. na real já muda e corta essa linha pra gente.»",26/09/2026,a foto dela do cartão do controle,ela,,,
D-2609-O-ADAPTADOR-TEM-NOME-PROPRIO,"O adaptador Bluetooth tem nome próprio, e a entrada tem o dela","O adaptador herda o nome da porta em que está (a D3 de 23/09), ou tem nome próprio?","herda o nome da porta | nome próprio, pelo endereço","nome próprio, pelo endereço",herdar: as entradas que ela numerou no Mapear viraram adaptadores «15» e «13»,"não espera: o defeito foi dela, a cura é de quem coordena",src/hefesto_dualsense4unix/utils/maquina.py (AdaptadorDeclarado); src/hefesto_dualsense4unix/integrations/entrada_a_entrada.py (dar_nome_ao_adaptador); scripts/bt_active_mode.sh,,,"um campo novo no maquina.json (`adaptadores`), sem subir a versão",26/09/2026,decidida,"Ela, 26/09/2026: «o nome das portas em algum momento impactou no nome dos dispositivos usb de bt. temos o nome das entradas e o nome dos dispositivos. Eles estão se confundindo». DELEGAÇÃO (D-2409-O-OK-DO-DESENHO-E-DE-QUEM-COORDENA, e ela delega decisão de produto): quem coordena separou os dois: o nome do adaptador mora no endereço dele e vai com ele de porta em porta; o da entrada fica no lugar. Revoga a herança D3 da ENTRADA-A-ENTRADA-01.",26/09/2026,a foto dela da seção Rádio e Adaptadores,delegacao,,tests/unit/test_entrada_a_entrada_02_as_telas_aprovadas.py::test_o_nome_do_adaptador_mora_no_endereco_e_nao_toca_a_entrada,
D-2609-A-GESTAO-ENXUTA,"A Gestão de Controles enxuga: canto limpo, quatro selos e a bateria no nome","O canto da seção, as linhas Conexão estável e Bateria do cartão, e o tamanho das frases do exame ficam?",ficam · saem,saem,"ficam: uma linha vazia sob o título, duas linhas por cartão, e o achado mais longo quebrando em duas",não espera: decidida por ela,src/hefesto_dualsense4unix/interface/aba08.py; src/hefesto_dualsense4unix/interface/pacotes/a08_conexoes.py; src/hefesto_dualsense4unix/integrations/exame_da_mesa.py; src/hefesto_dualsense4unix/integrations/ordens_da_mesa.py,,,"nenhum: a contagem mora no topo da janela, e a queda do rádio aparece no exame e em Rádio e Adaptadores",26/09/2026,decidida,"Ela, 26/09/2026, com a janela maximizada: «vamos remover as linhas de conexão estávbel e a bateria vamos mover ela pra ficar do lado do BT ali nome do modelo - tipo de conexão - Percentual de bateria»; «talvez encurtar as frases da primeira seção ajude a limpar mais o nosso layout»; «tem uma linha abaixo do gestão de controles que não tá sendo usada»; «Examinado há 3 minutos / 4 controles • 4 BT vamos remover essas infos». O exame foi a 46%. E, na mesma tarde: «pode deixar esses grafos a direita da linha? pra ganharmos espaço vertical na página?» — o de→para da Sugestão de Conexão foi para a direita da instrução, e as duas caixas dizem «Entrada N».",26/09/2026,a foto dela da aba Conexões maximizada,ela,,,
D-2609-A-DICA-DO-VULKAN-NAO-PROMETE-CURA,"A dica do «Corrigir Vulkan» deixa de prometer cura de engasgo, e o rótulo fica","O que a dica do ligável «Corrigir Vulkan» promete, e o rótulo muda?",a dica diz que a sobreposição engasga a imagem (a de 25/09) · a dica diz o que o ligável faz e que não cura engasgo,a dica diz o que o ligável faz e que não cura engasgo; o rótulo dela fica,"a dica de 25/09 promete a cura que o A/B de 23/08 derrubou, e as duas queixas de engasgo dela depois de 23/08 vieram com a camada já desligada",não espera: fato errado se substitui (regra dela de 11/08); só o rótulo vai à sessão dos desenhos,src/hefesto_dualsense4unix/interface/aba09.py (LIGAVEIS); src/hefesto_dualsense4unix/integrations/camadas_vulkan.py (frase_do_estado); tests/unit/test_o_botao_que_tira_o_que_faz_engasgar.py,,,nenhum: uma frase no desenho e no publicado; a foto da aba 09 se refaz no fecho,26/09/2026,decidida,"DELEGAÇÃO (D-2409-O-OK-DO-DESENHO-E-DE-QUEM-COORDENA): a dica passa a dizer «Tira as sobreposições Vulkan que cada jogo deixa registradas dentro do Proton e guarda cópia. Quase nunca muda a imagem, e não cura engasgo. Desligar devolve o que foi tirado.» (o «registradas dentro do Proton de cada jogo» do texto pedido virou «que cada jogo deixa» na conferência: a da Steam e as ferramentas instaladas de propósito ficam, `camadas_vulkan.CAMADAS_PRESERVADAS`) A de 25/09 (8fe83895b) dizia «que engasga a imagem», regressão de um texto que já dizia «Tirar pode não resolver o engasgo». O vulkan-1 do Wine devolve zero camadas, o vkd3d-proton chama o winevulkan direto, e os 31 prefixos dela usam o do Wine. A linha «Nenhuma sobreposição picotando o jogo» sai do desenho e entra a que o produto pinta. O rótulo «Corrigir Vulkan» é dela e FICA: ele promete conserto, e trocá-lo vai à sessão dos desenhos como pergunta, não como troca. | CADUCOU EM 28/09/2026: a palavra dela de 27/09 («Nao sai. Passa a funcionar do jeito certo.», noqa-acento: citação literal dela) fez o botão agir no ambiente do jogo, e a dica passou a dizer o que ele tira e o preço (D-2709-O-CORRIGIR-VULKAN-AGE-ONDE-A-CAMADA-CARREGA, D-2809-A-DICA-DO-VULKAN-DIZ-O-QUE-TIRA-E-O-PRECO).",26/09/2026,"a conferência do teste ao vivo do Vulkan (leva 2609b, §2 e §6)",delegacao,,,
D-2609-QUEM-JOGA-E-QUEM-MEXE,Quem joga é o controle que mexeu desde que o jogo abriu,Com máscara DualSense o GE segura só o hidraw de TODOS os vpads e nunca o evdev: o portão da háptica pelo rádio sai vazio. Que sinal diz quem joga?,"contar o hidraw do vpad aberto pelo jogo · somar ao voto o evdev aberto pelo jogo · pesar o report de saída do jogo no vpad · o físico que teve entrada desde que o jogo abriu, com o endpoint dele tocando","o físico que teve entrada desde que o jogo abriu, com o endpoint dele tocando","o hidraw e o report de saída não separam quem joga (o winedevice segura os quatro vpads; o jogo escreveu gatilho em três em 21/09, e a Steam escreve LED antes de o jogo abrir): devolveriam o espelhado de 20/09 com dois controles ou mais; e o eventN também não separa: em 21/09, com o PRAGMATA de um jogador, o evdev pôs os quatro em háptica (conferência de 26/09, §2.1), e o detentor daqueles nós não foi achado",não espera: decidida por delegação,"src/hefesto_dualsense4unix/daemon/subsystems/quem_mexe.py (QuemMexe, teve_entrada); src/hefesto_dualsense4unix/daemon/subsystems/alto_falante.py (_casar_as_pontes, _o_modo_de_alguem_mudou, _vigiar_o_portao); src/hefesto_dualsense4unix/integrations/quem_o_jogo_le.py (o retrato do jogo, e a pista do evdev)",,,"nenhum: um getattr por tique sem jogo; com jogo, uma comparação por controle e tique, e a volta reusa a varredura de /proc que já fazia",26/09/2026,decidida,"DELEGAÇÃO (quem coordena, por delegação dela; ela delega decisão de produto): quem joga é o controle FÍSICO que teve entrada (botão, gatilho ou eixo fora da zona morta do cursor, 20 de 0..255) desde que o jogo abriu, somado ao endpoint de háptica dele tocando. Vale para 1 a 4 jogadores, cabo e BT, qualquer lançador, sem perguntar ao Wine. A janela é a partida: abre quando a volta do portão vê processo de jogo (STEAM_COMPAT_DATA_PATH, o predicado que o portão já usa) e zera quando não vê nenhum, ou quando o conjunto vira outro. Nenhum fd aberto pelo jogo vota, nem o hidraw nem o eventN: o que o evdev traduz vai à linha haptica_portao_fechado como pista (evdev_le_este), para o detentor de 21/09 aparecer no diário se voltar. CORRIGIDO NA CONFERÊNCIA (A-HAPTICA-QUEM-JOGA-02, 26/09, antes do merge): a primeira redação somava o evdev ao voto «como caminho a mais», e a união punha os quatro em háptica sempre que um processo de jogo segurasse o evdev de todos; o «só restringe» (a interseção) foi recusado porque o detentor não tem nome, e um que segurasse um vpad só calaria quem joga. Risco aceito: um controle que alguém mexe num jogo que não o lê entra em háptica se o endpoint dele tiver stream. Limite declarado: no Modo Nativo com mais de um controle o daemon só lê o físico do posto.",26/09/2026,"A-HAPTICA-QUEM-JOGA-01 (a vibração que sumiu no PRAGMATA, 26/09)",delegacao,,,
D-2609-O-SALVAR-GRAVA-A-SECAO-DA-ABA,"O «Salvar Perfil» de uma aba grava a seção dela, e o que está valendo no aparelho não atravessa para outra seção","O Salvar do rodapé põe o que está valendo no aparelho por cima do disco em todas as seções do perfil, ou só nas da aba em que foi clicado?","todas as seções, como era desde 01/09 | só as da aba do clique (02: alto-falante, microfone e sensores; 04: luz; 05: vibração; 06: mouse), e as outras abas gravam o disco como está",só as da aba do clique,todas as seções: às 18:38:37 de 26/09 o Salvar clicado na aba Vibração ligou o microfone do …:03 no PRAGMATA (mic.muted true -> false) e apagou a fonte do alto-falante dele; mudar a prioridade na aba Perfis fazia o mesmo,"não espera: é perda de dado dela, e decisão de produto é delegada a quem coordena","src/hefesto_dualsense4unix/interface/pacotes/rodape.py (SECOES_DO_VIVO, secoes_do_vivo, salvar); src/hefesto_dualsense4unix/interface/pacotes/a10_perfis.py (_com_o_que_esta_valendo)",,,"nenhum no clique: desde a D2 de 05/09 cada gesto de seção grava no clique (a cor da 04 desde 09/09), e o vivo que difere do disco deixou de ser escolha dela",26/09/2026,decidida,"DELEGAÇÃO (ela delega decisão de produto; a regra de quem coordena a frente O-SALVAR-DA-VIBRACAO-01: «salvar uma seção não altera campo de outra seção, em nenhum controle»). O vivo só sobrepõe as seções da aba do clique; o clique que não diz a aba não sobrepõe nada; a aba Perfis não é dona de seção viva, e o gesto do editor grava o campo dele. O alto-falante do vivo parte do efetivo da peça e troca só volume e mudo (a rota e a fonte ficam). Caduca a parte de 06/09 (linha 370 da paridade) em que os gestos do editor da aba Perfis levavam a cor viva ao disco: a premissa, o clique da 04 não gravar, caiu em 09/09.",26/09/2026,"o diff dos backups .historico/pragmata/ de 26/09 (18:38:37 e 18:38:52) e a síntese da vibração do PRAGMATA, seção Laterais",delegacao,,,
D-2709-O-FREESTYLE-E-UM-PERFIL-QUE-MANDA,"O Freestyle é um perfil como os outros na interface e, ligado, manda em tudo","O Modo Freestyle é uma camada fixa no máximo por cima do perfil que vale, ou um perfil que ela ajusta nas abas e que, ligado, passa na frente de todo perfil de jogo?","um perfil que ela ajusta e que, ligado, manda em tudo · uma camada fixa no máximo por cima do perfil que vale","um perfil que ela ajusta e que, ligado, manda em tudo",a camada fixa ignora o que ela ajusta nas abas com o Freestyle ligado,não espera: ela decidiu,docs/process/sprints/2026-09-27-O-FREESTYLE-E-UMA-CAMADA-SO-01.md,,,uma sprint,27/09/2026,decidida,"UM PERFIL QUE, LIGADO, MANDA EM TUDO. Palavra dela, 27/09 à tarde: """"O freestyle nao deveria se comportar como qualquer outro perfil na interface? So que quando ele tivesse ativado ele subiria a prioridade em tudo? D8go isso pois minha interação com ele na interface serve pra setar as configs dele"""" (noqa-acento: citação literal dela). O Freestyle está na aba Perfis e as abas o ajustam; ele nasce com tudo no ultra (a palavra dela da madrugada de 27/09); ligado, o autoswitch não o troca por perfil de jogo nenhum, nos quatro controles, cabo e BT, modo e máscara incluídos; desligado, é o perfil de quando nenhum jogo casa. REVOGA a D-2409-COM-O-FREESTYLE-O-JOGO-ENTRA-POR-CIMA (o jogo entrava por cima pela LOCK-CEDE-01).",27/09/2026,O-FREESTYLE-E-UMA-CAMADA-SO-01,ela,D-2409-COM-O-FREESTYLE-O-JOGO-ENTRA-POR-CIMA,tests/unit/test_home_autoswitch_lock_hint.py::test_diz_que_nem_o_jogo_troca,
D-2709-A-CAIXA-E-DELA,"A caixa aberta na Conexões é a que ela abriu, e o chip pede ao rádio que a busca vá junto","Com uma busca esperando PS + Create num adaptador, quem decide qual caixa de adaptador fica aberta: o clique dela ou a espera?",o clique dela · a espera,o clique dela,"a espera vencia o clique a cada tique, por até 60 s: a caixa que ela abria voltava para a da busca (30 de 30 tiques, medido em 28/09), e o chip de outro adaptador recusava calado",não espera: é o pedido dela,"src/hefesto_dualsense4unix/interface/pacotes/a08_conexoes.py (_o_aberto, _onde_espera, escolher_adaptador, confirmar_mudanca, _destino_do_conectar); src/hefesto_dualsense4unix/interface/aba08.py (o clique do chip); tests/unit/test_a_caixa_fica_onde_ela_abriu.py",,,"nenhum no clique; mudar a busca de adaptador no meio espera a central, que hoje responde «ocupado»",27/09/2026,decidida,"DELEGAÇÃO (ela delega decisão de produto): a queixa é dela, a foto 34; a regra é da sprint de quem coordena (27/09), e o resto, da implementação e da conferência (28/09). O CLIQUE DELA É O DONO DA CAIXA ABERTA. Foto 34 dela, 26/09: «toda hora mesmo selecionando meio o negocio vai pra outra aba da direita mesmo comigo tentando sincroniZar o controle.» (noqa-acento: citação literal dela). A espera só abre a caixa sem escolha dela (a regra de 25/09 fica para esse caso), e aparece no cabeçalho do adaptador em que está, aberto ou fechado; fechar todas também conta como escolha. O «Mover» abre a caixa do destino no clique, como o «Conectar» e o «Tentar de Novo». O destino do «Conectar» é a caixa aberta, e a D8 só sem nenhuma aberta. O chip de outro adaptador com a busca de pé manda o mesmo radio.mover do «Conectar» e a central decide; o chip aceso diz onde a busca está. A meia chave do «Não Conectou» passa a ser só da central (achado 8 da auditoria de 26/09).",28/09/2026,a foto 34 dela (26/09) e a A-CAIXA-FICA-ONDE-ELA-ABRIU-01 (item 2 da auditoria de 26/09),delegacao,,,
D-2709-A-ENTRADA-TEM-UM-REGISTRO,"Cada entrada tem um registro só no maquina.json: a entrada guarda o lugar, e o caminho se calcula na leitura","A mesma entrada morava em mapa.portas e em lugares: quando o arquivo de antes migra, o que vai para a entrada, o que sai, e onde mora a ordem das caixas dos adaptadores?","um registro, com a migração inteira ao carregar · os dois registros, com a migração preguiçosa de 26/09","um registro, com a migração inteira ao carregar","a troca feita fora do produto em 26/09 mexeu num registro e não no outro, e o Mapa mostrou as entradas erradas até o reparo à mão; o adaptador do meio tinha dois nomes («Centro» e «Meio»)",não espera: é a sprint de quem coordena,"src/hefesto_dualsense4unix/utils/maquina.py (PortaDeclarada.lugar, migrar_o_documento, AdaptadorDeclarado.ordem); src/hefesto_dualsense4unix/integrations/entrada_a_entrada.py; uninstall.sh (os nomes do Alias); tests/unit/test_a_entrada_tem_um_registro_so.py",,,"nenhum na tela: a migração roda na primeira leitura, deixa a cópia maquina.json.com-os-lugares ao lado e é idempotente",27/09/2026,decidida,"DELEGAÇÃO (ela delega decisão de produto): a regra é da sprint de quem coordena (27/09, item 6 da auditoria de 26/09), e as escolhas abaixo, da implementação e da conferência (28/09), pelo padrão dela (o que custa menos a quem joga; o mais reversível na dúvida). A MIGRAÇÃO leva o nome só da amarra que valia na leitura de antes, e a tela não muda; o número gravado como nome não vai; o nome de um lugar sem entrada que valha (o «Centro», a «Esquerda» e a «Direita» da D3, e o de amarras caducadas que a tela já não mostrava) sai, com o log e com a cópia de antes; um nome de mais de 24 caracteres bloqueia só aquela entrada, com o log. O CAMINHO não vai ao disco: quem ainda o declara é entendido (vira o nó do buraco), e o de forma torta fica para o esquema recusar. O NOME DADO A UMA PORTA SEM NÚMERO faz dela uma entrada, com o menor número livre e fora de toda face, e só o nome não desfaz o «Não alcanço». A ORDEM DAS CAIXAS dos adaptadores mora no adaptador, pelo endereço, ao lado do nome (auditoria de 27/09, relatório 04, B3); a lista de antes do gui_preferences.json vale até ela arrastar de novo. O lugares-dos-adaptadores.json fica: é a memória do «mudou de porta», e não uma declaração.",28/09/2026,A-ENTRADA-TEM-UM-REGISTRO-SO-01 (item 6 da auditoria de 26/09),delegacao,,,
D-2709-NO-MODO-XBOX-TUDO-FUNCIONA,"No modo Xbox, tudo funciona: giroscópio, touchpad, gatilhos e háptica também","O modo Xbox que o PRAGMATA mostrou às 01h34 foi escolha dela, e o modo Xbox pode perder feature?",perder feature no modo Xbox é aceitável · no modo Xbox tudo funciona,no modo Xbox tudo funciona,"o modo Xbox virava um modo pior, e quem precisa do canal comum perdia giroscópio, toque e háptica",não espera: ela decidiu,docs/process/sprints/2026-09-27-NO-MODO-XBOX-TUDO-FUNCIONA-01.md,,,uma sprint,27/09/2026,decidida,"QUEM DECIDIU: ELA — resposta 3 das respostas da noite de 27/09 (docs/process/estudos/2026-09-27-as-respostas-dela-da-noite.md), com a palavra dela: «Não me lembro.mas tá errado se tiver no modo xbox é pra literalmente tudo isso funcionar.» (noqa-acento: citação literal dela). Perder feature por modo é defeito, nos quatro controles, cabo e BT.",27/09/2026,a bancada de 27/09 (o modo Xbox das 01h34 no PRAGMATA),ela,,,
D-2709-O-XBOX-360-EM-TODA-MASCARA-NO-MODO-XBOX,"O modo Xbox escolhido veste todo pad de Xbox 360, e a máscara do cartão volta a valer no modo DualSense","No modo Xbox, que aparelho o jogo vê quando o cartão diz DualSense ou Nintendo?",o Xbox 360 em toda máscara · a máscara DualSense leva o pad ao uhid também no modo Xbox,o Xbox 360 em toda máscara,"o Edge e o Pro no uinput do modo Xbox não são segurados pelo jogo sob o Proton (L4, G1, G3)","não espera: a pergunta 4 da sprint fica com ela, e até lá vale a (a)",src/hefesto_dualsense4unix/core/virtual_pad.py (mascara_no_jogo); docs/process/sprints/2026-09-27-NO-MODO-XBOX-TUDO-FUNCIONA-01.md,,,"num jogo nativo, o cartão DualSense no modo Xbox deixa de dar os botões de PlayStation; o modo DualSense segue dando o Edge pelo uhid",27/09/2026,decidida,"DELEGAÇÃO (ela delega decisão de produto): pelo padrão dela, o modo Xbox é o piso comum que o nome promete. O flavor do pad segue sendo a máscara do cartão, e o que o jogo vê sai de um dono só (virtual_pad.mascara_no_jogo), do P1 aos secundários, no cabo e no rádio. Reversível numa linha; a outra saída é a pergunta 4 da sprint, que é dela.",28/09/2026,NO-MODO-XBOX-TUDO-FUNCIONA-01,delegacao,,,
D-2709-O-PERFIL-DO-JOGO-ENTRA-NO-LANCAMENTO,"O perfil inteiro do jogo entra no lançamento, e não só quando a janela ganha o foco","O perfil do jogo só entra quando a janela dele está em foco, ou entra inteiro no lançamento?","só por foco, como era · o perfil inteiro no lançamento",o perfil inteiro no lançamento,"com a janela noutra tela, os gatilhos, a luz, o som e a vibração do perfil do jogo não entravam",não espera: ela decidiu,src/hefesto_dualsense4unix/profiles/autoswitch.py (_recusa_a_troca_com_o_jogo_vivo); src/hefesto_dualsense4unix/daemon/launch_env.py,,,"com o jogo vivo em segundo plano, uma janela que não é outro jogo (o navegador, o terminal) não tira o perfil dele",27/09/2026,decidida,"QUEM DECIDIU: ELA — resposta 5 das respostas da noite de 27/09 (docs/process/estudos/2026-09-27-as-respostas-dela-da-noite.md), em formato de escolha: o produto muda e o perfil inteiro entra no lançamento; e, para medir, «pode usar o workspace meow» (noqa-acento: citação literal dela). A guarda do jogo vivo (FOCO-ERRANTE-01) generaliza: enquanto o jogo lançado vive, só a janela de OUTRO jogo troca o perfil.",27/09/2026,O-FREESTYLE-E-UMA-CAMADA-SO-01,ela,,,
D-2709-A-VIBRACAO-VAI-A-QUEM-TEM-O-CONTROLE,"A vibração do jogo vai a quem está com o controle na mão, e não é espelhada nos quatro","A vibração do jogo se espelha nos quatro controles, ou vibra quem está com o controle na mão?",(a) espelhar nos quatro · (b) vibra quem está com o controle na mão,(b) vibra quem está com o controle na mão,espelhar faz os quatro vibrarem pelo jogador que levou o golpe,não espera: ela decidiu,docs/process/sprints/2026-09-27-A-HAPTICA-DO-RADIO-OBEDECE-AO-SINAL-DO-JOGO-01.md,,,nenhum,27/09/2026,decidida,"QUEM DECIDIU: ELA — resposta 7 das respostas da noite de 27/09 (docs/process/estudos/2026-09-27-as-respostas-dela-da-noite.md), em formato de escolha: (b), vibra quem está com o controle na mão. Vale para o cabo e para o rádio. · NOTA DATADA (29/09/2026, A-HAPTICA-CHEGA-A-QUEM-ENTRA-DEPOIS-01): a (b) tem implementação também no cabo, pelo portão do laço do lugar (D-2909-A-HAPTICA-TEM-UM-ENDPOINT-POR-LUGAR).",27/09/2026,A-HAPTICA-DO-RADIO-OBEDECE-AO-SINAL-DO-JOGO-01,ela,,,
D-2709-O-MUDO-E-DO-CONTROLE,O mudo do microfone é do controle e vale em todo jogo,O mudo do microfone é do perfil do jogo ou do controle?,"do perfil do jogo · do controle, em todo jogo","do controle, em todo jogo","do perfil, trocar de jogo desfazia o mudo que ela deu no botão",não espera: ela decidiu,docs/process/sprints/2026-09-28-O-MUDO-E-DO-CONTROLE-01.md,,,uma sprint,27/09/2026,decidida,"QUEM DECIDIU: ELA — resposta 9 das respostas da noite de 27/09 (docs/process/estudos/2026-09-27-as-respostas-dela-da-noite.md), em formato de escolha: do controle, vale em todo jogo.",27/09/2026,O-SALVAR-E-O-APLICAR-LEEM-O-PERFIL-01 (a A2 do relatório 04 da auditoria de 27/09),ela,,,
D-2709-A-ECONOMIA-VALE-NO-CABO,A economia por controle vale no cabo também,"A economia (o teto de brilho e de vibração) vale só no rádio, ou no cabo também?",só no rádio · no cabo também,só no rádio,"só no rádio, o controle no cabo ignorava a escolha dela",não espera: ela decidiu,a sprint da economia por controle,,,nenhum,27/09/2026,decidida,"QUEM DECIDIU: ELA — resposta 10 das respostas da noite de 27/09 (docs/process/estudos/2026-09-27-as-respostas-dela-da-noite.md), em formato de escolha: vale no cabo também, contra a recomendação.",27/09/2026,a auditoria de 27/09,ela,,,
D-2709-O-PS-R3-EM-QUALQUER-CONTROLE,O PS + R3 vale em qualquer um dos quatro controles,"O PS + R3 vale só no P1, ou em qualquer controle?",só no P1 · em qualquer um dos quatro,em qualquer um dos quatro,"só no P1, quem joga com outro controle não alcança o gesto",não espera: ela decidiu,src/hefesto_dualsense4unix/daemon/subsystems/hotkey.py,,,nenhum,27/09/2026,decidida,"QUEM DECIDIU: ELA — resposta 11 das respostas da noite de 27/09 (docs/process/estudos/2026-09-27-as-respostas-dela-da-noite.md), em formato de escolha: em qualquer um dos quatro controles.",27/09/2026,a matriz de adaptação (relatório 03 §5 da auditoria de 27/09),ela,,,
D-2709-O-FREESTYLE-TEM-O-QUE-ELA-CONFIGURAR,O Freestyle tem o que ela configurar; a fábrica nasce no ultra e nada do que ela ajustou é forçado,"O «ultra» do Freestyle é um teto forçado, ou o que ela configurar?",forçar o máximo · o que ela configurar,o que ela configurar,forçar o máximo apagava o ajuste dela a cada ligar,não espera: ela decidiu,src/hefesto_dualsense4unix/profiles/manager.py (ligar_o_freestyle); o asset de fábrica do Freestyle,,,"nenhum: a migração só alcança cópia de fábrica, com os bytes guardados antes",27/09/2026,decidida,"QUEM DECIDIU: ELA — resposta 12 das respostas da noite de 27/09 (docs/process/estudos/2026-09-27-as-respostas-dela-da-noite.md), com a palavra dela: «O ultra de lá é o seguinte. Quero testar algo diferente do padrão e jogar e salvar ele. Aperto o botão do freestyle e o jogo que eu tiver jogando vai ter essa config independente do perfil do jogo. Só isso. E lá se eu configurar te no ultra ok» (noqa-acento: citação literal dela).",27/09/2026,O-FREESTYLE-E-UMA-CAMADA-SO-01,ela,,,
D-2709-O-SERIAL-INTEIRO-NA-TELA-E-MASCARADO-NO-COPIAR,"A tela mostra o serial inteiro, e o «Copiar» leva mascarado",O serial do controle aparece inteiro na tela e no «Copiar»?,inteiro nos dois · inteiro na tela e mascarado no Copiar,inteiro na tela e mascarado no Copiar,"inteiro no Copiar, o serial dela ia para onde ela colasse",não espera: ela decidiu,src/hefesto_dualsense4unix/core/formas_do_endereco.py (a máscara do serial),,,nenhum,27/09/2026,decidida,"QUEM DECIDIU: ELA — resposta 13 das respostas da noite de 27/09 (docs/process/estudos/2026-09-27-as-respostas-dela-da-noite.md), em formato de escolha: a tela mostra inteiro; o Copiar leva mascarado.",27/09/2026,o relatório 02 §5.2 da auditoria de 27/09,ela,,,
D-2709-O-INSTALL-OFERECE-O-PROTON-FIXADO,"O install oferece o Proton fixado a quem chega, com o motivo; na máquina dela todo jogo segue no pino",O Proton fixado vale para quem instala o Hefesto numa máquina nova?,impor · oferecer com o motivo · não tocar,oferecer com o motivo,impor mexe na Steam de quem não pediu; não tocar deixa o jogo sem a pilha medida,não espera: ela decidiu,install.sh,,,uma pergunta a mais no install,27/09/2026,decidida,"QUEM DECIDIU: ELA — resposta 14 das respostas da noite de 27/09 (docs/process/estudos/2026-09-27-as-respostas-dela-da-noite.md), em formato de escolha: o install oferece, com o motivo; na máquina dela segue todo jogo no pino.",27/09/2026,o relatório 09 §5.1 da auditoria de 27/09,ela,,,
D-2709-O-RELEASE-1-SEM-PARAGRAFO-EM-INGLES,O release 1 não ganha um parágrafo em inglês,O release 1 leva um parágrafo em inglês?,levar · não levar,,,não espera: ela decidiu,README.md,,,nenhum,27/09/2026,decidida,"QUEM DECIDIU: ELA — resposta 15 das respostas da noite de 27/09 (docs/process/estudos/2026-09-27-as-respostas-dela-da-noite.md), com a palavra dela: «Não vamos mexer nisso» (noqa-acento: citação literal dela).",27/09/2026,a auditoria de 27/09,ela,,,processo
D-2709-O-FORK-DELA-RECEBE-A-HISTORIA-REESCRITA,O fork dela recebe os commits reescritos junto com o repositório da equipe,"Na reescrita do histórico, o fork dela fica como está ou recebe os commits reescritos?",fica como está · recebe os commits reescritos,recebe os commits reescritos,o fork velho guardaria o rastro que a reescrita tira,não espera: ela decidiu; a reescrita em si é do André e dela,docs/process/sprints/2026-09-27-A-HISTORIA-REESCRITA-UMA-VEZ-SO-01.md,,,"um force push no fork dela, na hora da reescrita",27/09/2026,decidida,"QUEM DECIDIU: ELA — resposta 16 das respostas da noite de 27/09 (docs/process/estudos/2026-09-27-as-respostas-dela-da-noite.md), em formato de escolha: recebe os commits reescritos.",27/09/2026,A-HISTORIA-REESCRITA-UMA-VEZ-SO-01,ela,,,processo
D-2709-O-SALVAR-LE-O-PERFIL,"O Salvar e o Aplicar leem o perfil no disco, em toda aba, e nunca o aparelho","O Salvar põe o que está valendo no aparelho por cima do disco (em todas as seções ou só nas da aba), ou lê o perfil como o Aplicar?","o aparelho por cima, em todas as seções · o aparelho por cima, só nas seções da aba · o perfil no disco, em toda aba","o perfil no disco, em toda aba","o aparelho tem três fontes que não são escolha dela (a ativação que não aplica todo campo, as camadas, o próprio controle), e ler o aparelho as gravava como escolha","não espera: é a D2 de 05/09, que já é dela",src/hefesto_dualsense4unix/interface/pacotes/rodape.py (_draft_do_ativo); src/hefesto_dualsense4unix/interface/pacotes/a10_perfis.py,,,nenhum: desde a D2 de 05/09 todo gesto de escolha grava no clique,27/09/2026,decidida,"QUEM DECIDIU: ELA — a D2 de 05/09 (docs/process/2026-09-05-AS-TRES-DECISOES-DO-PERFIL-medidas-e-decididas.md), e as palavras dela sobre o Salvar: «o salvar é pra todas as abas.», «da mesma forma que o aplicar.» (noqa-acento: citação literal dela). Um dono, o perfil no disco; o aparelho é a projeção dele. REVOGA a D-2609-O-SALVAR-GRAVA-A-SECAO-DA-ABA, que fazia o Salvar gravar coisas diferentes em cada aba e, dentro da aba dona, deixava o aparelho vencer o disco.",28/09/2026,O-SALVAR-E-O-APLICAR-LEEM-O-PERFIL-01,ela,D-2609-O-SALVAR-GRAVA-A-SECAO-DA-ABA,tests/unit/test_o_brilho_das_luzes_sobrevive_ao_aplicar_e_ao_salvar.py::test_a_cor_que_mudou_so_no_aparelho_nao_vai_ao_disco,
D-2809-O-TETO-DE-PONTES-E-PISO-PARA-CHIP-DESCONHECIDO,O teto de duas pontes de microfone por adaptador vale para o chip medido e fica como piso para chip desconhecido,O número de pontes de microfone por adaptador medido no 2357:0604 vale para todo chip?,"vale para todo chip · vale para o chip medido, e é piso para os outros","vale para o chip medido, e é piso para os outros",valer para todo chip afirmaria o que não se mediu,não espera: não há outro chip nesta casa para medir,docs/process/sprints/2026-09-27-O-PRODUTO-EM-QUALQUER-MAQUINA-01.md (a L3); N_MAX_PONTES,,,nenhum,28/09/2026,decidida,"DELEGAÇÃO (ela delega decisão de produto): com a palavra dela, «Só temos esses adaptadores conectados.» (noqa-acento: citação literal dela), a L3 não se mede nesta casa; o N_MAX_PONTES = 2 fica como piso para chip desconhecido, e a sprint diz que o número vale para o 2357:0604.",28/09/2026,O-PRODUTO-EM-QUALQUER-MAQUINA-01 (resposta 17 da madrugada de 28/09),delegacao,,,
D-2809-O-CONHECIMENTO-DOS-RELATORIOS-E-VERSIONADO,"O que se mediu em 27 e 28/09 vira registro técnico versionado em docs/research, sem rastro de ferramenta","Os relatórios de 27 e 28/09 entram no repositório como estão, ou reescritos como registro técnico neutro?","versionar o conhecimento, reescrito · versionar os relatórios como estão · só guardar fora do git","versionar o conhecimento, reescrito","os relatórios como estão traziam centenas de menções à ferramenta e aos caminhos dela, contra o pedido do André de 27/09",não espera: ela decidiu,docs/research/2026-09-27-e-28/README.md,,,nenhum na tela,28/09/2026,decidida,"QUEM DECIDIU: ELA — resposta 21 das respostas da noite de 27/09 (docs/process/estudos/2026-09-27-as-respostas-dela-da-noite.md), com a palavra dela: «integra isso ao repo de Dev principal e cita essa documentação no projeto pra que […] outros devs possam usar» (noqa-acento: citação literal dela), e a opção recomendada, escolhida por ela: o registro técnico neutro em docs/research, citado no CONTRIBUTING.",28/09/2026,o pedido dela de 28/09 para guardar os relatórios,ela,,,processo
D-2709-O-CORRIGIR-VULKAN-AGE-ONDE-A-CAMADA-CARREGA,"O «Corrigir Vulkan» fica, e passa a agir onde a camada carrega: no ambiente do jogo, pelo lançador","O botão «Corrigir Vulkan», que só mexia no registro do Wine e não agia em jogo nenhum desta máquina, sai ou passa a funcionar?",sai · passa a funcionar do jeito certo,sai,"a frase de 26/09 dizia que o botão não cura, e o botão seguia sem agir: a tela contradizia o próprio botão",não espera: ela decidiu,assets/hefesto-launch.sh; src/hefesto_dualsense4unix/integrations/camadas_vulkan.py; src/hefesto_dualsense4unix/interface/aba09.py (LIGAVEIS); tests/unit/test_o_que_chega_ao_jogo.py,,,"a dica nova vai ao produto com a 09 publicada no fecho de 28/09; o ganho no engasgo se mede no ensaio 1, jogado por ela",27/09/2026,decidida,"QUEM DECIDIU: ELA — 27/09 às 06h12, respondendo ao «O botão que não age sai» da auditoria de 26/09: «Nao sai. Passa a funcionar do jeito certo.» (noqa-acento: citação literal dela), depois de «ou seja não resolveu e meteu uma placa falando que não presta.» sobre a frase de 26/09. O botão liga a escolha que o lançador lê e entrega ao jogo DISABLE_VK_LAYER_VALVE_steam_overlay_1=1 e DISABLE_VK_LAYER_VALVE_steam_fossilize_1=1; o registro do Wine só se mexe no jogo que traz o vulkan-1.dll; o gancho que editava todo prefixo em todo lançamento saiu (O-ENGASGO-SE-CURA-PELO-QUE-CHEGA-AO-JOGO-01, onda 1 de 28/09). REVOGA a D-2609-A-DICA-DO-VULKAN-NAO-PROMETE-CURA: a dica deixa de dizer que o botão não cura e diz o que ele tira do jogo e o preço (D-2809-A-DICA-DO-VULKAN-DIZ-O-QUE-TIRA-E-O-PRECO).",27/09/2026,a auditoria de 26/09 (item 5) e a O-ENGASGO-SE-CURA-PELO-QUE-CHEGA-AO-JOGO-01,ela,D-2609-A-DICA-DO-VULKAN-NAO-PROMETE-CURA,,
D-2809-A-DICA-DO-VULKAN-DIZ-O-QUE-TIRA-E-O-PRECO,"A dica do «Corrigir Vulkan» diz o que ele tira do jogo e o preço, e a 09 vai ao produto no fecho","O texto novo do botão, que a sprint mandava à sessão dos desenhos, vai ao produto no fecho de 28/09?",publica no fecho · espera a sessão dos desenhos,publica no fecho,"até publicar, a pílula já faz o ato novo e a dica publicada ainda fala do registro do Proton, que o botão deixou de mexer: a tela diria uma coisa e o botão faria outra",não espera: delegação,src/hefesto_dualsense4unix/interface/aba09.py (LIGAVEIS); src/hefesto_dualsense4unix/integrations/camadas_vulkan.py (frase_do_estado); mockup/09-sistema.html,,,nenhum: uma frase e a linha do exame; a foto da 09 se refaz no fecho,28/09/2026,decidida,"DELEGAÇÃO (D-2409-O-OK-DO-DESENHO-E-DE-QUEM-COORDENA): a 09 publica no fecho de 28/09, com a foto. A dica passa a dizer «Tira dos jogos a sobreposição e o gravador de shaders da Steam. Sem eles, o Shift+Tab da Steam some e ela não guarda os shaders do jogo. Vale no próximo jogo que abrir.», e a linha do exame diz o que chega ao jogo («Sobreposição Vulkan: sem a da Steam» com o botão ligado, «a Steam decide» sem ele). Segue a D-2709-O-CORRIGIR-VULKAN-AGE-ONDE-A-CAMADA-CARREGA. A palavra final é dela, na validação da 09 instalada: se ela recusar, volta.",28/09/2026,a O-ENGASGO-SE-CURA-PELO-QUE-CHEGA-AO-JOGO-01 (onda 1 de 28/09) e o fecho da leva de 28/09,delegacao,,,
D-2809-O-TOQUE-E-A-INCLINACAO-NO-PERFIL,"No modo Xbox, o touchpad e o acelerômetro chegam ao jogo nos dois arranjos, por perfil de jogo e por controle","No modo Xbox, para onde vão o touchpad e o acelerômetro, a escolha vale por perfil ou para a máquina, e quem valida o primeiro arranjo? (perguntas 1 a 3 da NO-MODO-XBOX-TUDO-FUNCIONA-01)",o cursor e o analógico · as zonas que viram botões · os dois · nenhum agora; por perfil de jogo · para a máquina · os dois,,,não espera: é a resposta dela,"src/hefesto_dualsense4unix/profiles/schema.py (ProfileMovimentoConfig.toque e .acelerometro); src/hefesto_dualsense4unix/core/roteador_de_movimento.py; src/hefesto_dualsense4unix/daemon/subsystems/gamepad.py (aplicar_o_toque, aplicar_o_movimento)",,,,28/09/2026,decidida,"QUEM DECIDIU: ELA — resposta às perguntas 1 a 3 da NO-MODO-XBOX-TUDO-FUNCIONA-01 (28/09/2026, ~16h50, em escolhas; a seção «A resposta dela às perguntas 1 a 3» da sprint): (c) os dois arranjos, o touchpad move o cursor e o acelerômetro vira analógico, e o touchpad em zonas vira botões (direcional, L1, L2); vale por perfil de jogo, como a Mira Virtual; quem valida o primeiro arranjo é ela. No esquema: `ProfileMovimentoConfig.toque` (nenhum, cursor, zonas) e `.acelerometro` (nenhum, analógico esquerdo, analógico direito), por controle, do P1 ao P4, no cabo e no rádio; os dois nascem em «nenhum» e só vão ao disco quando escritos, para o perfil de ontem sair igual.",28/09/2026,NO-MODO-XBOX-TUDO-FUNCIONA-01 (perguntas 1 a 3),ela,,,
D-2809-AS-ZONAS-DO-TOUCHPAD,"As zonas do touchpad: dois terços de direcional, e o terço da direita é o L1 em cima e o L2 embaixo","No arranjo em zonas, que parte do touchpad vira qual botão?",,,,não espera: delegação; a validação é dela,src/hefesto_dualsense4unix/core/roteador_de_movimento.py; src/hefesto_dualsense4unix/daemon/subsystems/gamepad.py (aplicar_o_toque),,,,28/09/2026,decidida,"DECIDIDA POR DELEGAÇÃO (29/09, ela dormindo; ordem dela das 03h55: «toma decisões por mim no formato das diretrizes»). A VALIDAR POR ELA. Os dois terços da esquerda são o direcional, em 8 setores com miolo de 12% sem efeito; o terço da direita é o L1 em cima e o L2 embaixo. O L2 da zona leva o gatilho a 255 e liga o «Só enquanto eu segurar» da Mira. As zonas entram como botões da mão, antes da troca de botões e da Mira, para quem não alcança o L2 conseguir mirar só enquanto segura.",29/09/2026,NO-MODO-XBOX-TUDO-FUNCIONA-01 (leva 1 da onda 3: a implementação e a conferência),delegacao,,,
D-2809-O-NEUTRO-DA-INCLINACAO,"O neutro da inclinação é a primeira leitura depois que a rota liga, e se recentra após meio segundo de silêncio","Qual ângulo do controle é o parado da inclinação, e quanto ela anda?",,,"a inclinação sem gatilho, sempre ligada, é melhor para quem usa a Mira e a inclinação juntas e pior para quem quer recentrar",não espera: delegação; a validação é dela,"src/hefesto_dualsense4unix/daemon/subsystems/gamepad.py (_a_inclinacao, aplicar_o_movimento); src/hefesto_dualsense4unix/core/roteador_de_movimento.py",,,,28/09/2026,decidida,"DECIDIDA POR DELEGAÇÃO (29/09, ela dormindo; ordem dela das 03h55: «toma decisões por mim no formato das diretrizes»). A VALIDAR POR ELA. O neutro é a primeira leitura depois que a rota liga, e se recentra depois de 0,5 s sem leitura; zona morta de 6°, teto de 30° na sensibilidade 6, resposta linear; os «Inverter» e o «Só enquanto eu segurar» da Mira valem. O limite, escrito: o controle deitado na mesa quando a rota liga faz da mesa o neutro, e pegá-lo anda sozinho até um silêncio (soltar o «Só enquanto eu segurar», reconectar). Um gesto de recentrar, ou um neutro que espera a mão assentar, é desenho novo e fica para a prova com a mão dela: quem tem tremor pode nunca ficar parado. Com a Mira presa a um botão, a inclinação também só anda enquanto ela o segura; ela diz se é isso que quer, e reverter é a ordem dentro de `aplicar_o_movimento`.",29/09/2026,NO-MODO-XBOX-TUDO-FUNCIONA-01 (leva 1 da onda 3: a implementação e a conferência),delegacao,,,
D-2809-O-CURSOR-DO-TOQUE,"O cursor do toque é um nó próprio, e o clique dele nunca fica preso","No arranjo do cursor, por onde o toque move o ponteiro e como o clique solta?",,,,não espera: delegação; a validação é dela,src/hefesto_dualsense4unix/integrations/uinput_mouse.py (NOME_DO_CURSOR_DO_TOQUE); src/hefesto_dualsense4unix/daemon/subsystems/gamepad.py (aplicar_o_toque),,,,28/09/2026,decidida,"DECIDIDA POR DELEGAÇÃO (29/09, ela dormindo; ordem dela das 03h55: «toma decisões por mim no formato das diretrizes»). A VALIDAR POR ELA. Nó próprio «Hefesto - DualSense4Unix Touch Cursor» (REL_X, REL_Y e BTN_LEFT), que nasce na primeira peça que o pede e sai com o controle virtual ou quando nenhuma peça quer mais o cursor. O clique de quem para de dar notícia solta em 0,5 s; a peça que sai do cursor ou perde o leitor solta na hora. O touchpad físico fica seguro pelo hub enquanto a rota anda (TTL de 1,5 s), para o ponteiro do computador não andar em dobro. A sensibilidade é a da Mira, e os «Inverter» não valem. Cursor e Botões são o mesmo campo (`toque`): acender um apaga o outro, e duas peças no cursor dividem o mesmo botão.",29/09/2026,NO-MODO-XBOX-TUDO-FUNCIONA-01 (leva 1 da onda 3: a implementação e a conferência),delegacao,,,
D-2809-NAVEGACAO-E-NATIVO-SEM-TOQUE,"Na Navegação o toque é do computador, e no Nativo o toque e a inclinação se recusam",O arranjo do toque e da inclinação vale na Navegação e no Nativo?,,,,não espera: delegação; a validação é dela,src/hefesto_dualsense4unix/daemon/ipc_server.py (mira.set); src/hefesto_dualsense4unix/daemon/subsystems/gamepad.py (aplicar_o_movimento),,,,28/09/2026,decidida,"DECIDIDA POR DELEGAÇÃO (29/09, ela dormindo; ordem dela das 03h55: «toma decisões por mim no formato das diretrizes»). A VALIDAR POR ELA. Na Navegação o toque continua sendo o ponteiro do computador e a inclinação não age: o arranjo é do jogo. No Nativo o `mira.set` recusa `toque` e `inclinacao` (inclusive o apagar), como recusa `ligada`, e o chip fica cinza pelo mesmo `mira-fora` da Mira.",29/09/2026,NO-MODO-XBOX-TUDO-FUNCIONA-01 (leva 1 da onda 3: a implementação e a conferência),delegacao,,,
D-2809-O-TOQUE-ROTEADO-SAI-DO-UHID,"No modo DualSense, o dedo que o perfil roteia sai do report que o jogo lê, e o acelerômetro fica","No modo DualSense, o toque que o perfil leva às zonas ou ao cursor também chega ao jogo como touchpad?",,,,não espera: delegação; a validação é dela,"src/hefesto_dualsense4unix/core/virtual_motion.py (definir_roteados, toque_roteado)",,,,28/09/2026,decidida,"DECIDIDA POR DELEGAÇÃO (29/09, ela dormindo; ordem dela das 03h55: «toma decisões por mim no formato das diretrizes»). A VALIDAR POR ELA. Os contatos roteados saem do report 0x01/0x31 (bit 7), para o mesmo toque não chegar duas vezes; o bit do clique continua indo ao jogo. O acelerômetro fica no report, porque o giro e a inclinação seguem valendo para o jogo que os lê.",29/09/2026,NO-MODO-XBOX-TUDO-FUNCIONA-01 (leva 1 da onda 3: a implementação e a conferência),delegacao,,,
D-2809-O-JUIZ-PELO-APARELHO,Os dois juízes de recriação do pad perguntam também o aparelho que o jogo vê,Quando o pad virtual se recria?,,,,não espera: delegação; a validação é dela,src/hefesto_dualsense4unix/integrations/virtual_pad.py (o_aparelho_mudou),,,,28/09/2026,decidida,"DECIDIDA POR DELEGAÇÃO (29/09, ela dormindo; ordem dela das 03h55: «toma decisões por mim no formato das diretrizes»). A VALIDAR POR ELA. Os juízes de recriação (o do P1 e o do co-op) comparam também o aparelho vestido (`virtual_pad.o_aparelho_mudou`); o Pro sem modo escolhido continua Pro, sem laço de recriação.",29/09/2026,NO-MODO-XBOX-TUDO-FUNCIONA-01 (leva 1 da onda 3: a implementação e a conferência),delegacao,,,
D-2809-OS-CHIPS-DO-TOQUE-NA-PECA,"Os chips do toque e da inclinação moram na peça do controle, e a seção da aba 10 se chama «comandos virtuais»",Onde a tela escolhe o toque e a inclinação de cada controle?,"um chip por controle no cabeçalho, como a Mira Virtual · a «Inclinação» embaixo de cada analógico e o «Cursor | Botões» no touchpad",na peça,"três chips no cabeçalho não couberam: a 1180 px pediam 331 px contra 250 de vão, e o cartão ia a 335 px contra o teto de 328 (medido no Chrome)","espera a sessão dos desenhos: a resposta dela dizia «um chip por controle, como a Mira Virtual», e o desenho põe dois chips «Inclinação» e o par «Cursor | Botões»",mockup/02-controles.html; mockup/10-perfis.html; mockup/DIVERGENCIAS.md,,,,28/09/2026,decidida,"DECIDIDA POR DELEGAÇÃO (29/09, ela dormindo; ordem dela das 03h55: «toma decisões por mim no formato das diretrizes»). A VALIDAR POR ELA. Uma «Inclinação» embaixo de cada analógico (o `mira.set` e o `state_full` levam o destino, nenhum, analógico esquerdo ou direito, e não um booleano; os dois apagados dizem «nenhum»), o «Cursor | Botões» no pé da superfície do touchpad, no estilo do «Virtual | Nativo» do microfone, e a seção da aba 10 chamada «comandos virtuais», porque «mira virtual», o nome que ela pediu em 24/09, nomearia só um dos três. O desenho fica na bancada, declarado no DIVERGENCIAS, até a sessão dos desenhos; até os gestos chegarem ao pacote da 02, a escolha se faz pelo perfil do jogo ou pelo `mira.set`.",29/09/2026,NO-MODO-XBOX-TUDO-FUNCIONA-01 (leva 1 da onda 3: a implementação e a conferência),delegacao,,,
D-2809-OS-ATALHOS-TEM-UM-APERTO-POR-CONTROLE,Cada controle aperta os próprios atalhos: o PS de um e o R3 de outro não formam um PS + R3,"Com os atalhos valendo em qualquer controle, dois controles podem compor um gesto juntos?",um aperto por controle · um estado único para a mesa,um aperto por controle,"um estado único juntaria gestos de pessoas diferentes, e um desempate global seria um segundo dono do modo",não espera: delegação; a validação é dela,"src/hefesto_dualsense4unix/daemon/subsystems/poll.py (botoes_de_cada_controle, observar_os_atalhos); src/hefesto_dualsense4unix/integrations/hotkey_daemon.py (observe, quem_faz_o_gesto)",,,,28/09/2026,decidida,"DECIDIDA POR DELEGAÇÃO (29/09, ela dormindo; ordem dela das 03h55: «toma decisões por mim no formato das diretrizes»). A VALIDAR POR ELA. Cada controle tem o próprio aperto. O PS de um e o R3 de outro não são um PS + R3, e dois controles com o mesmo gesto disparam dois atos: o PS + L3 de dois controles anda o cartão de cada um; o PS + R3 com jogo aberto anda o modo uma vez (o segundo cai em «já estava»), e sem jogo anda duas. O diário diz de quem é o gesto (`hotkey_fired … de=`). Reversível: a chave `None` para todos em `observe`.",29/09/2026,"O-MODO-XBOX-NAO-E-QUEDA-02 (leva 1 da onda 3, item 5 da cura consolidada)",delegacao,,,
D-2809-O-MODO-NATIVO-SEGUE-SEM-ATALHOS,"No Modo Nativo nenhum controle tem atalho, como já era para o P1",Os atalhos que passaram a valer em qualquer controle valem também no Modo Nativo?,,,,não espera: delegação; a validação é dela,src/hefesto_dualsense4unix/daemon/subsystems/poll.py (observar_os_atalhos),,,,28/09/2026,decidida,"DECIDIDA POR DELEGAÇÃO (29/09, ela dormindo; ordem dela das 03h55: «toma decisões por mim no formato das diretrizes»). A VALIDAR POR ELA. No Modo Nativo nenhum controle tem atalho, como já era para o P1: o laço congela o tique antes dos atalhos (`input_ready`), e sair do Nativo continua sendo pela tela, pela linha de comando ou pelo IPC. O item 5 da O-MODO-XBOX-NAO-E-QUEDA-02 não abre essa porta, e as páginas de uso não dizem que os atalhos valem no Nativo.",29/09/2026,"O-MODO-XBOX-NAO-E-QUEDA-02 (leva 1 da onda 3, item 5 da cura consolidada)",delegacao,,,
D-2809-A-RAIZ-DO-HIDRAW-DO-BACKEND-SE-DESVIA,A suíte não lê o hidraw da máquina pelo backend: a raiz se desvia por uma constante lida na chamada,Como a suíte deixa de ler o /sys/class/hidraw da máquina quando o backend enumera controles?,,,,não espera: delegação; a validação é dela,"src/hefesto_dualsense4unix/core/backend_pydualsense.py (RAIZ_CLASS_HIDRAW, _hidraw_uevent, _is_virtual_hidraw); tests/conftest.py (_nenhum_hidraw_vivo_na_varredura_de_som)",,,"a constante mora no fim do módulo, longe de quem a lê, para as citações de linha não andarem; o comentário junto dela diz o porquê",28/09/2026,decidida,"DECIDIDA POR DELEGAÇÃO (29/09, ela dormindo; ordem dela das 03h55: «toma decisões por mim no formato das diretrizes»). A VALIDAR POR ELA. Processo e suíte. O backend lê /sys/class/hidraw pela constante `backend_pydualsense.RAIZ_CLASS_HIDRAW`, lida na chamada pelo `_hidraw_uevent` e pelo `_is_virtual_hidraw`. A irmã `_nenhum_hidraw_vivo_na_varredura_de_som` do `tests/conftest.py` a aponta para uma pasta vazia, num import próprio: sem o pydualsense, o desvio do som continua de pé. Nenhum teste lê o hidraw da máquina pelo enumerate; quem precisa de árvore monta a sua, com nós de número que nenhuma máquina tem, e aponta por cima com monkeypatch. Vale para todo modo, transporte e P1 a P4, porque o enumerate não lê o modo. Em produção nada muda.",29/09/2026,O-BACKEND-NAO-LE-O-HIDRAW-DA-MAQUINA-NA-SUITE-01 (leva 1 da onda 3),delegacao,,,
D-2809-O-GAMEPAD-DO-DUALSENSE-PELO-SYSFS,"A descoberta classifica o nó de gamepad do DualSense pelo sysfs, sem abri-lo e sem pedir ao broker",A descoberta precisa abrir o nó de gamepad do DualSense para saber o que ele é?,,,,não espera: delegação; a validação é dela,"src/hefesto_dualsense4unix/core/evdev_reader.py (_gamepad_do_dualsense_no_sysfs, discover_gamepads)",,,,28/09/2026,decidida,"DECIDIDA POR DELEGAÇÃO (29/09, ela dormindo; ordem dela das 03h55: «toma decisões por mim no formato das diretrizes»). A VALIDAR POR ELA. A descoberta classifica o nó de gamepad do DualSense (054c:0ce6 e 054c:0df2) pelo sysfs (id/vendor, id/product, id/bustype, name, uniq, capabilities/key), sem abrir o nó e sem pedido ao broker. Se faltar qualquer um dos seis arquivos, o nó segue pelo caminho de antes; vazio é resposta, ilegível não é. O `eixos` desse registro sai vazio, porque ninguém o lê da descoberta. O ramo do sysfs respeita a espécie pedida, como o ramo do fd: quem pede os externos nunca recebe um DualSense, nem quando as duas leituras do sysfs discordam no meio de um hotplug. Os externos continuam abrindo. Vale para cabo e rádio, de P1 a P4 e em todo modo; é a cura na origem, que cobre todos os chamadores, e a mais reversível.",29/09/2026,O-NO-DO-DUALSENSE-SE-CLASSIFICA-PELO-SYSFS-01 (leva 1 da onda 3),delegacao,,,
D-2909-O-HISTORICO-GUARDA-A-PRIMEIRA-DE-CADA-DIA,O histórico do perfil guarda as dez versões mais novas e a primeira de cada um dos últimos 14 dias,Como o histórico do perfil guarda a versão de antes de uma gravação que não veio da mão dela?,a primeira versão de cada dia · marcar a origem de cada gravação,a primeira versão de cada dia,marcar a origem pedia mudar quem grava,não espera: delegação; a validação é dela,"src/hefesto_dualsense4unix/profiles/loader.py (_podar_historico, HISTORICO_DIAS)",,,"uns 1 KB por dia com gravação, por perfil",28/09/2026,decidida,"DECIDIDA POR DELEGAÇÃO (29/09, ela dormindo; ordem dela das 03h55: «toma decisões por mim no formato das diretrizes»). A VALIDAR POR ELA. O histórico guarda as 10 versões mais novas e a primeira de cada um dos últimos 14 dias com gravação (`HISTORICO_DIAS = 14`). É o mais reversível, e não pede marcar a origem de cada gravação.",29/09/2026,"O-MUDO-E-DO-CONTROLE-01 (item 4 da O-BOTAO-DO-MIC-SO-OBEDECE-A-MAO-01, leva 2 da onda 3)",delegacao,,,
D-2909-O-MUDO-MORA-NO-MAQUINA-JSON,"O mudo do microfone mora no maquina.json, por controle, com um escritor só",Onde mora o mudo do microfone que é do controle e vale em todo jogo?,,,,não espera: delegação; a validação é dela,"src/hefesto_dualsense4unix/utils/maquina.py (mudo_do_microfone, gravar_o_mudo_do_microfone); src/hefesto_dualsense4unix/daemon/subsystems/hotkey.py (_o_disco_guarda_o_ato)",,,,28/09/2026,decidida,"DECIDIDA POR DELEGAÇÃO (29/09, ela dormindo; ordem dela das 03h55: «toma decisões por mim no formato das diretrizes»). A VALIDAR POR ELA. O mudo do microfone é `controles[k].microfone_mudo` (`bool` ou `None`) no maquina.json; `None` quer dizer que ela nunca disse, e o microfone nasce no ar. Um escritor só: o ato do microfone no daemon (`hotkey._o_disco_guarda_o_ato`); a leitura e a escrita são `utils.maquina.mudo_do_microfone` e `gravar_o_mudo_do_microfone`. Sai o mudo do perfil (`mic.muted` e `controllers[k].mic.muted`) e a memória da sessão no StateStore. Cumpre a D-2709-O-MUDO-E-DO-CONTROLE, que é dela.",29/09/2026,"O-MUDO-E-DO-CONTROLE-01 (item 4 da O-BOTAO-DO-MIC-SO-OBEDECE-A-MAO-01, leva 2 da onda 3)",delegacao,,,
D-2909-NENHUMA-TROCA-DE-PERFIL-LEVA-O-MUDO,"Nenhuma troca de perfil leva o mudo: nem a automática, nem a explícita, nem o boot",A troca de perfil ainda leva o mudo de um perfil para o controle?,"nenhuma troca leva · a troca explícita leva, como na exceção MIC-GRAVACAO-01",nenhuma troca leva,deixar a troca explícita passar manteria dois donos do mudo,não espera: delegação; a validação é dela,src/hefesto_dualsense4unix/daemon/subsystems/hotkey.py (_o_disco_guarda_o_ato); src/hefesto_dualsense4unix/utils/maquina.py (mudo_do_microfone),,,,28/09/2026,decidida,"DECIDIDA POR DELEGAÇÃO (29/09, ela dormindo; ordem dela das 03h55: «toma decisões por mim no formato das diretrizes»). A VALIDAR POR ELA. Nem a troca automática, nem a explícita, nem o boot levam o mudo; só o replug devolve o verdadeiro do dono (a assimetria do LED continua). É a leitura literal da resposta 9 dela, «vale em todo jogo» (D-2709-O-MUDO-E-DO-CONTROLE). Revoga a exceção MIC-GRAVACAO-01, a do «só a troca explícita leva o muted».",29/09/2026,"O-MUDO-E-DO-CONTROLE-01 (item 4 da O-BOTAO-DO-MIC-SO-OBEDECE-A-MAO-01, leva 2 da onda 3)",delegacao,,,
D-2909-A-MIGRACAO-DO-MUDO,"A migração leva o mudo dos perfis ao controle uma vez só, e o silêncio dela não se perde no meio",O que acontece com o mudo que os perfis dela guardavam?,,,,não espera: delegação; a validação é dela,"src/hefesto_dualsense4unix/profiles/loader.py (_MUDO_FOI_PARA_O_CONTROLE_MARKER, _maybe_seed_presets)",,,"o controle que nenhum perfil e nenhum maquina.json conhece nasce no ar: antes do install, a migração roda sobre uma cópia dos perfis dela",28/09/2026,decidida,"DECIDIDA POR DELEGAÇÃO (29/09, ela dormindo; ordem dela das 03h55: «toma decisões por mim no formato das diretrizes»). A VALIDAR POR ELA. Roda uma vez só, com a marca `.mudo_do_microfone_foi_para_o_controle` na pasta de perfis, na primeira carga de perfis depois do install. O mudo do perfil ativo vai ao dono: a peça vence o global, e o global calado do ativo vale para todo controle conhecido, os do maquina.json e os que QUALQUER perfil guarda por peça, e não só os do ativo (a conferência: antes da migração o global calado calava todo controle que conectasse). O dono que já diz não é pisado. O muted sai de todo perfil, com a versão de antes no `.historico` e o log `mic_mudo_saiu_dos_perfis`. A cópia de fábrica intocada do Freestyle fica como veio. Se o dono recusar, nada sai e não há marca.",29/09/2026,"O-MUDO-E-DO-CONTROLE-01 (item 4 da O-BOTAO-DO-MIC-SO-OBEDECE-A-MAO-01, leva 2 da onda 3)",delegacao,,,
D-2909-O-RASCUNHO-NAO-FALA-DO-MUDO,O rascunho do «Salvar» não escreve nem apaga o mudo,O «Salvar» da tela ainda grava o mudo no perfil?,,,,não espera: delegação; a validação é dela,"src/hefesto_dualsense4unix/app/draft_config.py (with_mic, to_ipc_dict)",,,,28/09/2026,decidida,"DECIDIDA POR DELEGAÇÃO (29/09, ela dormindo; ordem dela das 03h55: «toma decisões por mim no formato das diretrizes»). A VALIDAR POR ELA. O rascunho do «Salvar» não escreve nem apaga o mudo: o legado atravessa. O `to_ipc_dict` não leva `muted`, porque o `_apply_mic` do daemon nunca o leu. O botão do retorno do microfone da 02 não grava mais `mic=` no perfil.",29/09/2026,"O-MUDO-E-DO-CONTROLE-01 (item 4 da O-BOTAO-DO-MIC-SO-OBEDECE-A-MAO-01, leva 2 da onda 3)",delegacao,,,
D-2909-AS-QUATRO-RESPOSTAS-DIZEM-NO-CONTROLE,"Na régua de cabo, BT, perfil e controle, o mudo e o custo do microfone respondem «no controle»",Onde a régua das quatro respostas procura o mudo do microfone?,,,,não espera: delegação; a validação é dela,scripts/check_cabo_bt_perfil_controle.py (NO_CONTROLE),,,,28/09/2026,decidida,"DECIDIDA POR DELEGAÇÃO (29/09, ela dormindo; ordem dela das 03h55: «toma decisões por mim no formato das diretrizes»). A VALIDAR POR ELA. Em `scripts/check_cabo_bt_perfil_controle.py`, `mudo` e `custo-mic` respondem «no controle» (`NO_CONTROLE`), lidos do `ControleDeclarado`.",29/09/2026,"O-MUDO-E-DO-CONTROLE-01 (item 4 da O-BOTAO-DO-MIC-SO-OBEDECE-A-MAO-01, leva 2 da onda 3)",delegacao,,,
D-2909-A-HAPTICA-TEM-UM-ENDPOINT-POR-LUGAR,"A háptica por áudio tem um endpoint por lugar, do P1 ao P4, com nome e rótulo fixos, no cabo e no rádio",O jogo casa a háptica com o aparelho ou com o lugar do jogador?,um endpoint por controle · um endpoint por lugar,um endpoint por lugar,"com um endpoint por controle, quem entra depois ou troca de número com o jogo aberto fica sem háptica até reabrir o jogo",não espera: delegação; a validação é dela,"src/hefesto_dualsense4unix/integrations/endpoint_de_haptica.py (MOLDE_DO_NOME, distribuir_ancoras); src/hefesto_dualsense4unix/integrations/haptica_do_cabo.py; src/hefesto_dualsense4unix/integrations/audio_ks_dualsense.py (indice_do_fluxo); src/hefesto_dualsense4unix/daemon/subsystems/alto_falante.py (_casar_o_cabo)",,,"a rota do cabo trocou sem medir o atraso do laço (a medida pede o servidor de som dela, e fica para a prova 1); se ela sentir atraso pelo cabo, voltar à placa é mudança de código, tirar o cabo do `_casar_o_cabo`",28/09/2026,decidida,"CADUCA EM 29/09/2026 — REVOGADA POR ELA no chat (resposta [27] do lote da noite: «2. todas as features são um por aparelho. sempre.» (noqa-acento: citação literal dela, como ela escreve)). Vale a D-2909-TODA-FEATURE-E-POR-APARELHO: a háptica é por aparelho, e o endpoint por lugar (instalado às 17h09) sai. O texto de antes: DECIDIDA POR DELEGAÇÃO (29/09, ela dormindo; ordem dela das 03h55: «toma decisões por mim no formato das diretrizes»). A VALIDAR POR ELA. O endpoint de háptica é um por LUGAR (P1 a P4), `HEFESTOLUGAR<N>`, com o rótulo fixo «Háptica do Controle N», no cabo e no rádio. O lugar é o número do assento do dono (o mesmo «Controle N» do cartão), e quem não tem número fica no lugar da volta anterior. Os quatro ficam de pé com qualquer DualSense na mesa, ou com um jogo tocando num deles. O cabo com lugar ancorado passa pelo endpoint do lugar, por um laço de 4 canais até a placa; a placa própria, com o bloco do BUSNUM-DEVNUM, vale só para o lugar sem âncora, a placa sem os 4 canais e a máquina sem pw-loopback. A D-2709-A-VIBRACAO-VAI-A-QUEM-TEM-O-CONTROLE, que é dela, passa a valer também no cabo, pelo portão do laço (o volume do fluxo de um laço só de 4 canais). As D4 e D6 da HAPTICA-NATIVA-01 (um bloco por controle no cabo) valem desde 28/09 só para o cabo sem lugar ancorado.",29/09/2026,"A-HAPTICA-CHEGA-A-QUEM-ENTRA-DEPOIS-01 (O-ALTO-FALANTE-TEM-UM-CAMINHO-SO-01, leva 2 da onda 3)",delegacao,,,
D-2909-O-JOGO-SEM-DUALSENSE-FICA-NA-GUARDA,"Até ela escolher, o jogo aberto sem nenhum DualSense na mesa fica sem a opção da háptica","O jogo aberto sem nenhum DualSense na mesa: a guarda do Black Desert fica, ou a opção liga sempre?","(a) a guarda fica, e quem entra depois naquela sessão fica sem háptica até reabrir o jogo; o doctor diz · (b) a opção liga sempre","(a), até ela escolher","com a (b), o risco do Black Desert volta para todo jogo","a escolha é dela («O que é dela» da A-HAPTICA-CHEGA-A-QUEM-ENTRA-DEPOIS-01); o código nasce na (a), que é reversível e guarda a quebra medida",src/hefesto_dualsense4unix/integrations/audio_ks_dualsense.py; assets/hefesto-launch.sh,,,,28/09/2026,decidida,"DECIDIDA POR DELEGAÇÃO (29/09, ela dormindo; ordem dela das 03h55: «toma decisões por mim no formato das diretrizes»). A VALIDAR POR ELA. O código nasce na (a): a guarda do MHWilds e do Black Desert pergunta pelo DualSense físico na mesa (cabo ou HID Sony no barramento do BT), e o jogo aberto sem DualSense fica sem a opção; o doctor diz o preço. Se ela escolher a (b), a opção passa a ligar sempre. A escolha continua dela.",29/09/2026,"A-HAPTICA-CHEGA-A-QUEM-ENTRA-DEPOIS-01 (O-ALTO-FALANTE-TEM-UM-CAMINHO-SO-01, leva 2 da onda 3)",delegacao,,,
D-2909-AS-ANCORAS-LIVRES-VAO-A-QUEM-ESTA-SENTADO,"Com menos âncoras que lugares, as livres vão primeiro aos lugares ocupados","Com menos âncoras de háptica que lugares, quem as recebe primeiro?",,,,não espera: delegação; a validação é dela,src/hefesto_dualsense4unix/integrations/endpoint_de_haptica.py (distribuir_ancoras),,,,28/09/2026,decidida,"DECIDIDA POR DELEGAÇÃO (29/09, ela dormindo; ordem dela das 03h55: «toma decisões por mim no formato das diretrizes»). A VALIDAR POR ELA. As âncoras livres vão primeiro aos lugares OCUPADOS, e a posse não muda. Quem fica sem vibração é o controle que chega a um lugar sem âncora quando as livres já foram dadas. É o que custa menos a quem joga.",29/09/2026,"a conferência da A-HAPTICA-CHEGA-A-QUEM-ENTRA-DEPOIS-01 (O-ALTO-FALANTE-TEM-UM-CAMINHO-SO-01, leva 2 da onda 3)",delegacao,,,
D-2909-O-SERVIDOR-MUDO-NAO-DERRUBA-O-LACO,O servidor de som que não responde não derruba o laço do cabo de quem segue no mesmo lugar,"Se o servidor de som não responde, o laço da háptica do cabo cai?",,,,não espera: delegação; a validação é dela,src/hefesto_dualsense4unix/integrations/haptica_do_cabo.py; src/hefesto_dualsense4unix/daemon/subsystems/alto_falante.py (_casar_o_cabo),,,,28/09/2026,decidida,"DECIDIDA POR DELEGAÇÃO (29/09, ela dormindo; ordem dela das 03h55: «toma decisões por mim no formato das diretrizes»). A VALIDAR POR ELA. O laço do cabo de quem segue no mesmo lugar FICA quando o servidor de som não responde: «não sei» não derruba. A ponte sem registro do endpoint que lê também é «não sei», e não é derrubada.",29/09/2026,"a conferência da A-HAPTICA-CHEGA-A-QUEM-ENTRA-DEPOIS-01 (O-ALTO-FALANTE-TEM-UM-CAMINHO-SO-01, leva 2 da onda 3)",delegacao,,,
D-2909-O-LUGAR-QUE-ANDA-TROCA-A-PONTE,O lugar que anda troca a ponte do rádio para o endpoint do lugar novo,"Quando o assento de um controle no rádio anda com o jogo aberto, de onde a ponte lê a háptica?",,,,não espera: delegação; a validação é dela,src/hefesto_dualsense4unix/daemon/subsystems/alto_falante.py; src/hefesto_dualsense4unix/integrations/endpoint_de_haptica.py (distribuir_ancoras),,,,28/09/2026,decidida,"DECIDIDA POR DELEGAÇÃO (29/09, ela dormindo; ordem dela das 03h55: «toma decisões por mim no formato das diretrizes»). A VALIDAR POR ELA. O lugar que anda troca a ponte do rádio: ela passa a ler o endpoint do lugar novo, e cada controle vibra pelo próprio jogador, e não pelo lugar de antes. O nó que uma ponte ainda lê não se reancora na mesma volta.",29/09/2026,"a conferência da A-HAPTICA-CHEGA-A-QUEM-ENTRA-DEPOIS-01 (O-ALTO-FALANTE-TEM-UM-CAMINHO-SO-01, leva 2 da onda 3)",delegacao,,,
D-2809-GOVERNADOR-NAO-SEI,"Sem medida, o adaptador cheio não é «não há vaga em outro»: a ponte espera a primeira janela do medidor","Quando o governador não sabe se outro adaptador tem vaga, a ponte cede, espera ou pergunta?",,,,não espera: delegação; a validação é dela,"src/hefesto_dualsense4unix/daemon/subsystems/governador_do_radio.py (_nao_sei_se_ha_vaga, MOTIVO_SEM_MEDIDA)",,,,28/09/2026,decidida,"DECIDIDA POR DELEGAÇÃO (29/09, ela dormindo; ordem dela das 03h55: «toma decisões por mim no formato das diretrizes»). A VALIDAR POR ELA. Sem medida, o adaptador cheio não é «não há vaga em outro». A ponte espera a primeira janela do medidor, até 2 s, sem pergunta na tela; depois disso vale a R4, e o diário diz «não sei se há vaga em outro adaptador». São «não sei»: o medidor sem amostra, a lista que o kernel não deu (SEM_BLUETOOTH) e outro adaptador em IOCTL_FALHOU. O relógio conta a falta de medida, e não cada pedido, e volta a zero quando a medida chega inteira.",29/09/2026,O-GOVERNADOR-COM-UM-ADAPTADOR-SO-01 (leva 2 da onda 3),delegacao,,,
D-2809-GOVERNADOR-A-VEZ,"Com a fila acima do limiar, cede só quem não cabe na saída medida, pela ordem da vaga","Com a fila do adaptador acima do limiar, quais pontes cedem?",todas cedem juntas · cede só quem não cabe na saída medida,cede só quem não cabe,,não espera: delegação; a validação é dela,src/hefesto_dualsense4unix/daemon/subsystems/governador_do_radio.py (_a_vez),,,,28/09/2026,decidida,"DECIDIDA POR DELEGAÇÃO (29/09, ela dormindo; ordem dela das 03h55: «toma decisões por mim no formato das diretrizes»). A VALIDAR POR ELA. Com a fila acima do limiar, cede só quem não cabe na saída medida. Quantas cabem = a saída da janela ÷ o maior entre a média e o que cada ponte escreveu na janela: na rajada, a janela manda. Quem cede gira pela ordem da vaga, nunca pelo número do jogador; a ponte sem escrita fica fora da vez. O adaptador inteiro só cede quando não cabe nenhuma, e só essa janela anda o relógio do teto. A vaga que nasce num episódio deixa de ceder quando ele acaba. Parte de cada ponte, antes → depois: três pontes num adaptador que escoa duas, 50% → 67%; quatro, 50% → 50%. O pico da fila na rajada fica igual ao de antes (73).",29/09/2026,O-GOVERNADOR-COM-UM-ADAPTADOR-SO-01 (leva 2 da onda 3),delegacao,,,
D-2809-O-ZUMBI-QUE-NAO-SE-CURA-E-NAO-CONECTOU,O controle preso no rádio que o vigia não derrubou aparece como «Não Conectou» na caixa do adaptador,"O controle de pé no rádio sem hidraw e sem registro no BlueZ, que o vigia de zumbis não curou, aparece na aba Conexões?",,,,não espera: delegação; a validação é dela,src/hefesto_dualsense4unix/interface/pacotes/a08_conexoes.py (_os_que_nao_viraram_controle),,,,28/09/2026,decidida,"DECIDIDA POR DELEGAÇÃO (29/09, ela dormindo; ordem dela das 03h55: «toma decisões por mim no formato das diretrizes»). A VALIDAR POR ELA. O controle de pé no rádio sem hidraw e sem registro no BlueZ que o vigia não derrubou (a ponte fora do ar, o teto, a derrubada que falhou) aparece como «Não Conectou» na caixa do adaptador em que está preso, com a linha que o desenho aprovado já tem; «Tentar de Novo» é o Conectar ali, e o X só tira a linha pelo episódio, porque o BlueZ não conhece esse controle e não há pareamento para esquecer. Só vale a volta do vigia de até 15 s; o derrubado não ganha linha. Nenhum recado nem botão novo.",29/09/2026,A-CONEXOES-DIZ-O-QUE-O-PRODUTO-JA-MEDE-01 (leva 2 da onda 3),delegacao,,,
D-2809-A-LEITURA-DOS-CONTROLES-NO-CHECKUP,O Check-up da 08 diz «O jogo pode receber cada botão duas vezes.» quando o daemon não segura o controle,Onde a tela diz a causa do controle principal que o Hefesto não conseguiu segurar?,,,,não espera: delegação; a validação é dela,src/hefesto_dualsense4unix/interface/pacotes/a08_conexoes.py (_conferencia_da_leitura); src/hefesto_dualsense4unix/app/actions/home_actions.py (aviso_de_grab),,,,28/09/2026,decidida,"DECIDIDA POR DELEGAÇÃO (29/09, ela dormindo; ordem dela das 03h55: «toma decisões por mim no formato das diretrizes»). A VALIDAR POR ELA. O Check-up da 08 ganha a linha «O jogo pode receber cada botão duas vezes.» só quando `home_actions.aviso_de_grab` acende; o «?» e a Sugestão são as duas metades de `AVISO_DE_GRAB_PORQUE`, frases do dono, e nenhuma palavra nova na tela. O exame só pergunta ao nó quando o daemon já disse que o grab falhou, porque tentar o grab de um nó livre o tiraria por um instante de quem joga; a causa (a porta do broker e o grab do nó) vai ao diário da janela, e a linha não vai à aba Jogar. Cobre o P1: o daemon publica só o `primary_grab_state`.",29/09/2026,A-CONEXOES-DIZ-O-QUE-O-PRODUTO-JA-MEDE-01 (leva 2 da onda 3),delegacao,,,
D-2809-A-LINHA-DA-LEITURA-SEGUE-O-DAEMON,A linha da leitura dos controles no Check-up sai no tique seguinte quando o daemon volta a segurar o controle,A linha «O jogo pode receber cada botão duas vezes.» espera outro «Examinar» para sair?,,,,não espera: delegação; a validação é dela,"src/hefesto_dualsense4unix/interface/pacotes/a08_conexoes.py (_itens_da_tela, _o_aviso_do_grab)",,,,28/09/2026,decidida,"DECIDIDA POR DELEGAÇÃO (29/09, ela dormindo; ordem dela das 03h55: «toma decisões por mim no formato das diretrizes»). A VALIDAR POR ELA. A linha do Check-up da 08, e a Sugestão de Conexão que vem com ela, só ficam na tela enquanto `home_actions.aviso_de_grab` acende no state do tique. Os três termos são lidos como a aba Jogar os lê (principal conectado, emulação ligada, `primary_grab_state == failed`); o exame só acrescenta a causa. Quando o daemon volta a segurar o controle, a linha sai no tique seguinte, sem esperar outro «Examinar».",29/09/2026,a conferência da A-CONEXOES-DIZ-O-QUE-O-PRODUTO-JA-MEDE-01 (leva 2 da onda 3),delegacao,,,
D-2809-A-PINTURA-DA-BANCADA-DA-08-SAI,"A pintura da bancada da aba Conexões sai inteira, porque era um segundo pintor da página aprovada",A pintura de `gui/aba_conexoes` e a da bancada `conexoes_vivas` ganham fio ou saem?,ganham fio · saem,saem,uma segunda pintura na gramática data-v e data-g seria um segundo dono da mesma tela,não espera: delegação; a validação é dela,src/hefesto_dualsense4unix/gui/aba_conexoes.py; src/hefesto_dualsense4unix/interface/pacotes/a08_conexoes.py,,,,28/09/2026,decidida,"DECIDIDA POR DELEGAÇÃO (29/09, ela dormindo; ordem dela das 03h55: «toma decisões por mim no formato das diretrizes»). A VALIDAR POR ELA. A pintura de `gui/aba_conexoes` e irmãs e a pintura do `conexoes_vivas` saem: a página aprovada é pintada pelo pacote da 08. O `html_da_ordem` e a gramática data-v ficaram só com a catraca `a08._dono_sabe_desenhar_a_ordem` como chamador; a próxima leva decide.",29/09/2026,A-CONEXOES-DIZ-O-QUE-O-PRODUTO-JA-MEDE-01 (leva 2 da onda 3),delegacao,,,
D-2809-O-QUE-SO-CABERIA-COMO-TELA-NOVA-SAI,O código da aba Conexões que só caberia como tela nova sai,O que a aba Conexões guardava sem lugar no desenho aprovado ganha tela ou sai?,ganha tela · sai,sai,"ganhar tela seria botão ou recado novo, fora do desenho aprovado",não espera: delegação; a validação é dela,src/hefesto_dualsense4unix/interface/pacotes/a08_conexoes.py; src/hefesto_dualsense4unix/utils/lugar.py (lugar_de),,,,28/09/2026,decidida,"DECIDIDA POR DELEGAÇÃO (29/09, ela dormindo; ordem dela das 03h55: «toma decisões por mim no formato das diretrizes»). A VALIDAR POR ELA. Saem: `segundos_ate` (o Conectar aprovado não conta para baixo), `incoerencias` (sem lugar sem recado), `porta_do_adaptador` (substituída por `bluez_dbus.lugares_dos_adaptadores` → `utils/lugar.lugar_de`), `mesmo_hub_fisico`, `mesmo_soquete_fisico`, `livres_fora_de` e `hubs_de` (substituídas pelas de `ordens_da_mesa`) e `filhos_de` (o desenho não lista os vizinhos do adaptador). Os nove de `arranjo_da_mesa` FICAM, pela D-A-REGUA-DO-ARRANJO-SE-DECIDE-COM-A-DIVERGENCIA-NA-MAO: apagá-los decidiria por ela.",29/09/2026,A-CONEXOES-DIZ-O-QUE-O-PRODUTO-JA-MEDE-01 (leva 2 da onda 3),delegacao,,,
D-2809-A-DECLARACAO-DESCE-AO-DISCO-SEM-O-SERVICO,A sala e o vizinho que ela declara na aba Conexões descem ao disco com o Hefesto desligado,"Com o daemon fora do ar, o que ela declara na aba Conexões se perde?",,,,não espera: delegação; a validação é dela,src/hefesto_dualsense4unix/integrations/lugar_declarado.py (declarar_a_mesa); src/hefesto_dualsense4unix/interface/pacotes/a08_conexoes.py,,,,28/09/2026,decidida,"DECIDIDA POR DELEGAÇÃO (29/09, ela dormindo; ordem dela das 03h55: «toma decisões por mim no formato das diretrizes»). A VALIDAR POR ELA. Os gestos `sala-altura`, `sala-visada` e `vizinho-o-que-e` gravam pelo `lugar_declarado` quando o daemon não responde. A recusa com motivo não é contornada.",29/09/2026,A-CONEXOES-DIZ-O-QUE-O-PRODUTO-JA-MEDE-01 (leva 2 da onda 3),delegacao,,,
D-2809-AS-CONFERENCIAS-DA-FILEIRA-SAO-REGUA,"As conferências da fileira da 01 são régua, não tela",Os chips sem degrau e os sem dono aparecem na tela ou reprovam antes?,aparecem na tela · viram régua,viram régua,,não espera: delegação; a validação é dela,src/hefesto_dualsense4unix/app/actions/jogar/painel.py; tests/unit/,,,,28/09/2026,decidida,"DECIDIDA POR DELEGAÇÃO (29/09, ela dormindo; ordem dela das 03h55: «toma decisões por mim no formato das diretrizes»). A VALIDAR POR ELA. Viram régua: marcar um chip como «sem quem o atenda» seria a tela confessando dívida nossa, e nada de botão novo nem de recado.",29/09/2026,A-TELA-PERGUNTA-AO-DONO-01 (leva 3 da onda 3),delegacao,,,
D-2809-OS-AVISOS-DA-COLUNA-ATENCAO-VAO-AO-EXAME,"O que só a coluna Atenção publicava vai ao exame da 09, e só as fontes sem outra casa",Onde passam a aparecer as fontes que só a coluna Atenção publicava?,o exame da 09 · lugar novo,"o exame da 09, selo AVISO, sem teto",,não espera: delegação; a validação é dela,src/hefesto_dualsense4unix/app/actions/jogar/painel.py (avisos_do_estado); src/hefesto_dualsense4unix/interface/pacotes/a09_sistema.py,,,,28/09/2026,decidida,"DECIDIDA POR DELEGAÇÃO (29/09, ela dormindo; ordem dela das 03h55: «toma decisões por mim no formato das diretrizes»). A VALIDAR POR ELA. O exame da 09, com o selo AVISO, sem teto e sem +N, e SÓ as fontes sem outra casa. Ficam no canal e fora da 09: o serviço calado (Status · Serviço), a ponte com o jogo (fileira da Jogar), a pausa (Status · PAUSADO), o detector cego (Status · Troca de perfil SEM VER), o Freestyle ligado (pílula da Jogar), a cura do travamento (storm_report) e os achados do exame dos controles (Conexões). Nenhum lugar novo na tela. Para a sessão dos desenhos: com o Hefesto Desligado e dois ou mais controles, a 09 mostra um AVISO fixo sobre a Conexão Nativa (COOP-NA-CONEXAO-NATIVA-01), e ela decide se ele fica.",29/09/2026,"A-TELA-PERGUNTA-AO-DONO-01 (leva 3 da onda 3, com a correção da conferência)",delegacao,,,
D-2809-O-TESTAR-ACENDE-NA-COLUNA-EM-TESTE,O «Testar» da Vibração fica aceso enquanto aquela coluna vibra,O botão diz que o teste está ligado?,"acende (laranja, aria-pressed) · fica igual",acende,,a 05 publicada espera a sessão dos desenhos (scripts/check_o_desenho_aprovado.py --publicar 05),mockup/05-vibracao.html; mockup/DIVERGENCIAS.md; src/hefesto_dualsense4unix/interface/pacotes/a05_vibracao.py (_EM_TESTE),,,,07/09/2026,decidida,"QUEM DECIDIU: ELA — pedido dela de 07/09/2026: «o botão Testar tem que ficar em estado de ligado e ir refletindo os slicers ao vivo comigo. E se eu clicar em Parar ele para de testar» (citado em `interface/pacotes/a05_vibracao.py`, junto de `_EM_TESTE`). O «Testar» acende (laranja, `aria-pressed`) só na coluna que vibra, e o «Parar» o apaga. Está no mockup/05 e chega ao produto quando ela aprovar a 05 na sessão dos desenhos.",07/09/2026,A-TELA-PERGUNTA-AO-DONO-01 (leva 3 da onda 3),ela,,,
D-2809-A-VIBRACAO-NAO-APAGA-POR-TRANSPORTE,Vibração e Gatilhos não apagam peça por transporte,A aba pergunta ao mapa para apagar o que o transporte não aciona?,pergunta e apaga · nada a apagar para o DualSense,nada a apagar,,não espera: delegação; a validação é dela,src/hefesto_dualsense4unix/interface/mesa_viva.py (aciona); tests/unit/,,,,28/09/2026,decidida,"DECIDIDA POR DELEGAÇÃO (29/09, ela dormindo; ordem dela das 03h55: «toma decisões por mim no formato das diretrizes»). A VALIDAR POR ELA. Nada a apagar: para o DualSense, toda peça da Vibração e dos Gatilhos responde sim no cabo e no rádio (medido no `mesa_viva.aciona`). O `pacotes/mapa.py` sai, e uma régua guarda a premissa. Perder feature por transporte é defeito, não algo a esconder.",29/09/2026,A-TELA-PERGUNTA-AO-DONO-01 (leva 3 da onda 3),delegacao,,,
D-2809-O-INVENTARIO-DO-DAEMON-E-REGUA,"O inventário dos métodos do daemon é régua, não tempo de execução",O pacote lê o fonte do daemon para recusar gesto antes do socket?,lê em tempo de execução · o daemon recusa na hora,o daemon recusa,,não espera: delegação; a validação é dela,tests/unit/inventario_do_daemon.py,,,,28/09/2026,decidida,"DECIDIDA POR DELEGAÇÃO (29/09, ela dormindo; ordem dela das 03h55: «toma decisões por mim no formato das diretrizes»). A VALIDAR POR ELA. O daemon recusa na hora; o inventário dos métodos saiu do pacote e foi para `tests/unit/inventario_do_daemon.py`.",29/09/2026,A-TELA-PERGUNTA-AO-DONO-01 (leva 3 da onda 3),delegacao,,,
D-2809-A-COERENCIA-DOS-PERFIS-NO-EXAME,"O exame da 09 diz quando um perfil está incoerente, e só quando está",A sanidade dos perfis aparece no exame da 09?,aparece só com problema · não aparece,aparece só com problema,,não espera: delegação; a validação é dela,src/hefesto_dualsense4unix/interface/pacotes/a09_sistema.py,,,,28/09/2026,decidida,"DECIDIDA POR DELEGAÇÃO (29/09, ela dormindo; ordem dela das 03h55: «toma decisões por mim no formato das diretrizes»). A VALIDAR POR ELA. Aparece só quando há problema; o [FAIL] vira AVISO; a linha é a `mensagem` do achado, sem a «Cura:» do terminal (a regra da SISTEMA-BOTOES-01 vale para os perfis).",29/09/2026,A-TELA-PERGUNTA-AO-DONO-01 (leva 3 da onda 3),delegacao,,,
D-2809-O-REGISTRO-DO-SERVICO-E-CITACAO,"O registro do serviço na 09 é citação, e o funil não o lê como frase do produto",O funil denuncia palavra banida dentro do journalctl citado?,denuncia · é citação,é citação,,não espera: delegação; a validação é dela,src/hefesto_dualsense4unix/interface/frases_que_ela_baniu.py; src/hefesto_dualsense4unix/interface/pacotes/a09_sistema.py,,,,28/09/2026,decidida,"DECIDIDA POR DELEGAÇÃO (29/09, ela dormindo; ordem dela das 03h55: «toma decisões por mim no formato das diretrizes»). A VALIDAR POR ELA. É citação: quem cita marca, e o funil não lê o diário do serviço como frase do produto. As frases do produto no mesmo campo («…está vazio.», «Não consegui ler…») seguem lidas. A cura é na origem, e não uma lista de exceções no funil.",29/09/2026,"O-FUNIL-DIZ-O-CAMPO-E-O-DIARIO-E-CITACAO-01 (com a A-TELA-PERGUNTA-AO-DONO-01, leva 3 da onda 3)",delegacao,,,
D-2809-A-DENUNCIA-DIZ-PAGINA-E-CAMPO,A denúncia do funil diz a página e o campo,Como o funil diz de onde veio o texto banido?,só a palavra · a página e o campo,a página e o campo,,não espera: delegação; a validação é dela,src/hefesto_dualsense4unix/interface/frases_que_ela_baniu.py,,,,28/09/2026,decidida,"DECIDIDA POR DELEGAÇÃO (29/09, ela dormindo; ordem dela das 03h55: «toma decisões por mim no formato das diretrizes»). A VALIDAR POR ELA. A página e o campo, de todo trecho e de todo dono, com a memória por (trecho, página, campo).",29/09/2026,"O-FUNIL-DIZ-O-CAMPO-E-O-DIARIO-E-CITACAO-01 (com a A-TELA-PERGUNTA-AO-DONO-01, leva 3 da onda 3)",delegacao,,,
D-2809-O-SEGUNDO-CLIQUE-TRAZ-A-JANELA,"Abrir o Hefesto com a janela já aberta traz essa janela para a frente, e não abre outra",O segundo clique no ícone do Hefesto abre outra janela ou traz a aberta?,abre outra · traz a aberta,traz a aberta,,não espera: delegação; a validação é dela,"scripts/abrir_interface.py (tomar_a_vez, vir_a_frente); src/hefesto_dualsense4unix/utils/single_instance.py (abrir_a_porta_de_frente, pedir_a_frente, ler_o_pedido, ESPERA_PELA_RESPOSTA_SEC)",,,"depois do install, a janela aberta da versão velha não tem porta, e o primeiro clique abre uma segunda janela uma vez só",28/09/2026,decidida,"DECIDIDA POR DELEGAÇÃO (29/09, ela dormindo; ordem dela das 03h55: «toma decisões por mim no formato das diretrizes»). A VALIDAR POR ELA. Uma janela por tela, e só para a janela que vai a uma tela de verdade (HEFESTO_NA_TELA=1, sem --oculta). O pedido viaja por um socket UNIX 0600 no runtime, nunca por sinal (o WebKit toma o SIGUSR1), e leva o token de ativação de quem clicou. A instância única NUNCA impede a janela de abrir: a janela aberta responde pelo próprio laço do GLib, e sem resposta em 10 s (laço parado, janela saindo), com o lock ou a porta falhando, ou com o lock preso sem PID depois de duas voltas, o lançador abre a janela dele, como antes de 28/09. É reversível.",29/09/2026,O-CODIGO-SEM-CHAMADOR-LIGA-OU-SAI-01 (leva 3 da onda 3),delegacao,,,
D-2809-O-XWAYLAND-NAO-VOLTA-PELO-PYTHON,As funções que forçavam o XWayland no COSMIC saem em vez de ganhar fio,"`arranque.forcar_xwayland_no_cosmic` e `x11_alcancavel`, sem chamador, ligam ou saem?",ligam · saem,saem,"ligá-las voltaria a forçar o XWayland no COSMIC, contra a ordem dela de 19/09",não espera: delegação; a validação é dela,"run.sh (HEFESTO_DUALSENSE4UNIX_XWAYLAND, --force-xwayland)",,,,28/09/2026,decidida,"DECIDIDA POR DELEGAÇÃO (29/09, ela dormindo; ordem dela das 03h55: «toma decisões por mim no formato das diretrizes»). A VALIDAR POR ELA. Saem `arranque.forcar_xwayland_no_cosmic`, `x11_alcancavel` e a chave HEFESTO_DUALSENSE4UNIX_NO_XWAYLAND: ligá-las desfaria a ordem dela de 19/09 (o commit dbad548b0, no run.sh). O opt-in é só o do run.sh (HEFESTO_DUALSENSE4UNIX_XWAYLAND=1 ou --force-xwayland).",29/09/2026,O-CODIGO-SEM-CHAMADOR-LIGA-OU-SAI-01 (leva 3 da onda 3),delegacao,,,
D-2809-A-INSTALACAO-CLONA-O-RAMO-PADRAO,"As páginas de uso mandam clonar o ramo padrão, e não o checkout da tag v0.9.4.5",As páginas de instalação mandam o `git checkout` da tag publicada?,o checkout da tag · o ramo padrão,o ramo padrão,a tag v0.9.4.5 instala a janela antiga,não espera: delegação; a validação é dela,docs/usage/; scripts/check_version_consistency.py,,,,28/09/2026,decidida,"DECIDIDA POR DELEGAÇÃO (29/09, ela dormindo; ordem dela das 03h55: «toma decisões por mim no formato das diretrizes»). A VALIDAR POR ELA. As páginas de uso não mandam mais `git checkout v0.9.4.5`, porque a tag instala a janela antiga; segue o que o README já faz. O check_version_consistency deixou de ter o alvo «página de instalação (git checkout)», e a test_install_respeita e a test_versao_publicada cobram a versão no texto e nenhum checkout de tag velha. Quando a release nova sair, a linha pode voltar como `git checkout v<nova>`. Revoga a exigência antiga das três réguas.",29/09/2026,AS-PAGINAS-DE-USO-FALAM-COM-QUEM-USA-01 (leva 3 da onda 3),delegacao,,,processo
D-2809-AS-CINCO-COISAS-SAEM-ATE-A-MEDIDA,A frase das cinco coisas que o Xbox 360 perde sai das páginas até a medida,As páginas de uso afirmam o que a máscara Xbox 360 perde sem a medida no aparelho?,fica · sai até a medida,sai até a medida,,a medida da máscara Xbox 360 no aparelho (a P4 ou a bancada) decide que frase volta,docs/usage/jogos-e-mascaras.md; docs/usage/modos.md,,,,28/09/2026,decidida,"DECIDIDA POR DELEGAÇÃO (29/09, ela dormindo; ordem dela das 03h55: «toma decisões por mim no formato das diretrizes»). A VALIDAR POR ELA. A frase de que o Xbox 360 perde giroscópio, touchpad, cor, gatilhos e bateria saiu da jogos-e-mascaras.md e da modos.md, junto com «seguem em qualquer máscara». Volta a frase que a medida confirmar; se a medida mostrar que a máscara perde o giro ou o touchpad no jogo, sai também a da modos.md que diz que o controle na mão continua o mesmo.",29/09/2026,AS-PAGINAS-DE-USO-FALAM-COM-QUEM-USA-01 (leva 3 da onda 3),delegacao,,,
D-2809-O-TEXTO-PUBLICO-TEM-PORTAO,O texto público tem portão,O que as páginas públicas dizem passa por um portão?,,,,não espera: delegação; a validação é dela,scripts/check_texto_publico.py; scripts/portoes.sh; .github/workflows/ci.yml,,,,28/09/2026,decidida,"DECIDIDA POR DELEGAÇÃO (29/09, ela dormindo; ordem dela das 03h55: «toma decisões por mim no formato das diretrizes»). A VALIDAR POR ELA. O `check_texto_publico.py` entra na camada rápida e no job referencias-docs, e reprova quando um arquivo da lista some. Os recibos das fotos ficam de fora, declarados.",29/09/2026,AS-PAGINAS-DE-USO-FALAM-COM-QUEM-USA-01 (leva 3 da onda 3),delegacao,,,processo
D-2809-O-P3-NO-CI-EXPERIMENTAL,"O Pop e o Fedora 42 entram no CI como experimentais, e o passo do dkms como informativo",As distribuições novas entram no CI como portão duro?,portão duro · experimental,experimental,"sem corrida medida, um CI vermelho por terceiro (servidor de chaves, repositório do Pop) travaria a release",não espera: delegação; a validação é dela,.github/workflows/ci.yml (experimental),,,,28/09/2026,decidida,"DECIDIDA POR DELEGAÇÃO (29/09, ela dormindo; ordem dela das 03h55: «toma decisões por mim no formato das diretrizes»). A VALIDAR POR ELA. O ubuntu-24.04-pop e o fedora-42 entram experimentais; o passo do `dkms build -k` entra informativo; o debian-12 segue portão duro. Promover a portão duro é uma linha.",29/09/2026,AS-PAGINAS-DE-USO-FALAM-COM-QUEM-USA-01 (leva 3 da onda 3),delegacao,,,processo
D-2809-O-ESTUDO-DO-BLUEZ-VAI-PARA-A-HISTORIA,O estudo de 19/07 do bluetoothd vai para docs/history,O estudo que falava com quem constrói fica nas páginas de uso?,,,,não espera: delegação; a validação é dela,docs/history/2026-07-19-o-estudo-do-bluetoothd-5.72-e-o-plano-do-backport.md,,,,28/09/2026,decidida,"DECIDIDA POR DELEGAÇÃO (29/09, ela dormindo; ordem dela das 03h55: «toma decisões por mim no formato das diretrizes»). A VALIDAR POR ELA. Vai para docs/history, com a mesma numeração, em vez de apagado, porque não se apaga decisão medida; a receita nas páginas de uso fala só com quem usa.",29/09/2026,AS-PAGINAS-DE-USO-FALAM-COM-QUEM-USA-01 (leva 3 da onda 3),delegacao,,,processo
D-2809-O-INSTALADOR-IMPRIME-SEM-ID,O que o install e o uninstall imprimem sai sem ID de sprint,"O que o instalador imprime pode citar sprint, onda ou docs/process?",,,,não espera: delegação; a validação é dela,install.sh; uninstall.sh,,,,28/09/2026,decidida,"DECIDIDA POR DELEGAÇÃO (29/09, ela dormindo; ordem dela das 03h55: «toma decisões por mim no formato das diretrizes»). A VALIDAR POR ELA. Tudo o que o install.sh e o uninstall.sh imprimem (os títulos dos passos, avisos, erros, o log, o que o ensaio «faria», a frase de cada dependência e o --help) sai sem ID, sem «Onda X», sem «esta casa» e sem docs/process, e há régua para isso. O «dela» e o «casa» sozinhos ficam de fora da régua, porque a Steam é «ela» nas mensagens e «casa» é também o verbo.",29/09/2026,a conferência da AS-PAGINAS-DE-USO-FALAM-COM-QUEM-USA-01 (leva 3 da onda 3),delegacao,,,
D-2909-A-NAVEGACAO-LIGA-O-MOUSE,"Entrar na Navegação liga o mouse sempre, pelo chip e pelo PS + R3","Ao entrar na Navegação, o mouse liga sempre, ou obedece ao «Status do Modo» guardado no perfil?","liga sempre, pelas duas portas · a Navegação respeita o perfil, pelas duas portas","liga sempre, pelas duas portas","o PS + R3 perde o cursor nos perfis que dizem desligado, e quem entra pelo chip num perfil assim fica sem cursor sem nada na tela dizer por quê","não espera: delegação; a validação é dela, na interface, na sessão dos desenhos (a dica do interruptor muda junto)",docs/process/sprints/2026-09-29-O-MOUSE-SEGUE-A-NAVEGACAO-01.md; src/hefesto_dualsense4unix/interface/aba06.py (a dica do interruptor); src/hefesto_dualsense4unix/daemon/lifecycle.py (aplicar_o_arranjo_do_desktop e apply_profile_mouse); src/hefesto_dualsense4unix/profiles/manager.py (gravar_o_modo_no_perfil_ativo e secao_do_mouse_da_navegacao),,,desligar o «Status do Modo» deixa de valer na próxima entrada pela Jogar,29/09/2026,decidida,"DECIDIDA POR DELEGAÇÃO (29/09, ela dormindo; ordem dela das 03h55: «toma decisões por mim no formato das diretrizes»). A VALIDAR POR ELA. Entrar na Navegação (chip ou PS + R3) liga o mouse sempre; o «Status do Modo» segue valendo dentro da Navegação e na ativação de um perfil que diga Navegação. Porquê: as duas portas iguais (D-O-ESTILO-APONTA-PARA-O-MODO); o `false` no disco é estado vivo copiado, e não gesto dela; perfis nascem com tudo ligado (17/09). As letras dela que pesam contra ficam com ela na validação: «a vontade na GUI prevalece sempre» (09/08); «Ele ativa o modo configurado lá» (17/09, a POINT-AND-CLICK-01); a própria D-O-ESTILO-APONTA-PARA-O-MODO, que também se lê para o lado de respeitar o perfil; e a dica do interruptor aprovada em 31/08 («Vale para este perfil. Desligado, o controle é só gamepad…»), cuja frase nova vai à sessão dos desenhos. Na implementação (O-MOUSE-SEGUE-A-NAVEGACAO-01, sobre o escritor da O-MODO-SE-GRAVA-ONDE-ELE-MUDA-01): a entrada pelas duas portas grava `mode.kind: desktop` e o `mouse.enabled: true` que ficou de pé no perfil ativo, numa gravação só; o perfil sem a seção `mouse` ganha uma, com as velocidades vivas, e isso é opinião nova num perfil que não tinha; e a ativação de um perfil que não diz Navegação só aplica as velocidades do mouse, sem ligá-lo nem desligá-lo.",29/09/2026,a bancada de 29/09 (madrugada) e a O-MOUSE-SEGUE-A-NAVEGACAO-01 (parte 4 da onda 3),delegacao,,,
D-2909-A-NAVEGACAO-NAO-RELIGA-O-TECLADO,Entrar na Navegação não religa o teclado: ele segue a «Função do teclado»,Entrar pela Navegação religa também o teclado que o «Status do Modo» desligou?,não · a entrada escreve os dois como ligados,não,a entrada passaria por cima do «Desativado» da lista «Função do teclado»,não espera: delegação; a validação é dela,docs/process/sprints/2026-09-29-O-MOUSE-SEGUE-A-NAVEGACAO-01.md,,,,29/09/2026,decidida,"DECIDIDA POR DELEGAÇÃO (29/09, ela dormindo; ordem dela das 03h55: «toma decisões por mim no formato das diretrizes»). A VALIDAR POR ELA. O teclado segue a «Função do teclado»; entrar na Navegação não o religa. O «Desativado» dele é escolha legítima com dono próprio (quem não quer o R1 virando Alt+Tab), e a tela mostra os dois separados na mesma aba.",29/09/2026,a bancada de 29/09 (madrugada) e a O-MOUSE-SEGUE-A-NAVEGACAO-01 (parte 4 da onda 3),delegacao,,,
D-2909-A-COR-AUTOMATICA-VEM-DO-PLASTICO,"A cor automática de cada controle vem da cor do plástico, e cai no número quando dois se repetem",De onde vem a cor automática de cada controle?,"(a) do número · (b) do plástico, e do número quando dois plásticos se repetem ou o plástico não tem tom · (c) do número, e o plástico só para quem perde a do número",(b),"com a (a), o Cosmic Red passa ao azul do 1 e o White ao vermelho do 2, e a luz de cada um diz o número e não o plástico que ela vê na mão",não espera: delegação; a validação é dela,docs/process/sprints/2026-09-29-A-LUZ-DO-CONTROLE-NUNCA-SAI-PRETA-01.md; src/hefesto_dualsense4unix/core/led_control.py,,,"a luz deixa de dizer o número (as lâmpadas dizem); nos primeiros segundos depois de conectar, antes de o daemon saber o modelo, a luz é a do número e depois muda",29/09/2026,decidida,"DECIDIDA POR DELEGAÇÃO (29/09, ela dormindo; ordem dela das 03h55: «toma decisões por mim no formato das diretrizes»). A VALIDAR POR ELA. A (b): a cor automática de cada controle vem da cor do plástico; cai no número quando dois plásticos se repetem ou o plástico não tem tom (preto, cinzas), e a cor que ela escolheu para cada um continua valendo por cima. Porquê: o plástico já é a identidade do controle na tela inteira (D-A-BORDA-E-A-IDENTIDADE-DA-PECA, D-0909-A-COR-DE-OUTRO-CONTROLE-SE-RECUSA-COM-X), e o número já tem as lâmpadas. Fica a regra de hoje de quem perde a cor automática para a escolha de outro ir ao primeiro tom livre.",29/09/2026,a bancada de 29/09 (madrugada) e a A-LUZ-DO-CONTROLE-NUNCA-SAI-PRETA-01 (parte 4 da onda 3),delegacao,,,
D-2909-O-BRILHO-TEM-PISO,Todo passo do trilho de brilho acima de 0% acende uma cor que se vê,O que o trilho de brilho acende perto do zero?,"(a) um piso medido, com a escala inteira até ele · (b) um piso só embaixo · (c) fica como hoje",(a),"com a (c), 8% segue quase preto, o preto banido em 22/09",não espera: delegação; a validação é dela,docs/process/sprints/2026-09-29-A-LUZ-DO-CONTROLE-NUNCA-SAI-PRETA-01.md; src/hefesto_dualsense4unix/core/led_control.py,,,"toda luz abaixo de 100% muda um pouco, e as réguas que cravam o byte escalado mudam de propósito",29/09/2026,decidida,"DECIDIDA POR DELEGAÇÃO (29/09, ela dormindo; ordem dela das 03h55: «toma decisões por mim no formato das diretrizes»). A VALIDAR POR ELA. Todo passo do trilho acima de 0% acende uma cor que se vê, e cada passo ainda muda o tom; só o 0% («Desligar») apaga. Porquê: o preto tinha sido banido (a palavra dela na bancada de 29/09, 02h30), a D-0909-O-BRILHO-DA-BARRA-E-ILUSAO-DECLARADA pede que todo passo mude o tom que se vê, e a D-2509-O-DESLIGAR-E-O-BRILHO-EM-ZERO guarda o apagar para o 0%.",29/09/2026,a bancada de 29/09 (madrugada) e a A-LUZ-DO-CONTROLE-NUNCA-SAI-PRETA-01 (parte 4 da onda 3),delegacao,,,
D-2909-A-LINHA-DA-COR-DO-DONO,"A borda preta da cor escolhida sai, e fica a linha abaixo do quadradinho na cor do plástico do dono","Na fileira de cores, como a tela marca a cor escolhida de cada controle?","(a) a borda sai, e a linha fica sozinha · (b) a borda fica, na cor do plástico de verdade",(a),"na cor certa, a borda ainda some onde o plástico e a casa têm a mesma cor (o Starlight Blue no azul, o White no branco)",não espera: delegação; a validação é dela,docs/process/sprints/2026-09-29-A-PALETA-MARCA-A-COR-DE-CADA-CONTROLE-01.md; src/hefesto_dualsense4unix/interface/aba04.py; src/hefesto_dualsense4unix/interface/pacotes/a04_iluminacao.py (fileira_de_tons),,,,29/09/2026,decidida,"DECIDIDA POR DELEGAÇÃO (29/09, ela dormindo; ordem dela das 03h55: «toma decisões por mim no formato das diretrizes»). A VALIDAR POR ELA. A (a): a borda preta da cor escolhida sai; fica a linha abaixo do quadradinho, na cor do plástico do controle dono, e o X diz «não é sua». Uma marca por fato; é o pedido dela na bancada de 29/09 (~01h57, «talvez uma linha abaixo»). Revoga, da D-0909-A-COR-DE-OUTRO-CONTROLE-SE-RECUSA-COM-X, só a borda da cor escolhida; a recusa com o X fica. A outra metade daquela linha, o X na cor do plástico de quem tem o tom, ela mesma reviu no mesmo 09/09: o X é preto com borda branca (aba04.py, o comentário do X da cor do vizinho). Na implementação (A-PALETA-MARCA-A-COR-DE-CADA-CONTROLE-01): a linha sai nas quatro colunas, pelo piso de contraste do card; a casa dividida (o «Todos», o global num tom) tem partes iguais por dono, na ordem do número; sem o plástico conhecido, a linha é tracejada em `--comment`. Decidido na mesma sprint, sem revogar nada dela: a casa que vários dividem não é gesto e não tem cursor de clique, e a cor fora da guia (o global #2850B4) não ganha casa nem linha.",29/09/2026,a bancada de 29/09 (madrugada) e a A-PALETA-MARCA-A-COR-DE-CADA-CONTROLE-01 (parte 4 da onda 3),delegacao,D-0909-A-COR-DE-OUTRO-CONTROLE-SE-RECUSA-COM-X,tests/unit/test_a_paleta_marca_a_cor_de_cada_controle.py::test_a_casa_propria_nao_tem_mais_borda,
D-2909-O-CARTAO-ABERTO-DIZ-PN,"O cabeçalho do cartão aberto diz «Pn •», como os fechados",O cartão aberto volta a dizer o número do jogador no cabeçalho?,"(a) volta a dizer «Pn •» · (b) fica o pedido de 29/08, e o número segue nas lâmpadas e no chip",(a),"no «Todos», sem a (a), o número de cada cartão aberto é só o padrão das lâmpadas",não espera: delegação; a validação é dela,docs/process/sprints/2026-09-29-O-CARTAO-ABERTO-DIZ-O-NUMERO-DO-JOGADOR-01.md; src/hefesto_dualsense4unix/interface/pacotes/a02_controles.py,,,"com um cartão só aberto, a (a) repete no cabeçalho o que o chip aceso da fita diz logo acima",29/09/2026,decidida,"DECIDIDA POR DELEGAÇÃO (29/09, ela dormindo; ordem dela das 03h55: «toma decisões por mim no formato das diretrizes»). A VALIDAR POR ELA. A (a): o cabeçalho do cartão aberto diz «Pn •» como os fechados, a mesma frase nos dois estados do cartão. Revê a frase literal dela de 29/08, «Tirar o número do jogador do título do card» (monta.py), que ela valida na sessão dos desenhos.",29/09/2026,a bancada de 29/09 (madrugada) e a O-CARTAO-ABERTO-DIZ-O-NUMERO-DO-JOGADOR-01 (parte 4 da onda 3),delegacao,,,
D-2909-O-CHIADO-DO-ANALOGICO-VAI-AO-JOGO,"O analógico vai ao jogo com o byte do aparelho, chiado incluído, e a zona morta é do jogo",O chiado de 1 LSB do analógico parado morre no pad ou vai ao jogo?,o pad repete o byte · histerese no dispatch e no co-op · fuzz no absinfo do pad uinput · zona morta no analógico,o pad repete o byte,"a histerese de 1 LSB come também o movimento pequeno de verdade, o de quem tem pouca amplitude na mão, e quebra a fidelidade do pad ao físico; o fuzz só alcança as máscaras uinput; a zona morta é recurso novo, não cura de ruído",não espera: delegação; a validação é dela,src/hefesto_dualsense4unix/integrations/uinput_gamepad.py (UinputGamepad.forward_analog); tests/unit/test_o_chiado_do_analogico_chega_ao_jogo.py,,,"no modo Xbox, ~68 eventos por segundo nos quatro pads (uma escrita por eixo e o SYN); no modo DualSense com o movimento no ar, nenhum report a mais",29/09/2026,decidida,"DECIDIDA POR DELEGAÇÃO (29/09, ordem dela das 03h55: «toma decisões por mim no formato das diretrizes»). A VALIDAR POR ELA. O pad repete o byte do aparelho, e o Hefesto não põe filtro, histerese nem zona morta no analógico que vai ao jogo, em todo modo (uinput Xbox e Nintendo, uhid DualSense, Nativo pelo físico) e para os quatro jogadores. A zona é do jogo. Uma zona contra tremor no analógico seria recurso novo, só com a palavra dela e desenho próprio. O alarme da bancada era do instrumento, que passou a separar a tela do pad pela classe do udev. A régua é `tests/unit/test_o_chiado_do_analogico_chega_ao_jogo.py`.",29/09/2026,o achado 4 da bancada de 29/09 (01h34) e a A-ENTRADA-SOZINHA-SEPARA-A-TELA-DO-PAD-01 (parte 4 da onda 3),delegacao,,,
D-2909-A-FONTE-DO-SOM-ANDA-NO-RITMO-DO-CONTROLE,"A fonte do alto-falante pelo rádio anda no ritmo do controle: 45 000 Hz, e a ponte manda 93,75 reports por segundo",A que taxa a ponte do som pelo rádio lê o monitor do nó do controle?,a fonte a 45 000 Hz · a fonte a 48 000 Hz com o laço dormindo,a fonte a 45 000 Hz,"com a fonte a 48 kHz e o laço dormindo, sobram 12 000 B/s no cano, que enche em ~5,5 s e trava o gravador, e o tom continua 6,25% grave: são dois relógios","não espera: delegação; a validação é dela, na prova 1, com a orelha dela","src/hefesto_dualsense4unix/integrations/alto_falante_bt.py (TAXA_DA_FONTE_DO_SOM, TAXA_DA_FONTE_POR_PAPEL, taxa_da_fonte); tests/unit/test_a_ponte_do_som_anda_no_ritmo_do_controle.py",,,"o aparelho só se confere depois do install: a prova 0 refeita (1300 ± 13 Hz, sem buraco de 10 ms, 2,00 s ± 20 ms) e a prova 1 com a orelha dela",29/09/2026,decidida,"DECIDIDA POR DELEGAÇÃO (29/09, ordem dela das 03h55: «toma decisões por mim no formato das diretrizes»). A VALIDAR POR ELA. A fonte do alto-falante pelo rádio lê o monitor do nó a 45 000 Hz (480 ÷ 512/48000), com um dono só, `TAXA_DA_FONTE_DO_SOM`, e a ponte manda 93,75 reports por segundo, a cadência que o aparelho toca. Até aqui ela mandava 100 por segundo, e a prova 0 de 29/09 (06h52, feita por quem coordena, sem a orelha dela) mediu o consumo: um tom de 1300 Hz saiu em 1219,35, 1219,48 e 1219,39 Hz, com um buraco de ~170 ms a cada ~1,4 s. A háptica fica em 48 kHz, porque o bloco de 512 já anda a 93,75. A regra é uma só: taxa da fonte × 512/48000 = o que o report lê. O diário da ponte passa a dizer o que ela fez (`som_radio_ponte_saiu`), e não a constante.",29/09/2026,"a queixa da bancada de 29/09 (02h47: o som do alto-falante do controle no rádio corta a cada ~3 s), a prova 0 de 29/09 e a A-PONTE-DO-SOM-ANDA-NO-RITMO-DO-CONTROLE-01 (parte 4 da onda 3)",delegacao,,,
D-2909-O-BOTAO-SEM-GLIFO-NAO-REPROVA-A-PROVA,"No ensaio do aperto, o botão que a tela não desenha e a tela muda não reprovam a prova","No `quem_e_quem --apertar`, o aperto que a grade da aba Controles não tem como mostrar conta como FALHA?",sai como «nada medido» · conta como FALHA,sai como «nada medido»,"um L3 apertado por engano reprovaria a prova inteira, e ela diria defeito onde a grade só não desenha o botão",não espera: delegação; a validação é dela,"scripts/ensaios/quem_e_quem.py (o ensaio do aperto); src/hefesto_dualsense4unix/interface/pacotes/a02_controles.py (leitura_viva, quem diz se há glifo)",,,"o ensaio prova o canal (o físico, o pad e o cartão), não a pintura",29/09/2026,decidida,"DECIDIDA POR DELEGAÇÃO (29/09, ordem dela das 03h55: «toma decisões por mim no formato das diretrizes»). A VALIDAR POR ELA. No ensaio do aperto do `quem_e_quem --apertar`, o botão sem glifo na grade da aba Controles (L3, R3, o do microfone) e o aperto que só encontra a tela muda saem como «nada medido»: não contam como FALHA nem como medida. O rc da prova só reprova um aperto testemunhado que a grade devia mostrar. Quem diz se há glifo é o `a02_controles.leitura_viva`, perguntado com o nome; não há lista escrita no ensaio.",29/09/2026,"o achado 6 da bancada de 29/09 (o item B2.2 da demo, 01h50-01h58) e a A-PROVA-DO-BOTAO-TEM-TESTEMUNHA-01 (parte 4 da onda 3)",delegacao,,,
D-2909-A-SUITE-NUNCA-ALCANCA-O-LANCADOR,"Sob o pytest, nenhum lançador, abridor ou foco de janela chega à máquina de quem roda","A suíte pode abrir, fechar ou focar o lançador de verdade da máquina de quem roda?","nunca, sem escape · com um escape para a bancada","nunca, sem escape","nenhum ensaio de bancada precisa de lançador de verdade dentro do pytest, e o escape seria a porta por onde o próximo teste chega à Steam dela",não espera: delegação; a validação é dela,tests/conftest.py (o bloco LANCADOR-DE-MENTIRA); tests/unit/test_a_suite_nao_abre_nem_fecha_o_lancador_do_usuario.py,,,,29/09/2026,decidida,"DECIDIDA POR DELEGAÇÃO (29/09, ordem dela das 03h55: «toma decisões por mim no formato das diretrizes»). A VALIDAR POR ELA. Sob o pytest, nenhum lançador (a Steam nativa e a do flatpak, o Heroic, o Lutris), nenhum abridor genérico (xdg-open, gtk-launch, gio open e launch) e nenhum foco de janela (wmctrl) chega à máquina de quem roda. O ato vai ao livro da sessão e reprova o teste que o chamou, e a pergunta «está aberto?» responde «fechado» em qualquer máquina. Não há escape. O produto não muda: o «Reiniciar o serviço» continua repondo o lançador, por escolha dela de 21/09 («Faz automático mesmo»).",29/09/2026,o achado 8 da bancada de 29/09 (02h09: um teste chamou `steam -shutdown` e o fallback derrubou o steamwebhelper da Steam dela) e a A-SUITE-NAO-ABRE-NEM-FECHA-O-LANCADOR-DELA-01 (parte 4 da onda 3),delegacao,,,
D-2909-RUMBLE-VIRA-HAPTICA,O rumble de todo pad uinput toca como háptica fina no endpoint do lugar de quem o recebe,"No modo Xbox, o jogo que só manda rumble vibra pela háptica fina do DualSense?",o rumble vira háptica por áudio no endpoint do lugar · o rumble segue só pelos motores do HID,o rumble vira háptica,"o jogo XInput não abre fluxo nenhum no endpoint do lugar (medido nas sessões de 27 e 28/09), e sem a conversão o modo Xbox fica sem a háptica fina, contra a D-2709-NO-MODO-XBOX-TUDO-FUNCIONA","não espera: delegação; a validação é dela, com a mão dela, no cabo e no rádio, com os quatro","src/hefesto_dualsense4unix/integrations/endpoint_de_haptica.py (TocadorDoRumble, bloco_da_haptica); src/hefesto_dualsense4unix/daemon/subsystems/alto_falante.py (levar_o_rumble); src/hefesto_dualsense4unix/daemon/subsystems/gamepad.py (_levar_a_haptica_fina); tests/unit/test_no_modo_xbox_a_haptica_fina.py",,,"não medido com a mão dela: se a háptica por áudio ficar pior que o HID, esta decisão se reverte numa frase; no rádio, falta medir se o governador cede vaga à ponte em háptica",29/09/2026,decidida,"DECIDIDA POR DELEGAÇÃO (29/09, ordem dela das 03h55: «toma decisões por mim no formato das diretrizes»). A VALIDAR POR ELA. O rumble de todo pad uinput (o cartão no modo Xbox; o cartão Xbox ou Nintendo no modo DualSense) toca como háptica fina no endpoint do lugar de quem o recebe, P1 a P4, no cabo e no rádio. O pad uhid não converte, porque ali o jogo escolhe sozinho entre o rumble e a háptica. Sem botão novo. Cumpre a D-2709-NO-MODO-XBOX-TUDO-FUNCIONA, que é dela.",29/09/2026,NO-MODO-XBOX-TUDO-FUNCIONA-01 (leva 4 da parte 4 da onda 3),delegacao,,,
D-2909-HID-SO-SOLTA-COM-CAMINHO,"Os motores do HID só vão a zero com o caminho da háptica confirmado, e voltam quando ele cai","Quando o rumble vira háptica fina, o que acontece com os motores do HID?",,,"com o HID de pé junto, o bit do rumble (HAPTICS_SELECT) cala a háptica por áudio; com o HID solto sem o caminho confirmado, o jogo perde a vibração calado",não espera: delegação; a validação é dela,"src/hefesto_dualsense4unix/daemon/subsystems/alto_falante.py (_recebe_o_rumble, _conferir_o_rumble); src/hefesto_dualsense4unix/daemon/subsystems/gamepad.py (_levar_a_haptica_fina)",,,,29/09/2026,decidida,"DECIDIDA POR DELEGAÇÃO (29/09, ordem dela das 03h55: «toma decisões por mim no formato das diretrizes»). A VALIDAR POR ELA. Os motores do HID vão a (0, 0) só com o caminho da háptica confirmado: o laço do cabo com o portão aberto, ou a ponte do rádio em háptica naquele endpoint. Quando o caminho cai, a volta reaplica o rumble no HID. O pad que volta ao uhid com o caminho ainda de pé segue no HID. A razão de soltar é o bit do rumble (HAPTICS_SELECT), que cala a háptica por áudio.",29/09/2026,NO-MODO-XBOX-TUDO-FUNCIONA-01 (leva 4 da parte 4 da onda 3),delegacao,,,
D-2909-O-JOGO-GANHA-O-ENDPOINT,"Onde o jogo toca a háptica no endpoint do lugar, a háptica é dele, e o rumble convertido cala ali","Se o jogo abre fluxo no endpoint do lugar e também manda rumble, as duas vibrações somam?",a do jogo ganha · as duas somam,a do jogo ganha,somar dobraria a vibração do jogo que já sabe usar a háptica,não espera: delegação; a validação é dela,src/hefesto_dualsense4unix/daemon/subsystems/alto_falante.py (levar_o_rumble); src/hefesto_dualsense4unix/integrations/endpoint_de_haptica.py (fluxos_nos_lugares),,,,29/09/2026,decidida,"DECIDIDA POR DELEGAÇÃO (29/09, ordem dela das 03h55: «toma decisões por mim no formato das diretrizes»). A VALIDAR POR ELA. Onde o jogo abre fluxo no endpoint do lugar, a háptica é dele, e o rumble convertido cala naquele lugar: «ou», nunca soma.",29/09/2026,NO-MODO-XBOX-TUDO-FUNCIONA-01 (leva 4 da parte 4 da onda 3),delegacao,,,
D-2909-NO-RADIO-O-ALTO-FALANTE-GANHA,"Pelo rádio, com o alto-falante do controle tocando, o rumble segue pelo HID e a ponte fica no som","Pelo rádio, com o alto-falante tocando e o rumble chegando, quem fica com a ponte?",o som fica com a ponte · a háptica toma a ponte,o som fica com a ponte,som e vibração pelo rádio são exclusivos na mesma ponte: tomá-la para a háptica cortaria o som do jogo no controle,não espera: delegação; a validação é dela,src/hefesto_dualsense4unix/daemon/subsystems/alto_falante.py (_recebe_o_rumble),,,,29/09/2026,decidida,"DECIDIDA POR DELEGAÇÃO (29/09, ordem dela das 03h55: «toma decisões por mim no formato das diretrizes»). A VALIDAR POR ELA. Pelo rádio, com o alto-falante do controle tocando, o rumble segue pelo HID e a ponte fica no som. Som e vibração pelo rádio são exclusivos na mesma ponte, e nada ganha botão novo.",29/09/2026,NO-MODO-XBOX-TUDO-FUNCIONA-01 (leva 4 da parte 4 da onda 3),delegacao,,,
D-2909-FREQUENCIAS-DO-RUMBLE,"Na háptica fina, o motor forte do rumble toca a 60 Hz no canal traseiro esquerdo e o fraco a 160 Hz no traseiro direito",Em que frequência e em que canal cada motor do rumble toca na háptica fina?,,,,não espera: delegação; a validação é dela,"src/hefesto_dualsense4unix/integrations/endpoint_de_haptica.py (FREQUENCIA_DO_FORTE_HZ, FREQUENCIA_DO_FRACO_HZ, FOLGA_DO_TOCADOR_S, bloco_da_haptica)",,,não medido com a mão dela; reversível numa constante,29/09/2026,decidida,"DECIDIDA POR DELEGAÇÃO (29/09, ordem dela das 03h55: «toma decisões por mim no formato das diretrizes»). A VALIDAR POR ELA. O forte a 60 Hz no canal traseiro esquerdo e o fraco a 160 Hz no traseiro direito, com rampa, e a folga de 3 s do tocador. São constantes nomeadas em `endpoint_de_haptica.py` (`FREQUENCIA_DO_FORTE_HZ`, `FREQUENCIA_DO_FRACO_HZ`, `FOLGA_DO_TOCADOR_S`), reversíveis, e não foram medidas com a mão dela.",29/09/2026,NO-MODO-XBOX-TUDO-FUNCIONA-01 (leva 4 da parte 4 da onda 3),delegacao,,,
D-2909-NATIVO-LACO-ABERTO,"No Modo Nativo, o laço do cabo abre os motores de todo controle: o jogo é o dono dos motores","No Modo Nativo, o portão do laço do cabo fecha os motores dos controles secundários?",abre para todo controle · fecha como fora do Nativo,abre para todo controle,"fechado, os secundários no cabo deixam de vibrar pela placa no Nativo, como vibravam até 28/09",não espera: delegação; a validação é dela,src/hefesto_dualsense4unix/daemon/subsystems/rumble.py (modo_nativo_manda_nos_motores); src/hefesto_dualsense4unix/daemon/subsystems/alto_falante.py (o portão do laço do cabo); tests/unit/test_no_nativo_o_laco_do_cabo_fica_aberto.py,,,só o cabo: o rádio no Nativo fica para a NO-NATIVO-PELO-RADIO-O-JOGO-E-DONO-DOS-MOTORES-01,29/09/2026,decidida,"DECIDIDA POR DELEGAÇÃO (29/09, ordem dela das 03h55: «toma decisões por mim no formato das diretrizes»). A VALIDAR POR ELA. No Modo Nativo, o laço do cabo abre os motores de todo controle, pela pergunta `rumble.modo_nativo_manda_nos_motores`, o mesmo dono das três portas do rumble: o jogo é o dono dos motores. Vale só para o cabo; o rádio no Nativo fica para sprint própria.",29/09/2026,NO-MODO-XBOX-TUDO-FUNCIONA-01 (leva 4 da parte 4 da onda 3; a regressão do Nativo no cabo),delegacao,,,
D-2909-A-VOLTA-ESVAZIA-A-FILA,"A volta de cada controle lê todo report pendente do hidraw, e o botão do microfone se conta em cada um","Quando o Hefesto lê o controle, ele lê um report por volta ou esvazia a fila?","esvazia a fila, com teto · um report por volta","esvazia a fila, com teto","com um report por volta, o aperto do microfone esperava a fila inteira: 63 × 8,7 ms com um controle no cabo, 63 × 33 ms com quatro no rádio",não espera: delegação; a validação é dela,"src/hefesto_dualsense4unix/core/backend_pydualsense.py (_esvaziar_a_fila, LEITURAS_POR_VOLTA, _hid_set_nonblocking, _consumir_lote)",,,,29/09/2026,decidida,"DECIDIDA POR DELEGAÇÃO (29/09, ordem dela das 03h55: «toma decisões por mim no formato das diretrizes»). A VALIDAR POR ELA. A volta de cada handle lê todo report pendente do hidraw, com teto de 64 (`LEITURAS_POR_VOLTA`), e a leitura fica sem espera depois do `init()`. O botão do microfone e o `status[1]` se contam em cada report, na ordem em que chegaram, e a pydualsense recebe só o report de estado mais novo. O throttle da saída não muda. Vale para todo modo, os dois transportes e P1 a P4.",29/09/2026,O-BOTAO-DO-MIC-CHEGA-NA-HORA-01 (leva 4 da parte 4 da onda 3),delegacao,,,
D-2909-A-LUZ-ESPERA-O-ATO,"Na borda do botão do microfone, a luz daquele controle espera o ato tomar a posse do mudo, ou 1 s","No aperto do botão do microfone, a luz pinta pelo bit do firmware na hora ou espera o ato?","espera o ato, com teto de 1 s · pinta pelo bit na hora","espera o ato, com teto de 1 s","pintando na hora pelo bit, a luz pode desdizer o ato que ainda não escreveu",não espera: delegação; a validação é dela,"src/hefesto_dualsense4unix/daemon/subsystems/luz_do_mic.py (_segura_a_borda, SEGURA_A_BORDA_S, _mudo)",,,,29/09/2026,decidida,"DECIDIDA POR DELEGAÇÃO (29/09, ordem dela das 03h55: «toma decisões por mim no formato das diretrizes»). A VALIDAR POR ELA. Na borda do botão, a luz do microfone não escreve aquele controle até o ato tomar a posse do mudo, ou até 1 s (`SEGURA_A_BORDA_S`: o sossego do `mic_da_mesa` e dez vezes os ~0,1 s do ato medidos na bancada). Depois decide pela posse do Hefesto quando ela é uma ordem, e senão pelo bit do firmware. É a mesma leitura do `_a_posse_nao_desdiz`: o bit só se lê com a posse do kernel ou igual.",29/09/2026,O-BOTAO-DO-MIC-CHEGA-NA-HORA-01 (leva 4 da parte 4 da onda 3),delegacao,,,
D-2909-QUEM-SAI-DO-C-POR-ULTIMO-FECHA,"O handle de um controle fecha com quem sai do C por último, nunca por cima de uma chamada em curso","Quando o controle sai, quem fecha o `hid_device` que uma thread ainda pode estar usando?",,,"fechar por cima de um `read` ou de um `write` em curso usa, dentro do C, a memória que já foi liberada",não espera: delegação; a validação é dela,"src/hefesto_dualsense4unix/core/backend_pydualsense.py (_no_c, close, _fechar_os_handles_juntos)",,,,29/09/2026,decidida,"DECIDIDA POR DELEGAÇÃO (29/09, ordem dela das 03h55: «toma decisões por mim no formato das diretrizes»). A VALIDAR POR ELA. O `hid_device` de um controle fecha com quem sai do C por último, nunca por cima de uma chamada em curso: toda chamada ao C do handle entra e sai contada, e o `close()` espera com teto e, se alguém ainda está lá dentro, entrega o fechamento a ele. Muitos handles que saem juntos pagam um teto só. A `report_thread` é daemon e leva o nome do nó.",29/09/2026,"A-REPORT-THREAD-SAI-ANTES-DO-HANDLE-FECHAR-01 (com a O-BOTAO-DO-MIC-CHEGA-NA-HORA-01, leva 4 da parte 4 da onda 3)",delegacao,,,
D-2909-O-THROTTLE-ZERO-DORME-NA-VOLTA-VAZIA,"Com o throttle zero, a volta que não leu nenhum report dorme 1 ms","Com a leitura sem espera e o throttle zero, a volta vazia gira em falso?",,,,não espera: delegação; a validação é dela,src/hefesto_dualsense4unix/core/backend_pydualsense.py (ESPERA_DA_VOLTA_VAZIA_SEM_THROTTLE_SEC),,,,29/09/2026,decidida,"DECIDIDA POR DELEGAÇÃO (29/09, ordem dela das 03h55: «toma decisões por mim no formato das diretrizes»). A VALIDAR POR ELA. Com o throttle zero (o ambiente o permite), a volta que não leu nenhum report dorme 1 ms (`ESPERA_DA_VOLTA_VAZIA_SEM_THROTTLE_SEC`). Com a leitura sem espera, ela giraria em falso; é o ritmo do aparelho, que o throttle zero tinha com a leitura bloqueante. Vale para todo modo, os dois transportes e P1 a P4.",29/09/2026,a conferência da O-BOTAO-DO-MIC-CHEGA-NA-HORA-01 (leva 4 da parte 4 da onda 3),delegacao,,,
D-2909-A-BANDEJA-E-A-CLI-GRAVAM-O-MODO,"A bandeja e a linha de comando gravam o modo no perfil ativo, como a janela e o PS + R3","A bandeja e a linha de comando (`hefesto gamepad on`, `hefesto native on`) gravam o modo no perfil ativo?","gravam, pelo `origin: manual` que já mandam · só trocam o modo vivo",gravam,um modo com um escritor por porta é o defeito que a D-1309-O-MODO-E-A-BASE-E-A-MASCARA-VEM-POR-CIMA fechou entre o chip e o PS + R3; e a bandeja se declara «o interruptor da aba Jogar» sem gravar o que o interruptor grava,não espera: delegação; a validação é dela,src/hefesto_dualsense4unix/cli/cmd_tray.py; src/hefesto_dualsense4unix/cli/cmd_gamepad.py; src/hefesto_dualsense4unix/cli/cmd_native.py; src/hefesto_dualsense4unix/daemon/ipc_handlers.py (_porta_que_grava),,,,29/09/2026,decidida,"DECIDIDA POR DELEGAÇÃO (29/09, ordem dela das 03h55: «toma decisões por mim no formato das diretrizes»). A VALIDAR POR ELA. Sim: a bandeja e a linha de comando (`hefesto gamepad on`, `hefesto native on` e o interruptor da bandeja) gravam o modo no perfil ativo, como a janela e o PS + R3, pelo `origin: manual` que elas já mandam. A D-1309-O-MODO-E-A-BASE-E-A-MASCARA-VEM-POR-CIMA fala do chip e do PS + R3; estender às outras duas portas é escolha da sprint, com a razão da própria D-1309: um modo com um escritor por porta é o defeito que ela fechou. Ela pode desfazer.",29/09/2026,O-MODO-SE-GRAVA-ONDE-ELE-MUDA-01 (leva 4 da parte 4 da onda 3),delegacao,,,
D-2909-O-REPOUSO-ESPERA-O-EVENTO,O jogo da Steam aberto fora do lançador e fora do alcance do leitor de janela aparece na aba do jogo em até 60 s,"Em repouso, até quando o «não há jogo» da varredura de /proc vale na pergunta de exibição?","até o evento, com teto de 60 s · os 5 s de antes","até o evento, com teto de 60 s","com um teto menor, a varredura de ~480 `open` a cada 30 s são 16 `open` por segundo, quase a meta inteira do repouso",não espera: delegação; a validação é dela (a prova 4 mede o caso),src/hefesto_dualsense4unix/integrations/steam_launch_options.py (TETO_DO_NEGATIVO_DE_EXIBICAO_S); src/hefesto_dualsense4unix/profiles/autoswitch.py (_outra_janela_invalida_o_negativo),,,"o caso é estreito: o lançador entra em todo jogo, e o jogo do Proton é janela que o leitor vê ganhar foco; se ele acontecer na mesa dela, o teto desce",29/09/2026,decidida,"DECIDIDA POR DELEGAÇÃO (29/09, ordem dela das 03h55: «toma decisões por mim no formato das diretrizes»). A VALIDAR POR ELA. O jogo da Steam aberto sem o lançador do Hefesto e com a janela fora do alcance do leitor de janela aparece na aba do jogo em até 60 s (era até 6 s); com o lançador, ou com a janela ganhando foco, na hora. O mesmo atraso vale para a evidência E4 do sinal de jogo, a troca de perfil do jogo aberto fora do lançador com o leitor de janela cego. A pergunta que decide fechar a Steam segue na validade de 5 s: o negativo longo nunca decide um gesto destrutivo.",29/09/2026,"a sonda S.4 da bancada de 29/09 (03h56-03h57, os quatro no rádio parados) e a O-REPOUSO-ESPERA-O-EVENTO-01 (parte 4 da onda 3)",delegacao,,,
D-2909-O-ENDERECO-VAI-A-PONTE-PELO-STDIN,"Todo dado de aparelho vai à ponte privilegiada pelo stdin, e o registro do sudo fica sem endereço",Como o endereço do controle chega à ponte que roda como root sem ficar gravado no registro do sudo?,pelo stdin · `!log_allowed` no sudoers · o endereço mascarado no argv · o hciN no argv,pelo stdin,"`!log_allowed` apaga a trilha do root; o endereço mascarado não separa dois adaptadores da mesma marca, que dividem os octetos 1 a 4, e o parear não tem bond onde procurar; o hciN muda com o replug",não espera: delegação; a validação é dela,"scripts/bt_ponte_privilegiada.sh (_mac_do_stdin, _sem_dado_no_argv); install.sh (o /etc/sudoers.d/49-hefesto-bt-ponte); tests/unit/test_a_ponte_privilegiada_recusa_entrada_suja.py",,,"o sudoers deixa de conferir a forma do endereço; quem confere é o `_mac` da ponte, antes de qualquer efeito",29/09/2026,decidida,"DECIDIDA POR DELEGAÇÃO (29/09, ordem dela das 03h55: «toma decisões por mim no formato das diretrizes»). A VALIDAR POR ELA. Todo dado de aparelho vai à ponte privilegiada pelo stdin, uma linha por dado; o argv leva só o verbo (e, no descobrir, os segundos). O sudoers casa `<ponte> <verbo>` sem nenhum argumento livre, e o registro do sudo fica sem endereço. Recusadas: `!log_allowed`, o endereço mascarado no argv e o hciN no argv. NOTA DE 02/10/2026 (por delegação, a validar por ela; de engenharia, sem tela): a regra vale também para o doctor. O exame que lê o BlueZ como root manda ao sudo um texto fixo, e o endereço volta pela saída (scripts/doctor.sh); fonte: O-SUDO-NAO-GRAVA-O-ENDERECO-NO-DIARIO-01, o sexto chamador achado na conferência.",29/09/2026,O-SUDO-NAO-GRAVA-O-ENDERECO-NO-DIARIO-01 (parte 4 da onda 3),delegacao,,,
D-2909-OS-CHIPS-DO-TOQUE-E-DA-INCLINACAO-ALTERNAM-COMO-A-MIRA,Os chips «Inclinação» e «Cursor | Botões» da aba Controles alternam como a Mira,"Como o chip «Inclinação» de cada analógico e o «Cursor | Botões» do touchpad respondem ao clique, e o que fazem no Nativo e sem leitura do daemon?","alternam como a Mira (o apagado acende, o aceso apaga, o outro do grupo troca) · somam os dois analógicos · só acendem, sem apagar",alternam como a Mira,somar os dois analógicos pede um destino que o daemon não guarda (o acelerometro é um valor só); só acender deixa o «nenhum» sem gesto na tela,não espera: delegação; a validação é dela (a prova da E12b),"src/hefesto_dualsense4unix/interface/pacotes/a02_controles.py (os gestos inclinacao e toque, a pintura inclinacao-destino e toque-modo); src/hefesto_dualsense4unix/app/ipc_bridge.py (mira_set_detalhado); tests/unit/test_no_modo_xbox_os_chips_do_toque_na_02.py",,,"na Navegação o chip da inclinação acende e não move nada (quem decide é o daemon), e ele não tem a dica que a Mira tem",29/09/2026,decidida,"DECIDIDA POR DELEGAÇÃO (29/09, ordem dela das 03h55: «toma decisões por mim no formato das diretrizes»). A VALIDAR POR ELA. Na aba Controles, o chip «Inclinação» de cada analógico e o «Cursor | Botões» do touchpad alternam pelo que o daemon publica no bloco `mira`: o apagado acende, o aceso apaga (`nenhum`), e o outro do grupo troca. Gravam por controle (ControllerOverrides.movimento.acelerometro e .toque) pelo mira.set, P1 a P4, cabo e rádio. No Modo Nativo ficam cinza e o clique não grava, pela mesma regra da D-2409-NO-NATIVO-A-MIRA-FICA-CINZA. Sem leitura do daemon, o chip recusa em vez de chutar.",29/09/2026,"NO-MODO-XBOX-TUDO-FUNCIONA-01 (E12b, parte 4 da onda 3), sobre a resposta dela de 28/09 ~16h50 (os dois arranjos, por perfil de jogo)",delegacao,,,
D-2909-O-MODO-DA-PONTE-SEGUE-O-SINAL,"Pelo rádio, fica com a ponte quem tem sinal, e não quem tem fluxo aberto","Quando o alto-falante e a háptica do mesmo controle disputam o rádio, quem fica com a ponte?",quem tem sinal · quem tem fluxo aberto (antes) · o último a abrir,quem tem sinal,"pelo fluxo, o jogo que abre a háptica e fica mudo (O Canto da Forja) calava o alto-falante que tocava; o último a abrir troca a ponte a cada sala",não espera: delegação; a validação é dela,"src/hefesto_dualsense4unix/daemon/subsystems/alto_falante.py (_modo_pelo_sinal, _o_no_tem_sinal); src/hefesto_dualsense4unix/integrations/alto_falante_bt.py (OuvidoDosNos, fonte_que_ouve); tests/unit/test_a_haptica_por_audio_e_o_alto_falante_chegam_ao_radio.py",,,um gravador a mais por controle enquanto a ponte está no som com o endpoint aberto (não medido); um vaivém de 255 ms no começo do canto quando o endpoint abre depois,29/09/2026,caduca,"DECIDIDA POR DELEGAÇÃO (29/09, ordem dela das 03h55: «toma decisões por mim no formato das diretrizes»). A VALIDAR POR ELA. O portão é o de sempre (o endpoint aberto e o controle que joga, ou o rumble convertido dele). Com o alto-falante com sinal, ou com os dois com sinal, a ponte vai ao som (a D-2909-NO-RADIO-O-ALTO-FALANTE-GANHA estendida ao fluxo de háptica do jogo). Só a háptica com sinal: háptica. A háptica escutada e muda: a ponte do som fica no som. A háptica que ninguém escuta: háptica, como antes. Sem ninguém escutando o nó do som (a ponte ainda não subiu, ou espera vaga), vale o fluxo aberto; só o fluxo ESCUTADO e mudo solta a ponte para o rumble convertido. A ponte ociosa e a háptica sem fonte seguem no fluxo de propósito, porque a ponte é o ouvido do nó. Ressalva: o console manda o 0x36 (som e háptica juntos); «exclusivos» é limite do nosso arranjo, não do aparelho. · CADUCOU em 04/10/2026: não existe mais modo da ponte; o som e a háptica vão juntos no 0x36 (D-0410-A-PONTE-DO-RADIO-LEVA-UM-RELATORIO-SO).",29/09/2026,"A-HAPTICA-POR-AUDIO-E-O-ALTO-FALANTE-CHEGAM-AO-RADIO-01 (parte 4 da onda 3), sobre a Forja de 29/09 (O Canto e Os Caminhos mudos no rádio)",delegacao,,,
D-2909-A-JANELA-DO-SINAL-E-UM-SEGUNDO,O sinal vale por um segundo depois do último bloco com som,"Por quanto tempo um nó conta como «com sinal», e o que é um nó que ninguém lê?","1,0 s de histerese e 0,5 s para «não sei» · sem histerese · 3 s","1,0 s e 0,5 s","sem histerese, tiro e fala alternados trocam a ponte a cada bloco (255 ms cortados por troca, medido em 22/09); 3 s atrasa a vibração que chega depois da fala",não espera: delegação; a validação é dela,"src/hefesto_dualsense4unix/integrations/alto_falante_bt.py (JANELA_DO_SINAL_S, SURDO_S)",,,"os dois números são escolhidos, não medidos",29/09/2026,decidida,"DECIDIDA POR DELEGAÇÃO (29/09, ordem dela das 03h55: «toma decisões por mim no formato das diretrizes»). A VALIDAR POR ELA. O sinal sobe na hora e só cai depois de 1,0 s mudo; um nó sem leitura há 0,5 s é «não sei», nunca «mudo».",29/09/2026,"A-HAPTICA-POR-AUDIO-E-O-ALTO-FALANTE-CHEGAM-AO-RADIO-01 (parte 4 da onda 3), sobre a Forja de 29/09 (O Canto e Os Caminhos mudos no rádio)",delegacao,,,
D-2909-O-OUVIDO-DA-HAPTICA-NO-MODO-SOM,A ponte do som escuta a háptica do mesmo controle,"Com a ponte no alto-falante, como o Hefesto sabe que a háptica do jogo começou a ter sinal?",a ponte escuta o endpoint do lugar quando ele tem fluxo · um leitor de nível · só pelo fluxo,a ponte escuta o endpoint,o leitor de nível pede medir a reamostragem; só pelo fluxo é a regra velha que calava o canto,não espera: delegação; a validação é dela,"src/hefesto_dualsense4unix/daemon/subsystems/alto_falante.py (_modo_pelo_sinal, _o_no_tem_sinal); src/hefesto_dualsense4unix/integrations/alto_falante_bt.py (OuvidoDosNos, fonte_que_ouve); tests/unit/test_a_haptica_por_audio_e_o_alto_falante_chegam_ao_radio.py",,,até quatro pw-record a mais com um jogo segurando os quatro endpoints (CPU não medida),29/09/2026,caduca,"DECIDIDA POR DELEGAÇÃO (29/09, ordem dela das 03h55: «toma decisões por mim no formato das diretrizes»). A VALIDAR POR ELA. A ponte do som escuta o endpoint do lugar quando ele tem fluxo; a ponte que subiu sem esse ouvido sobe de novo com ele, só com o alto-falante mudo. · CADUCOU em 04/10/2026: não existe mais modo da ponte; o som e a háptica vão juntos no 0x36 (D-0410-A-PONTE-DO-RADIO-LEVA-UM-RELATORIO-SO).",29/09/2026,"A-HAPTICA-POR-AUDIO-E-O-ALTO-FALANTE-CHEGAM-AO-RADIO-01 (parte 4 da onda 3), sobre a Forja de 29/09 (O Canto e Os Caminhos mudos no rádio)",delegacao,,,
D-2909-O-LUGAR-NOS-TRES-NOS,Os três nós de som do controle N dizem que são do lugar N,"Como a Forja e qualquer programa sabem de que controle é cada nó de som, sem ler o rótulo?",a propriedade hefesto.lugar=N nos três nós · o número no rótulo (antes) · a identidade USB no nó do som,hefesto.lugar=N,"pelo rótulo, o programa casa texto (a cura errada da casa); a identidade USB no nó do som mexe no vestido de DualSense",não espera: delegação; a validação é dela,src/hefesto_dualsense4unix/integrations/dualsense_bt_audio.py (campo_do_lugar); src/hefesto_dualsense4unix/integrations/canal_do_microfone.py; tests/unit/test_a_haptica_por_audio_e_o_alto_falante_chegam_ao_radio.py,,,"num republicar que falha, o nó reerguido pode ter o rótulo velho com o lugar novo (caminho raro)",29/09/2026,decidida,"CADUCA EM 01/10/2026 — SUBSTITUÍDA pela D-2909-TODA-FEATURE-E-POR-APARELHO: o `hefesto.controle=<marca>` troca o `hefesto.lugar=N` nos três nós (alto-falante, microfone do rádio e háptica), porque a háptica é por aparelho (resposta [27] dela, 29/09). O texto de antes: DECIDIDA POR DELEGAÇÃO (29/09, ordem dela das 03h55: «toma decisões por mim no formato das diretrizes»). A VALIDAR POR ELA. O alto-falante, o microfone do rádio (pelo canal e pelo caminho de reserva) e a háptica do lugar N declaram hefesto.lugar=N, lido do dono do assento. A identidade USB no nó do som fica de fora.",29/09/2026,"A-HAPTICA-POR-AUDIO-E-O-ALTO-FALANTE-CHEGAM-AO-RADIO-01 (parte 4 da onda 3), sobre a Forja de 29/09 (O Canto e Os Caminhos mudos no rádio)",delegacao,,,
D-2909-O-JOGO-VE-O-BOTAO-DO-MIC,O botão do microfone chega ao jogo,"Com o pad virtual DualSense, o jogo recebe o aperto do botão do microfone?",recebe pelo report cru do físico · não recebe (antes) · só com o Hefesto sem o ato do mudo,recebe pelo report cru,sem ele o jogo nunca vê o botão (a Forja reprovava «Mudo do microfone»); tirar o ato do mudo do Hefesto quebra a regra de 19/09,não espera: delegação; a validação é dela,src/hefesto_dualsense4unix/core/physical_report_reader.py; src/hefesto_dualsense4unix/integrations/uhid_gamepad.py (forward_mic_button); tests/unit/test_o_botao_e_a_luz_do_microfone_no_jogo.py,,,o jogo e o Hefesto podem discordar de fase do mudo; ainda não se mediu que o SDL lê o MISC1 do Edge virtual,29/09/2026,decidida,"DECIDIDA POR DELEGAÇÃO (29/09, ordem dela das 03h55: «toma decisões por mim no formato das diretrizes»). A VALIDAR POR ELA. Com pad virtual DualSense (uhid), o aperto do botão do microfone chega ao jogo pelo bit 0x04 do buttons[2], vindo do report cru do físico de cada jogador, P1 a P4, cabo e rádio. O Hefesto continua fazendo o ato do mudo no mesmo aperto. Reversível tirando um observador.",29/09/2026,"O-BOTAO-E-A-LUZ-DO-MICROFONE-NO-JOGO-01 (parte 4 da onda 3), sobre a Forja de 29/09 (Mudo do microfone e LED do microfone falhando nos dois)",delegacao,,,
D-2909-A-LUZ-DO-MIC-NAO-OBEDECE-AO-JOGO,"Com pad virtual, a luz do microfone continua do Hefesto","Quando o jogo pede para acender a luz do microfone do pad virtual, o plástico obedece?",a luz segue do Hefesto e o pedido é contado e recusado · o jogo manda na luz · o pedido é calado,contado e recusado,o jogo mandando na luz desmente o mudo real (a regra de 19/09); calar o pedido esconde que ele existiu,não espera: delegação; a validação é dela,"src/hefesto_dualsense4unix/integrations/uhid_gamepad.py (a contagem da luz); src/hefesto_dualsense4unix/daemon/ipc_handlers.py (mic_led_do_jogo_recusado, mic_led_do_jogo_amostra no state_full); tests/unit/test_o_botao_e_a_luz_do_microfone_no_jogo.py",,,a linha «LED do microfone» da Forja segue reprovando por desenho,29/09/2026,caduca,"CADUCA EM 29/09/2026 — REVOGADA POR ELA no chat (~21h15, «Obedece ao jogo»), pelo princípio das ~21h20: «Garantir que o inpút do joogo chegue ao controle do jogador». Vale a D-2909-O-MICROFONE-OBEDECE-AO-JOGO. O texto de antes: DECIDIDA POR DELEGAÇÃO (29/09, ordem dela das 03h55: «toma decisões por mim no formato das diretrizes»). A VALIDAR POR ELA. Com pad virtual, a luz do microfone continua do Hefesto (luz_do_mic). O pedido do jogo (valid_flag1 com o bit 0x01 sem o 0x02, por bit e não por igualdade) é contado e recusado, nunca calado, e publicado no state_full por vpad. No Nativo, a luz é do jogo.",29/09/2026,"O-BOTAO-E-A-LUZ-DO-MICROFONE-NO-JOGO-01 (parte 4 da onda 3), sobre a Forja de 29/09 (Mudo do microfone e LED do microfone falhando nos dois)",delegacao,,,
D-2909-HAPTICA-TEM-DONO,"O ganho da háptica por áudio é por controle, com um dono só, no cabo e no rádio","Onde mora o ganho da háptica por áudio, e em que camada ele age no cabo e no rádio?","por controle, nos traseiros da placa (cabo) e no conversor da ponte (rádio) · no endpoint do lugar · um ganho só para a máquina","por controle, na placa e no conversor",no endpoint do lugar o ganho não alcança o jogo que escreve direto na placa (o Nativo e o Virtual que ela jogou); um ganho só para a máquina fere a regra de P1 a P4,"não espera: delegação; a validação é dela, com a mão dela, no cabo e no rádio","src/hefesto_dualsense4unix/daemon/ganho_da_haptica.py (GANHO, escrever_nas_placas, devolver_as_placas, placas_do_piso); src/hefesto_dualsense4unix/profiles/schema.py (ControllerRumbleOverride.haptica_pct, pct_da_haptica); src/hefesto_dualsense4unix/daemon/subsystems/alto_falante.py (_o_ganho_nas_placas); src/hefesto_dualsense4unix/integrations/alto_falante_bt.py (ganho_da_haptica); tests/unit/test_o_ganho_da_haptica_tem_dono.py",,,"se o daemon morrer sem o stop, ou se ela voltar a uma versão velha, os traseiros da placa ficam no último ganho (o piso de 100% só levanta); desfaz-se com `pactl set-sink-volume <placa> <frente> <frente> 1.0 1.0`",29/09/2026,decidida,"DECIDIDA POR DELEGAÇÃO (29/09, ordem dela das 03h55: «toma decisões por mim no formato das diretrizes»). A VALIDAR POR ELA. O ganho da háptica por áudio é POR CONTROLE (`ControllerRumbleOverride.haptica_pct`, 0 a 200), com um dono só (`daemon/ganho_da_haptica.GANHO`, em fator linear), P1 a P4. No cabo, o valor vai aos traseiros da placa daquele controle, em fator linear e nunca em %, porque o % do `pactl` é cúbico (150% escrito como % viraria 3,375×). No rádio, vai ao ganho do `ConversorDeHaptica` da ponte daquele controle, antes do int8. O endpoint do lugar fica em 100%, e o stop do daemon devolve os traseiros a 1,0. Onde o Hefesto não está no caminho (o Nativo pelo rádio sem a ponte), o state_full diz `haptica_alcanca` falso.",29/09/2026,"O-GANHO-DA-HAPTICA-TEM-DONO-01 (parte 4 da onda 3), sobre a fala dela depois da Forja com os quatro («no cabo ficou muito baixo a vibração específica»)",delegacao,,,
D-2909-HAPTICA-NASCE-EM-150,"A háptica por áudio nasce ligada, em 150%, com teto de 200%","Em que ganho a háptica por áudio de cada controle nasce, e até onde a barra vai?",150 · 100 · 200,150,em 100 nada muda do que ela sentiu fraco (do jogo à placa tudo já estava em 0 dB); em 200 só a grama não corta na Forja,não espera: ela decidiu; o passo 0 (o tremor pelo nível) não rodou,"src/hefesto_dualsense4unix/profiles/schema.py (HAPTICA_PCT_PADRAO, HAPTICA_PCT_MAX, pct_da_haptica); tests/unit/test_o_ganho_da_haptica_tem_dono.py",,,"sem o passo 0 o preço não está medido: todo controle, em todo jogo, passa a +3,5 dB sem ela mexer; na Forja o cascalho, o metal e o tropeço cortam a 150%, o pico do PRAGMATA não está medido, e o zumbido é possível",29/09/2026,decidida,"DECIDIDA POR ELA no chat (29/09, ~20h), entre 150, 100 e 200: «Nasce em 150%». A háptica por áudio nasce ligada (a palavra dela de 17/09, «os jogos e perfis tem que iniciar com todas as features ativadas por default» (noqa-acento: citação literal dela)) em 150% (+3,5 dB, `HAPTICA_PCT_PADRAO`), e a barra vai até 200% (+6 dB, `HAPTICA_PCT_MAX`): a textura mais fraca medida (0,45) vai a 0,9 sem cortar. O perfil sem a chave vale o padrão, sem migração. RESSALVA da conferência: o passo 0 da sprint (o tremor pelo nível) NÃO rodou, e as duas sprints diziam 100 sem ele; o preço não está medido, e o zumbido a 150% é possível. Se o passo 0 mostrar o atuador no fim do curso, a constante desce. NOTA DE 05/10/2026: REVOGADA EM PARTE pela D-0510-EM-PADRAO-A-HAPTICA-CHEGA-A-100 (por delegação, a validar por ela): desde o «Padrão» do desenho dela de 04/10, em Padrão a háptica chega a 100%, como o jogo mandou; os 150% de fábrica valem fora do Padrão (Economia, Máximo e o trilho personalizado).",29/09/2026,"O-GANHO-DA-HAPTICA-TEM-DONO-01 (parte 4 da onda 3), sobre a fala dela depois da Forja com os quatro («no cabo ficou muito baixo a vibração específica»)",ela,,,
D-2909-HAPTICA-PADRAO-APAGA-A-CHAVE,A háptica no padrão apaga a chave do perfil,"Quando o ganho da háptica volta ao padrão, o perfil guarda o 150 ou apaga a chave?",apaga a chave · guarda o número,apaga a chave,"guardando o número, sobra uma chave a mais para um Hefesto antigo recusar, e «escreveu 150» e «não escreveu» valem o mesmo no aparelho",não espera: delegação; a validação é dela,"src/hefesto_dualsense4unix/daemon/ipc_handlers.py (_handle_rumble_motores_set, haptica_pct_padrao no state_full); src/hefesto_dualsense4unix/profiles/schema.py (o model_serializer do ControllerRumbleOverride); src/hefesto_dualsense4unix/interface/pacotes/a05_vibracao.py (o gesto haptica)",,,,29/09/2026,decidida,"DECIDIDA POR DELEGAÇÃO (29/09, ordem dela das 03h55: «toma decisões por mim no formato das diretrizes»). A VALIDAR POR ELA. No `rumble.motores.set`, o `haptica_pct` igual ao padrão apaga a chave do perfil (a mesma regra dos 100 dos motores), e o perfil antigo sai do load → save igual. O ligar do interruptor devolve o `haptica_pct_padrao` do state_full.",29/09/2026,"O-GANHO-DA-HAPTICA-TEM-DONO-01 (parte 4 da onda 3), sobre a fala dela depois da Forja com os quatro («no cabo ficou muito baixo a vibração específica»)",delegacao,,,
D-2909-HAPTICA-LINHA-NA-VIBRACAO,"A linha «Háptica por áudio» fica na aba Vibração, entre Motor direito e Testar agora",Onde e como a tela deixa ajustar a háptica por áudio de cada controle?,"uma linha na aba Vibração com interruptor, trilho de 0 a 200 e número · uma terceira sigla nas barras dos motores · só o interruptor",uma linha própria na aba Vibração,a sigla nas barras dos motores herda o teto de 100 deles; só o interruptor não deixa subir o que ela sentiu fraco,não espera: delegação (o OK do desenho é delegado desde 24/09); a linha só chega ao produto com o `--publicar 05`,"src/hefesto_dualsense4unix/interface/aba05.py (_linha_da_haptica, TETO_DA_HAPTICA); src/hefesto_dualsense4unix/interface/pacotes/a05_vibracao.py (_haptica_do_controle, o gesto haptica); mockup/05-vibracao.html; tests/unit/test_a_linha_da_haptica_por_audio_na_vibracao.py",,,os 46 px da linha saem do desenho do controle (124 → 78 px),29/09/2026,decidida,"DECIDIDA POR DELEGAÇÃO (29/09, ordem dela das 03h55: «toma decisões por mim no formato das diretrizes»). A VALIDAR POR ELA. A linha «Háptica por áudio» fica na aba Vibração, entre «Motor direito» e «Testar agora», nos quatro lugares: interruptor, trilho de 0 a 200 com um risco em 100% e o número em %. Ela fica cinza e inerte onde o Hefesto não está no caminho (o Nativo pelo rádio sem a ponte). Os 46 px saem do desenho do controle (124 → 78 px). O gesto é próprio, `haptica`, porque o teto não é o dos motores.",29/09/2026,"A-LINHA-DA-HAPTICA-POR-AUDIO-NA-VIBRACAO-01 (parte 4 da onda 3, com a O-GANHO-DA-HAPTICA-TEM-DONO-01)",delegacao,,,
D-2909-HAPTICA-ZERO-NO-XBOX-VAI-AO-HID,"No modo Xbox, a háptica em 0 devolve o rumble aos motores do HID","No modo Xbox, desligar a háptica por áudio de um controle tira a vibração dele?",o rumble volta aos motores do HID · a vibração some junto,o rumble volta aos motores do HID,"com a vibração sumindo junto, desligar a háptica tira TODA a vibração do controle, contra a D-2709-NO-MODO-XBOX-TUDO-FUNCIONA","não espera: delegação; a validação é dela, nos dois transportes",src/hefesto_dualsense4unix/daemon/subsystems/alto_falante.py (_quer_a_haptica_fina); tests/unit/test_o_ganho_da_haptica_tem_dono.py (test_no_xbox_a_haptica_em_zero_devolve_o_rumble_ao_hid),,,,29/09/2026,decidida,"DECIDIDA POR DELEGAÇÃO (29/09, ordem dela das 03h55: «toma decisões por mim no formato das diretrizes»). A VALIDAR POR ELA. Com a háptica por áudio de um controle em 0, o rumble do pad Xbox (uinput) daquele controle fica com os motores do HID, no cabo e no rádio, P1 a P4: o `_quer_a_haptica_fina` pergunta ao dono do ganho. Desligar a háptica nunca tira a vibração inteira (cumpre a D-2709-NO-MODO-XBOX-TUDO-FUNCIONA, que é dela).",29/09/2026,a conferência da O-GANHO-DA-HAPTICA-TEM-DONO-01 (parte 4 da onda 3),delegacao,,,
D-2909-A-NUMERACAO-SE-CONFERE-NA-FATIA,"O vencimento do lugar guardado renumera em segundos, e não na volta de até 300 s","Quando o prazo de 30 s de quem saiu vence, em quanto tempo os outros controles, as lâmpadas e o pad virtual se renumeram?","na fatia seguinte da espera (≤ 2 s + 1,5 s) · na volta do laço (até 300 s, desde as 11h10 de 29/09) · o teto da volta de volta a 30 s",na fatia seguinte da espera,a volta de até 300 s deixou o roxo P4 por 5 min na fala das 18h10; o teto de 30 s desfaz a família 5 da O-REPOUSO-ESPERA-O-EVENTO-01 (o connect() em rajada),não espera: escolha dela no chat,"src/hefesto_dualsense4unix/daemon/connection.py (_wait_online_or_hotplug, a chamada a armar_gatilho_da_cor_por_numeracao na fatia); tests/unit/test_o_numero_do_jogador_se_reorganiza_na_hora.py",,,"a fatia lê a tabela em memória, sob o lock, a cada 2 s; nenhum arquivo e nenhum connect() a mais",29/09/2026,decidida,"DECIDIDA POR ELA no chat (29/09, ~19h35), entre curar hoje e deixar com a sprint: «Curar hoje». É a cura 1 da O-NUMERO-DO-JOGADOR-SE-REORGANIZA-NA-HORA-E-O-JOGO-VE-01, sobre a queixa das ~18h10 («ficou no player 4 durante muito muito tempo»): o vencimento do lugar guardado arma o gatilho da numeração na fatia seguinte da espera, e as lâmpadas e o pad seguem 1,5 s depois. A volta pelo evento não muda. A D-2409-O-ASSENTO-GUARDADO-NAO-ANDA segue valendo (dentro do prazo ninguém troca; depois, renumera): a queixa era a demora, não a renumeração. As curas 2 (o diário diz o número do jogador) e 3 (o número que o jogo escreveu) seguem abertas.",29/09/2026,"O-NUMERO-DO-JOGADOR-SE-REORGANIZA-NA-HORA-E-O-JOGO-VE-01 (a regressão da família 5 da O-REPOUSO-ESPERA-O-EVENTO-01, aafbf3c76)",ela,,,
D-2909-O-MICROFONE-OBEDECE-AO-JOGO,"Com pad virtual, a luz e o mudo do microfone obedecem ao jogo","Com pad virtual DualSense, a luz e o mudo do microfone que o jogo pede chegam ao controle daquele jogador?","obedece ao jogo, P1 a P4, cabo e rádio · a luz segue do Hefesto e o pedido é contado e recusado",obedece ao jogo,recusar o que o jogo manda quebra a tese do produto (o Hefesto é o caminho entre o jogo e o controle de cada jogador); a linha «LED do microfone» da Forja seguiria reprovando,"não espera: escolha dela no chat; os acréscimos da conferência e as escolhas da implementação são por delegação, a validar por ela","src/hefesto_dualsense4unix/integrations/uhid_gamepad.py (_o_jogo_pede_o_microfone, _entregar_o_microfone, _e_eco_do_driver, _soltar_a_luz_do_microfone); src/hefesto_dualsense4unix/daemon/subsystems/gamepad.py (apply_game_mic, ralos_do_mic); src/hefesto_dualsense4unix/daemon/subsystems/luz_do_mic.py (luz_do_mic_do_jogo, a_pessoa_mandou); src/hefesto_dualsense4unix/daemon/subsystems/hotkey.py (o_jogo_pede_o_mudo, mic_do_jogo_loop); src/hefesto_dualsense4unix/daemon/ipc_handlers.py; tests/unit/test_o_microfone_obedece_ao_jogo.py",,,"uma janela de eco do driver (ECO_DO_DRIVER_S = 1,0 s, teto não medido) por aperto; nenhum arquivo e nenhuma escrita em disco a mais",29/09/2026,decidida,"DECIDIDA POR ELA no chat (29/09, ~21h15, «Obedece ao jogo»), com o princípio das ~21h20: «qual a ideia do hefesto tá? Garantir que o inpút do joogo chegue ao controle do jogador. (…) aí o controle obedece». Revoga a D-2909-A-LUZ-DO-MIC-NAO-OBEDECE-AO-JOGO (a luz contada e recusada, por delegação, da mesma tarde). Com pad virtual DualSense, P1 a P4, cabo e rádio: 1. a luz obedece, literal (common[8] de 0 a 3, na língua da Sony); 2. o mudo obedece (0x10 do common[9]): calar diz «não» à palavra do rádio, abrir não diz «sim», só esquece um «não» de pé; 3. aplicam os donos de sempre: luz_do_mic para a luz, hotkey para o mudo; 4. vale o último que mandou, pelo instante do APERTO: o jogo que responde ao aperto ganha aquele aperto, o que só reafirma não desfaz o aperto dela, e o 🎙 da tela é ordem dela; 5. quando o jogo solta o pad virtual, a luz volta à língua dela e o mudo fica onde está; o pedido de luz fica de pé quando o controle cai e volta pelo rádio, e só o derrubam o fim da sessão do pad (UHID_CLOSE, STOP ou a morte do pad), o aperto dela e o microfone da tela; 6. o pedido do jogo não vai ao disco, não elege a fonte e não deixa recado; 7. o eco do driver não é pedido; 8. sob autoridade «daemon» (cliente Steam sem jogo) o pedido é contado e retido, sob «game» e «unknown» aplica; o pedido sem endereço de controle (jogador sem MAC, ou o primário que sumiu) é descartado com log, nunca vai a outro controle e não conta como retido. POR DELEGAÇÃO, A VALIDAR POR ELA: o fim do pedido no item 5 e o descarte do item 8 (escolhas da conferência), ECO_DO_DRIVER_S = 1,0 s, o pedido velho que não se aplica e o retido que tenta de novo com um aviso por episódio. Refina a D-O-BOTAO-DO-MIC-MANDA-NA-LUZ (26/08) e a escolha de 19/09. No Nativo e no Xbox nada muda. Para reverter: tirar os dois ralos. Fica aberto: com mic_button_toggles_system desligado no boot, o laço do mudo não sobe (lifecycle.py); o padrão é ligado.",29/09/2026,"A-LUZ-E-O-MUDO-DO-MICROFONE-OBEDECEM-AO-JOGO-01 (parte 4 da onda 3, leva mic-2909), sobre a Forja de 29/09 (Mudo do microfone e LED do microfone falhando nos dois)",ela,D-2909-A-LUZ-DO-MIC-NAO-OBEDECE-AO-JOGO,,
D-3009-O-CLIQUE-DO-FREESTYLE-SUSPENSO,O botão «Modo Freestyle» fica no produto e o clique não muda nada até a cura do Freestyle,"Com o Freestyle suspeito do caos nas partidas, o botão sai, ou fica sem efeito até a leva dele fechar?","fica, com o clique sem efeito por uma flag · sai da tela","fica, com o clique sem efeito por uma flag",tirar o botão apaga o que ela configurou e obriga a redesenhar a aba Jogar para devolvê-lo,não espera: escolha dela no chat,"src/hefesto_dualsense4unix/utils/session.py (freestyle_suspenso); src/hefesto_dualsense4unix/profiles/manager.py (o_freestyle_manda, ligar_o_freestyle); tests/unit/test_o_freestyle_suspenso_o_clique_nao_muda_nada.py",,,um arquivo de flag na configuração (freestyle_suspenso.flag); apagá-lo devolve o clique,30/09/2026,decidida,"CADUCA EM 01/10/2026 — a suspensão saiu do código, como ela pediu («temos que religar o botão quando arrumarmos o fresstyle», 01/10 ~00h (noqa-acento: citação literal dela, como ela escreve)): commit b687be974 (voo/freestyle, O-HEFESTO-ABRE-NO-ULTIMO-PERFIL-E-O-FREESTYLE-DIZ-A-VERDADE-01), que tirou `session.freestyle_suspenso`, os três `if` em `manager.py`, `ipc_handlers.py` e `load_freestyle_ligado`, a linha da `CLASSIFICACAO` e o teste citado em `onde_mora`, que não existem mais. O `freestyle_suspenso.flag` se apaga no fecho da leva, e o botão volta a valer. O texto de antes: QUEM DECIDIU: ELA no chat, 30/09 (~19h07): «tipo deixa tudo lá. só tenta colocar uma flag pra mesmo o botão sendo clicaedo não vai impactar em nada. sinto que é o freestyle a origem de todo o caos» (noqa-acento: citação literal dela, como ela escreve). Em 01/10, ~00h: «temos que religar o botão quando arrumarmos o fresstyle» (noqa-acento: citação literal dela, como ela escreve): o fecho da O-HEFESTO-ABRE-NO-ULTIMO-PERFIL-E-O-FREESTYLE-DIZ-A-VERDADE-01 apaga a flag e tira a suspensão do código.",30/09/2026,"a sessão de 30/09 à noite (commit 6e87495e1), antes da bancada de gameplay",ela,,,
D-0110-O-XALIA-FICA-FORA-DE-TODO-JOGO,"O xalia do Proton fica fora de todo jogo, como correção automática","O xalia, que o Proton liga em todo jogo e que leva o jitter de quadros, sai sempre, ou só onde ela pedir?","sai sempre, pelo lançador · um botão liga e desliga","sai sempre, pelo lançador","medido em 01/10 no Pro Jank Footy, 200 s parado: 135 quadros acima de 20 ms com ele, 28 sem","não espera: escolha dela no chat; a forma (o lançador, sem clique) é por delegação, a validar por ela","assets/hefesto-launch.sh (xalia_fora); tests/unit/test_as_correcoes_desligam_o_xalia_e_o_fossilize.py; src/hefesto_dualsense4unix/integrations/cura_por_estrada.py (CORRECOES_DA_CARONA, ambiente_da_carona)",,,nenhum arquivo; o jogo que precisava do xalia para ser navegado pelo controle perde essa camada (a Navegação do Hefesto é a dela),01/10/2026,decidida,"QUEM DECIDIU: ELA no chat, 01/10 (~01h55): «Fossilize e xalia entram no botão de aplicar correções automáticas de qualquer forma.» E antes: «independente dos controles os resultados disso precisam virar sprints pra que possamos desativar sempre isso» (noqa-acento: citação literal dela, como ela escreve). Por DELEGAÇÃO (o mandato de 24/09, 04h30): o lançador entrega PROTON_USE_XALIA=0 a todo jogo, sem clique; a Launch Option dela manda; o jogo da lista de exclusão não recebe nada. O «fossilize» dela era a fila de fundo da Steam, que vai na D-0110-O-FIXAR-PROTON-LEVA-AS-SOBRAS-A-LIXEIRA. NOTA DE 02/10/2026 (por delegação, a validar por ela): a frase «o jogo da lista de exclusão não recebe nada» ganha a exceção do Lutris Flatpak. Na Steam e no Heroic o excluído volta ao padrão do Proton; no Lutris Flatpak o excluído que abre pelo Proton recebe PROTON_USE_XALIA=1 e XALIA_SUPPORTED_ONLY=1 (o padrão do script), e o que abre pelo Wine sem Proton fica com o 0 da caixa (D-0210-O-EXCLUIDO-DO-LUTRIS-VOLTA-AO-XALIA-DO-PROTON, que revoga a D-0210-XALIA-EXCLUIDO-DO-LUTRIS). O valor que é dela manda fora da Steam (D-0210-XALIA-DELA-MANDA-FORA-DA-STEAM). Nos lançadores fora da Steam o xalia sai pela carona, e a correção só sai quando há ponte (default.env).",01/10/2026,"AS-CORRECOES-AUTOMATICAS-DESLIGAM-O-XALIA-E-O-FOSSILIZE-01, da bancada do engasgo de 01/10",ela,,,
D-0110-O-FIXAR-PROTON-LEVA-AS-SOBRAS-A-LIXEIRA,O «Fixar Proton» e o «Reaplicar correções» levam à lixeira as versões do Proton que nenhum jogo usa,"As versões do Proton que nenhum jogo usa, e que a Steam roda a cada abertura, saem pelo botão do Proton?","saem, para a lixeira · saem, apagadas · ficam","saem, para a lixeira","medido em 01/10: a Steam roda o d3ddriverquery64.exe duas vezes por versão, dez rodadas em ~2,5 min com cinco GE-Proton, e o jogo aberto teve trancos de até 2,7 s nessa janela; apagar sem volta perde ~1,5 GB por clique","não espera: escolha dela no chat; o que conta como «usada», a lixeira e o segundo botão são por delegação, a validar por ela","src/hefesto_dualsense4unix/integrations/proton_pin.py (versoes_que_sobram, desinstalar_as_que_sobram); src/hefesto_dualsense4unix/interface/pacotes/a09_sistema.py (fixar_proton, refazer_consertos); tests/unit/test_o_fixar_proton_desinstala_as_que_sobram.py",,,"nenhum arquivo; a pasta vai à lixeira do usuário pelo gio, e sem gio o botão recusa",01/10/2026,decidida,"QUEM DECIDIU: ELA no chat, 01/10 (~02h20): «Nosso botao de fixar o proton deveria desinstalar as outras versoes nao usadas» (noqa-acento: citação literal dela, como ela escreve). Por DELEGAÇÃO (o mandato de 24/09, 04h30): «usada» é o pino e todo nome do CompatToolMapping, inclusive a chave global e o jogo desinstalado; só a família Proton em compatibilitytools.d; a lixeira, e nunca o apagar; o «Reaplicar correções automáticas» chama o mesmo dono, mostrando no primeiro clique e levando no segundo só o que mostrou (é ali que o «fossilize» dela entra no botão).",01/10/2026,"O-FIXAR-PROTON-DESINSTALA-AS-VERSOES-QUE-SOBRAM-01, da bancada do engasgo de 01/10",ela,,,
D-0110-A-PLACA-ACORDADA-PELO-SUDO-DO-INSTALL,"O jogo acorda a placa de vídeo por um script de root com regra do sudo estreita, gravada no install","Quem trava o piso de clock da placa enquanto o jogo vive, se isso pede root nas três marcas?",um script de root com regra do sudo nomeando os verbos · o broker do hidraw ganha o verbo · polkit · não travar,um script de root com regra do sudo nomeando os verbos,"o broker é do hidraw e ganharia escopo de root novo; polkit pede senha na sessão; sem travar, 116 quadros acima de 20 ms contra 24 (medido em 01/10)","não espera: por delegação, a validar por ela; a sprint ainda depende do ABBA, que a confirma ou faz caducar",scripts/hefesto_placa_acordada.sh; scripts/lib/camada_de_maquina.sh (install_placa_acordada_host); assets/hefesto-launch.sh (acordar_a_placa); tests/unit/test_o_jogo_leve_acorda_a_placa.py,,,um script em /usr/local/lib/hefesto-dualsense4unix e /etc/sudoers.d/49-hefesto-placa; consumo de energia da placa um pouco maior enquanto o jogo vive,01/10/2026,decidida,"Por DELEGAÇÃO (o mandato de 24/09, 04h30, «Não precisa.vc toma a decisão por mim»; a pergunta dela, 01/10: «Mas e o lance do clock minimo? Nao merece sprint?» (noqa-acento: citação literal dela, como ela escreve)): a mesma forma da ponte do Bluetooth, o texto da regra saindo do próprio script, o visudo antes de gravar e o sudo -l depois; três verbos, nenhum curinga e o PID pelo stdin; só o piso sobe (2/3 do máximo na NVIDIA e na Intel; high na AMD, que não tem piso sem tabela manual); a placa volta quando o último jogo vivo sai.",01/10/2026,"O-JOGO-LEVE-ACORDA-A-PLACA-01, da bancada do engasgo de 01/10",delegacao,,,
D-0110-A-EXCLUSAO-FORA-DA-STEAM,"O jogo do Heroic excluído ganha uma lista própria sem as nossas variáveis, e a caixa de emulador excluída fica sem o ambiente","Como a exclusão por jogo vale fora da Steam, onde a configuração do Heroic é global?","lista própria no jogo, sem as nossas variáveis · tirar o jogo da lista global","lista própria no jogo, sem as nossas variáveis","a lista própria substitui a global no Heroic, e o jogo excluído deixa de ver o que ela pôs na global",não espera: delegação; a validação é dela,src/hefesto_dualsense4unix/integrations/lista_de_exclusao.py; src/hefesto_dualsense4unix/integrations/cura_por_estrada.py,,,uma cópia por jogo a mais no Heroic,01/10/2026,decidida,"DECIDIDA POR DELEGAÇÃO (01/10/2026), A VALIDAR POR ELA. O jogo do Heroic excluído ganha uma lista própria no jogo, sem as nossas variáveis, em vez de sair da global: a global vale para todos os outros jogos, e a exclusão é por jogo. A caixa de emulador excluída fica sem o ambiente, e o KS pula os prefixos excluídos. O «tirar» devolve byte a byte quando ela não mexeu; quando mexeu, devolve só os pares tirados cuja chave está ausente: a escolha dela vence a nossa.",01/10/2026,o tema lançadores 1 da leva de 01/10 (a exclusão e a carona fora da Steam),delegacao,,,
D-0110-A-CARONA-ESCREVE-NA-COPIA-DO-JOGO,A carona leva o ambiente do Hefesto à cópia de cada jogo do Heroic,Quem tem cópia própria da configuração do jogo no Heroic recebe o ambiente do Hefesto?,a carona escreve na cópia de cada jogo · só na global,a carona escreve na cópia de cada jogo,"só na global, o jogo com cópia própria ficaria sem o ambiente: a dívida aberta das cópias",não espera: delegação; a validação é dela,src/hefesto_dualsense4unix/integrations/cura_por_estrada.py,,,,01/10/2026,decidida,"DECIDIDA POR DELEGAÇÃO (01/10/2026), A VALIDAR POR ELA. A carona leva o ambiente à cópia de cada jogo do Heroic, o que fecha a «dívida aberta» das cópias. Ela nunca escreve nas cópias as variáveis que podem ser dela (PODEM_SER_DELA).",01/10/2026,o tema lançadores 1 da leva de 01/10 (a exclusão e a carona fora da Steam),delegacao,,,
D-0110-AS-SOLUCOES-EM-TODO-LANCADOR,"O «Aplicar soluções nos lançadores» vale para todo lançador, e não só para a Steam",O botão aplica em que lançadores?,"todo lançador · só a Steam, por ora",todo lançador,"só na Steam, o jogo do Heroic, do Lutris e dos emuladores ficava sem as soluções que o botão promete",não espera: delegação; a validação é dela,src/hefesto_dualsense4unix/interface/pacotes/a09_sistema.py; src/hefesto_dualsense4unix/integrations/cura_por_estrada.py,,,,01/10/2026,decidida,"DECIDIDA POR DELEGAÇÃO (01/10/2026), A VALIDAR POR ELA. O «Aplicar soluções nos lançadores» vale para todo lançador (Steam, Heroic, Lutris e emuladores), despachada depois da frase dela de 01/10. Revê o «por ora» da D-2509-AS-SOLUCOES-SO-NA-STEAM-POR-ORA, que era a escolha dela de 25/09 («só mapeia não quero isso agora»): quem coordena a revê por delegação, e por isso vai a ela para validar.",01/10/2026,o tema lançadores 1 da leva de 01/10 (a exclusão e a carona fora da Steam),delegacao,D-2509-AS-SOLUCOES-SO-NA-STEAM-POR-ORA,,
D-0110-O-CARTAO-DIZ-ONDE-O-AMBIENTE-FALTA,"O cartão do lançador avisa onde o ambiente do Hefesto falta, na forma do aviso da Steam",Como o cartão diz que um jogo ficou sem o ambiente do Hefesto?,"uma linha com o selo COM IMPEDIMENTO, como o «N jogos sem o atalho» da Steam · um botão novo","uma linha com o selo, sem botão novo",um botão novo pede desenho e mais uma decisão sobre um aviso que já tem forma na casa,não espera: delegação; a validação é dela,src/hefesto_dualsense4unix/interface/desenho_dos_lancadores.py,,,,01/10/2026,decidida,"DECIDIDA POR DELEGAÇÃO (01/10/2026), A VALIDAR POR ELA. O cartão avisa onde o ambiente falta na mesma forma do «N jogos sem o atalho» da Steam (selo COM IMPEDIMENTO), sem botão novo e sem vermelho. A linha é pintada ao vivo pelo desenho_dos_lancadores, então chega à tela sem passar pelo mockup; o texto «1 jogo sem o ambiente do Hefesto» usa a palavra «ambiente» da frase SEM_AMBIENTE, que a tela já usa.",01/10/2026,o tema lançadores 1 da leva de 01/10 (a exclusão e a carona fora da Steam),delegacao,,,
D-0110-A-STEAM-DESTE-LAR,"O fecho e os sinais valem só para a Steam do lar de quem pede, por PID conferido","O Hefesto fecha, foca ou sinaliza uma Steam que roda noutro HOME?",só a Steam do uid e do HOME de quem pede · qualquer Steam do usuário,só a Steam do uid e do HOME de quem pede,tocar a Steam de outro lar derruba o que não é nosso; abrir outra instância com a deste lar de pé duplica a janela,não espera: delegação; a validação é dela,src/hefesto_dualsense4unix/integrations/steam_launch_options.py,,,,01/10/2026,decidida,"DECIDIDA POR DELEGAÇÃO (01/10/2026), A VALIDAR POR ELA. O fecho e os sinais valem só para a Steam do uid e do HOME de quem pede, por PID conferido. O repasse do `steam` a uma Steam deste lar fica (é o PS da bandeja: o `steam` repassa à instância viva e sai, sem abrir outra); a Steam de outro HOME nunca se abre, foca nem mata. É a decisão B, que muda a régua 3 da S3.",01/10/2026,o tema lançadores 1 da leva de 01/10 (a exclusão e a carona fora da Steam),delegacao,,,
D-0110-O-LAR-QUE-NAO-SE-LE,"Quando o lar de um processo da família do Chromium não se lê, a Steam conta como de pé e o processo nunca leva sinal",O que o Hefesto faz com um processo da Steam cujo HOME ele não consegue ler?,"conta como de pé, sem sinal nem edição de vdf · conta como fechada","conta como de pé, sem sinal nem edição de vdf",«não sei» tratado como «fechada» editaria o vdf com a Steam aberta,não espera: delegação; a validação é dela,src/hefesto_dualsense4unix/integrations/steam_launch_options.py,,,,01/10/2026,decidida,"DECIDIDA POR DELEGAÇÃO (01/10/2026), A VALIDAR POR ELA. O processo da família do Chromium não diz o HOME (medido): o lar vem do cliente do -steampid ou da pasta do binário. Quando não se lê, a Steam conta como de pé («não sei» não é «fechada») e não se edita vdf; esse processo nunca leva sinal, e o PS não o trata como «de outro lar». Na foto do «Reiniciar o serviço» de outro lançador, um processo do mesmo usuário com lar ilegível continua contado, como antes (por exemplo o Heroic nativo em /opt): é o que custa menos a quem joga.",01/10/2026,o tema lançadores 1 da leva de 01/10 (a exclusão e a carona fora da Steam),delegacao,,,
D-0210-O-ABRIR-DO-CARTAO-MOSTRA-A-STEAM,O «Abrir o lançador» do cartão da Steam mostra a Steam deste lar quando ela já está de pé na bandeja,"O botão do cartão, com a Steam deste lar de pé e na bandeja, abre outra, fica calado ou mostra a viva?","repassa à Steam viva, que se mostra · fica calado · abre uma segunda","repassa à Steam viva, que se mostra","calado, o botão responde nada: o defeito «diz feito sem mudar nada»",não espera: delegação; a validação é dela,"src/hefesto_dualsense4unix/integrations/steam_launch_options.py (reopen_steam, open_or_focus_steam)",,,,02/10/2026,decidida,"DECIDIDA POR DELEGAÇÃO (02/10/2026), A VALIDAR POR ELA. O «Abrir o lançador» do cartão da Steam, na aba Lançadores, com a Steam deste lar de pé e na bandeja, repassa o pedido à Steam viva, que se mostra, e não abre uma segunda: o botão nunca responde calado. É a mesma decisão do PS da bandeja (D-0110-A-STEAM-DESTE-LAR). Fica de fora do reopen_steam a guarda de «Steam de outro lar», porque ela leria o /proc real e furaria o dublê do pgrep; a guarda mora no `open_or_focus_steam`, por onde o «Reiniciar o serviço» reabre.",02/10/2026,o tema lançadores 1 da leva de 01/10 (a exclusão e a carona fora da Steam),delegacao,,,
D-0210-A-LISTA-TEM-UM-ESCRITOR-POR-VEZ,"A lista de exclusão, o registro das estradas e os arquivos dos lançadores têm um escritor por vez","Quando a janela, o serviço e o desfazer do uninstall escrevem a lista ao mesmo tempo, quem espera e por quanto?","uma tranca (flock) ao lado da lista, com prazo por quem chama · sem tranca, como antes","uma tranca ao lado da lista, com prazo por quem chama","em disputa, um clique da janela pode esperar até 5 s",não espera: delegação; a validação é dela,src/hefesto_dualsense4unix/integrations/lista_de_exclusao.py; src/hefesto_dualsense4unix/integrations/cura_por_estrada.py,,,o «Aplicar» da aba 09 herdar o prazo de 1 s do serviço é contestado: a mudança é da posse do tema «gestos»,02/10/2026,decidida,"DECIDIDA POR DELEGAÇÃO (02/10/2026), A VALIDAR POR ELA. A lista de exclusão, o registro das estradas e os arquivos dos lançadores têm um escritor por vez: um flock do cura_por_estrada ao lado da lista (`.lista_de_exclusao.trava`), reentrante por fio. Quem espera fica na fila do núcleo, num fio próprio e com prazo, e não pergunta de tempos em tempos (medido: a sondagem perdia para quem retoma a trava). Prazos: a janela espera até 5 s e volta «erro» sem escrever; o serviço espera 1 s e pula a transição dizendo `carona_esperou_a_janela`; o desfazer do uninstall espera como a janela. O «Aplicar» da aba 09 chama a carona sem argumento e herda o prazo de 1 s do serviço (a carona leva cerca de 70 ms). O arquivo da trava nunca sai (apagar arquivo de flock com alguém esperando daria duas trancas), é minúsculo e o --purge-config o leva; sem a pasta de configuração, o desfazer segue sem trava. Onde não há fcntl, ou o arquivo não abre, a escrita segue sem trava, como antes.",02/10/2026,o tema lançadores 3 da leva de 01/10 (a lista de exclusão e o prefixo dividido),delegacao,,,
D-0210-O-PREFIXO-DIVIDIDO-CONTA-SO-QUEM-ESTA-INSTALADO,"No prefixo do Heroic dividido, mora quem o censo não diz desinstalado",Quem conta como morador do prefixo que dois jogos do Heroic dividem?,"quem o censo não diz desinstalado, e o desconhecido conta · só o que o censo diz instalado","quem o censo não diz desinstalado, e o desconhecido conta",contar só o instalado tiraria o device KS e as camadas de um jogo de loja nova que o censo não conhece,não espera: delegação; a validação é dela,src/hefesto_dualsense4unix/integrations/lista_de_exclusao.py; src/hefesto_dualsense4unix/integrations/censo_dos_lancadores.py,,,,02/10/2026,decidida,"DECIDIDA POR DELEGAÇÃO (02/10/2026), A VALIDAR POR ELA. Mora no prefixo do Heroic quem o censo não diz desinstalado: o desconhecido (sideload, loja nova) conta. Sem o censo, ou com o censo com erro de verdade, nada sai do prefixo e o diário diz `sem_censo=1`. Refina a D-0210-O-PREFIXO-DO-HEROIC-DIVIDIDO-SO-SAI-SE-TODO-MORADOR-ESTA-EXCLUIDO.",02/10/2026,o tema lançadores 3 da leva de 01/10 (a lista de exclusão e o prefixo dividido),delegacao,,,
D-0210-O-CENSO-SEGUE-A-REGRA-DO-LUTRIS,O censo do Lutris segue a regra do próprio Lutris para achar a pasta de cada casa,"Qual pasta o censo lê em cada casa do Lutris, a de configuração ou a de dados?","em cada casa (o Flatpak primeiro), a `config/lutris` se existir, senão a pasta de dados · a configuração sempre","em cada casa, a `config/lutris` se existir, senão a pasta de dados","no caso misto, o Lutris nativo com a `~/.config/lutris` antiga que abriu o Flatpak uma vez passa a ver a biblioteca do Flatpak, vazia: um desempate melhor (preferir a casa com pga.db) é decisão de produto e fica pendente",não espera: delegação; a validação é dela,src/hefesto_dualsense4unix/integrations/censo_dos_lancadores.py,,,,02/10/2026,decidida,"DECIDIDA POR DELEGAÇÃO (02/10/2026), A VALIDAR POR ELA. O censo segue a regra do Lutris 0.5.22 (o settings.py dele): em cada casa, o Flatpak primeiro, a `config/lutris` se existir, senão a pasta de dados. A camada da exclusão pergunta ao censo. Uma `data/lutris` solta no Flatpak ganha de uma `.config/lutris` nativa, pela ordem de casas que já existia. Ver também a D-0210-O-CENSO-DO-LUTRIS-LE-O-PGA-DB-E-O-UMU-GAMES.",02/10/2026,o tema lançadores 3 da leva de 01/10 (a lista de exclusão e o prefixo dividido),delegacao,,,
D-0210-O-EXCLUIDO-DO-LUTRIS-VOLTA-AO-XALIA-DO-PROTON,"O jogo excluído do Lutris Flatpak volta ao padrão do Proton para o xalia, e o que abre pelo Wine fica com o 0 da caixa",O jogo excluído do Lutris Flatpak fica com o xalia desligado da caixa ou volta ao padrão do Proton?,"o excluído que abre pelo Proton recebe PROTON_USE_XALIA=1 e XALIA_SUPPORTED_ONLY=1, o padrão do script · fica com o 0 da caixa",recebe o par do padrão do script quando abre pelo Proton,um appid da lista noxalia do script (cinco jogos da Steam no GE-Proton 11-7) recebe o xalia; o que abre pelo Wine sem Proton não recebe nada e fica com o 0 da caixa,não espera: delegação; a validação é dela,src/hefesto_dualsense4unix/integrations/cura_por_estrada.py (_SEM_NAO_VEIO),,,,02/10/2026,decidida,"DECIDIDA POR DELEGAÇÃO (02/10/2026), A VALIDAR POR ELA. O jogo excluído do Lutris Flatpak que abre pelo Proton recebe PROTON_USE_XALIA=1 e XALIA_SUPPORTED_ONLY=1, o padrão do script do Proton: o excluído volta ao padrão, como o da Steam e o do Heroic. O que abre pelo Wine sem Proton não recebe nada e fica com o 0 da caixa. O par segue o Wine do jogo, e o que é dela manda. REVOGA a D-0210-XALIA-EXCLUIDO-DO-LUTRIS (que fixava o 0 da caixa para todo excluído do Lutris), que ganha a nota de caducada. A pergunta a ela, que vem do tema do xalia, fica respondida pelo desenho: o excluído do Lutris Flatpak não fica mais com o xalia desligado quando o Proton o liga por padrão.",02/10/2026,o tema lançadores 3 da leva de 01/10 (a lista de exclusão e o prefixo dividido),delegacao,D-0210-XALIA-EXCLUIDO-DO-LUTRIS,,
D-0210-A-LOJA-SEM-CONTA-E-BIBLIOTECA-VAZIA,"No censo do Heroic, a biblioteca de uma loja sem a chave dos jogos é biblioteca vazia, e não erro","Uma loja em que ninguém entrou (`{}`, como o `nile_library.json`) é erro do censo?",é biblioteca vazia · é erro,é biblioteca vazia,"uma biblioteca que um defeito trunque para `{}` passa por loja vazia; os jogos dela somem do censo e, como desconhecidos, seguem morando no prefixo, que é o lado seguro",não espera: delegação; a validação é dela,src/hefesto_dualsense4unix/integrations/censo_dos_lancadores.py; src/hefesto_dualsense4unix/integrations/lista_de_exclusao.py,,,,02/10/2026,decidida,"DECIDIDA POR DELEGAÇÃO (02/10/2026), A VALIDAR POR ELA. No censo do Heroic, a biblioteca de uma loja sem a chave dos jogos (`{}`, a loja em que ninguém entrou) é biblioteca vazia, e não erro. Na lista de exclusão, o censo com erro de verdade (a chave que vem e não é lista) segue SOMANDO o instalado sem cópia ao prefixo global, como sempre somou, e só deixa de TIRAR morador (`sem_censo=1`). Contestação da conferência: com o `{}` contado como erro, a cura do prefixo dividido nunca agia no disco dela (o nile_library dela é `{}`), e a soma recuava do que a base fazia.",02/10/2026,o tema lançadores 3 da leva de 01/10 (a lista de exclusão e o prefixo dividido),delegacao,,,
D-0210-AS-DUAS-CASAS-VALE-A-DO-PROGRAMA-INSTALADO,"Com a casa do Flatpak e a nativa no disco, o censo lê a do programa instalado","Com duas casas de um mesmo lançador no disco, qual o censo lê?","a do programa instalado; com os dois instalados, as casas se somam; com nenhum, o Flatpak primeiro · sempre o Flatpak primeiro",a do programa instalado,"o custo é medido: com as duas casas no disco, a assinatura das bibliotecas foi de 0,33 para 1,74 ms por chamada, cerca de 15 ms por segundo na aba Perfis; no disco dela cada lançador tem uma casa só",não espera: delegação; a validação é dela,src/hefesto_dualsense4unix/integrations/censo_dos_lancadores.py,,,,02/10/2026,decidida,"DECIDIDA POR DELEGAÇÃO (02/10/2026), A VALIDAR POR ELA. Com a casa do Flatpak e a nativa no disco, o censo lê a do programa instalado, para os cinco lançadores. Com os dois instalados, as casas se somam (no Heroic, as duas bibliotecas são a mesma conta: ver D-0210-OS-DOIS-HEROIC-CONTAM-CADA-JOGO-UMA-VEZ). Com nenhum, o Flatpak vem primeiro. O disco só é olhado quando as duas casas existem; com uma casa só, ela é lida como antes. Já estava escrita na sprint, por delegação.",02/10/2026,O-CENSO-RESPONDE-COMO-O-LANCADOR-RESPONDE-01 (tema lançadores 4),delegacao,,,
D-0210-SEM-O-REGISTRO-DA-LOJA-NINGUEM-SAI-DO-PREFIXO,"O registro torto de uma loja do Heroic, ou ausente com a biblioteca dizendo instalado, vira erro do censo, e a exclusão não tira o device KS de ninguém",O que a lista de exclusão faz quando o registro de uma loja não responde?,"erro do censo, e ninguém sai do prefixo · confiar na biblioteca","erro do censo, e ninguém sai do prefixo",o lado seguro tem preço: a cura do prefixo dividido fica desligada naquela loja enquanto o registro não responder,não espera: delegação; a validação é dela,src/hefesto_dualsense4unix/integrations/censo_dos_lancadores.py; src/hefesto_dualsense4unix/integrations/lista_de_exclusao.py,,,,02/10/2026,decidida,"DECIDIDA POR DELEGAÇÃO (02/10/2026), A VALIDAR POR ELA. O registro de uma loja do Heroic torto, ou ausente com a biblioteca dizendo `is_installed: true`, vira erro do censo, e a lista de exclusão não tira o device KS de ninguém. Uma loja com o registro ausente e sem `is_installed` nenhum é «nenhum instalado nesta loja», sem erro: é o caso dela na GOG e na Amazon. Já estava escrita na sprint, por delegação.",02/10/2026,O-CENSO-RESPONDE-COMO-O-LANCADOR-RESPONDE-01 (tema lançadores 4),delegacao,,,
D-0210-O-REGISTRO-QUE-NAO-RESPONDE-USA-A-BIBLIOTECA,"Quando o registro de uma loja não responde, o instalado dela é o `is_installed` da biblioteca","O cartão e a chave de janela, sem o registro da loja, mostram nenhum jogo ou o que a biblioteca diz?",o `is_installed` da biblioteca · nenhum instalado,o `is_installed` da biblioteca,com o registro torto o Heroic mostraria nenhum instalado,não espera: delegação; a validação é dela,src/hefesto_dualsense4unix/integrations/censo_dos_lancadores.py; src/hefesto_dualsense4unix/interface/desenho_dos_lancadores.py,,,,02/10/2026,decidida,"DECIDIDA POR DELEGAÇÃO (02/10/2026), A VALIDAR POR ELA. Nesse caso, o instalado daquela loja fica o `is_installed` da biblioteca, o melhor que se tem, para o cartão e a chave de janela. O erro faz a lista de exclusão não tirar ninguém, e o cartão continua com o jogo.",02/10/2026,O-CENSO-RESPONDE-COMO-O-LANCADOR-RESPONDE-01 (tema lançadores 4),delegacao,,,
D-0210-O-NATIVO-SE-ACHA-PELO-ATALHO-OU-PELO-PATH,"O lançador nativo instalado é o atalho fora dos exports do Flatpak, ou o comando no PATH, com as agulhas do cartão",Como o censo sabe que o programa nativo está instalado?,um `.desktop` fora dos exports do Flatpak ou o comando no PATH · só o comando no PATH,um `.desktop` fora dos exports do Flatpak ou o comando no PATH,"o nome de app-id é o mesmo nas duas instalações, então só o atalho fora dos exports separa o nativo do Flatpak",não espera: delegação; a validação é dela,src/hefesto_dualsense4unix/integrations/censo_dos_lancadores.py; src/hefesto_dualsense4unix/integrations/jogos_locais.py,,,,02/10/2026,decidida,"DECIDIDA POR DELEGAÇÃO (02/10/2026), A VALIDAR POR ELA. O nativo instalado é o `.desktop` com qualquer agulha do cartão (inclusive o app-id) numa pasta de atalhos que não é a de exports do Flatpak (as de `jogos_locais.pastas_de_atalhos()` mais a `$XDG_DATA_HOME/applications` do lar), ou o comando no PATH. No cartão de dois programas («Dolphin · mGBA»), cada um com as agulhas dele: o app-id e os nomes que começam pela subpasta (`dolphin-emu`; `mgba-qt`, `mgba`).",02/10/2026,O-CENSO-RESPONDE-COMO-O-LANCADOR-RESPONDE-01 (tema lançadores 4),delegacao,,,
D-0210-A-CARONA-ENTRA-NOS-DOIS-HEROIC,"Com os dois Heroic instalados, a carona e a exclusão escrevem na casa de cada jogo","Com o Heroic nativo e o Flatpak, onde o ambiente do Hefesto é escrito?",na casa de onde cada jogo veio (uma estrada por casa) · só na primeira casa,na casa de cada jogo,"a exclusão escreve uma cópia `explicit` do jogo A, com a lista vazia, na casa em que A não está instalado; o «Tirar da lista» sobre essa cópia não foi medido",não espera: delegação; a validação é dela,src/hefesto_dualsense4unix/integrations/cura_por_estrada.py (_pastas_do_heroic); src/hefesto_dualsense4unix/integrations/lista_de_exclusao.py,,,o censo de uma casa só diz «não instalado» o jogo instalado pela outra: a cura mora na lista_de_exclusao e vira sprint à parte,02/10/2026,decidida,"DECIDIDA POR DELEGAÇÃO (02/10/2026), A VALIDAR POR ELA. Com os dois Heroic instalados, a carona escreve o ambiente nas duas casas (uma estrada por casa), e a exclusão acha a cópia do jogo na casa de onde ele veio: cada Heroic lança pela casa dele. A `_pasta_do_heroic` fica como «a primeira casa que o censo lê» (a régua `test_esquecer_os_controles.py` pergunta por ela); a carona usa `_pastas_do_heroic`.",02/10/2026,O-CENSO-RESPONDE-COMO-O-LANCADOR-RESPONDE-01 (tema lançadores 4),delegacao,,,
D-0210-O-XDG-RELATIVO-NAO-VALE,"Um XDG_CONFIG_HOME ou XDG_DATA_HOME relativo é ignorado, como a spec do XDG manda",O que o Hefesto faz com um XDG_* de valor relativo?,"ignora, como a spec manda · usa como está","ignora, como a spec manda",usar o valor relativo escreveria numa pasta que depende de onde o processo estiver,não espera: delegação; a validação é dela,src/hefesto_dualsense4unix/integrations/cura_por_estrada.py; uninstall.sh,,,,02/10/2026,decidida,"DECIDIDA POR DELEGAÇÃO (02/10/2026), A VALIDAR POR ELA. Valor relativo no `XDG_CONFIG_HOME` ou no `XDG_DATA_HOME` é ignorado, como manda a spec do XDG e como o `uninstall.sh` e o `_listas_de_exclusao_padrao` já fazem.",02/10/2026,O-CENSO-RESPONDE-COMO-O-LANCADOR-RESPONDE-01 (tema lançadores 4),delegacao,,,
D-0210-O-DESFAZER-OLHA-O-XDG-DO-AMBIENTE,O uninstall tira o que é nosso também da casa nativa do XDG_CONFIG_HOME do ambiente,"A rede do desfazer, que roda com `--lar ""$HOME""`, olha só as casas do lar?",soma a casa nativa do `$XDG_CONFIG_HOME` do ambiente · só as casas do lar,soma a casa nativa do `$XDG_CONFIG_HOME` do ambiente,só as casas do lar deixariam o que a carona escreveu na casa desviada,não espera: delegação; a validação é dela,uninstall.sh; src/hefesto_dualsense4unix/integrations/cura_por_estrada.py,,,,02/10/2026,decidida,"DECIDIDA POR DELEGAÇÃO (02/10/2026), A VALIDAR POR ELA. A rede do desfazer soma às casas do lar a nativa do `$XDG_CONFIG_HOME` do ambiente, a mesma conta que a carona escreve e que as listas de exclusão já fazem.",02/10/2026,O-CENSO-RESPONDE-COMO-O-LANCADOR-RESPONDE-01 (tema lançadores 4),delegacao,,,
D-0210-O-ACESSORIO-NAO-CALA-O-CENSO,O item da biblioteca do Heroic com install.is_dlc (o gog-redist) não conta como contradição do registro ausente,"Um acessório que nunca entra no censo, com `is_installed: true`, desliga a cura do prefixo dividido?","não conta, só o que é jogo · conta, como o lado seguro",não conta: a regra vale só para o que é jogo,contar o acessório virava falso positivo numa máquina comum e desligava a cura do prefixo dividido nela,não espera: delegação; a validação é dela,src/hefesto_dualsense4unix/integrations/censo_dos_lancadores.py,,,,02/10/2026,decidida,"DECIDIDA POR DELEGAÇÃO (02/10/2026), A VALIDAR POR ELA. O item da biblioteca do Heroic com `install.is_dlc` (o gog-redist) não conta como contradição do registro ausente: a conta da GOG sem jogo baixado não desliga a cura do prefixo dividido. A regra «registro ausente com is_installed: true é erro» (D-0210-SEM-O-REGISTRO-DA-LOJA-NINGUEM-SAI-DO-PREFIXO) vale só para o que é jogo.",02/10/2026,O-CENSO-RESPONDE-COMO-O-LANCADOR-RESPONDE-01 (tema lançadores 4),delegacao,,,
D-0210-OS-DOIS-HEROIC-CONTAM-CADA-JOGO-UMA-VEZ,"Com os dois Heroic instalados, o cartão e a aba Perfis contam cada jogo uma vez, pela loja e pela chave, e o instalado vence","As duas bibliotecas do Heroic, que são a mesma conta, somam em dobro?","cada jogo uma vez, o instalado vence · as casas se somam","cada jogo uma vez, pela loja e pela chave, e o instalado vence",a soma contava cada jogo em dobro na tela,não espera: delegação; a validação é dela,src/hefesto_dualsense4unix/integrations/censo_dos_lancadores.py; src/hefesto_dualsense4unix/interface/desenho_dos_lancadores.py,,,a promessa do prefixo dividido segue aberta no caso dos dois Heroic com a mesma conta (sprint à parte),02/10/2026,decidida,"DECIDIDA POR DELEGAÇÃO (02/10/2026), A VALIDAR POR ELA. Com os dois Heroic instalados, o cartão e a aba Perfis contam cada jogo uma vez, pela loja e pela chave, e o instalado vence. A soma das casas da D-0210-AS-DUAS-CASAS-VALE-A-DO-PROGRAMA-INSTALADO vale para o Lutris e para os emuladores; no Heroic as duas bibliotecas são a mesma conta. A carona e a exclusão seguem escrevendo na casa de cada jogo.",02/10/2026,O-CENSO-RESPONDE-COMO-O-LANCADOR-RESPONDE-01 (tema lançadores 4),delegacao,,,
D-0210-O-LIMPA-E-O-GUARDAR-OLHAM-O-HEROIC-NATIVO-DO-XDG,O «limpa?» e o guardar da memória dos controles olham também o config.json do Heroic nativo no XDG_CONFIG_HOME desviado,A pergunta «limpa?» alcança a casa do Heroic nativo quando o XDG_CONFIG_HOME foi desviado?,"alcança, pela mesma rede que a carona escreve e que o desfazer limpa · só as casas do lar","alcança, pela mesma rede que a carona escreve e que o desfazer limpa","sem isso, o que a carona escreveu na casa desviada ficaria fora do «limpa?» e do guardar",não espera: delegação; a validação é dela,src/hefesto_dualsense4unix/utils/memoria_dos_controles.py; src/hefesto_dualsense4unix/integrations/cura_por_estrada.py,,,,02/10/2026,decidida,"DECIDIDA POR DELEGAÇÃO (02/10/2026), A VALIDAR POR ELA. O «limpa?» e o guardar da memória dos controles olham também o `config.json` do Heroic nativo no XDG_CONFIG_HOME desviado: a mesma rede que a carona escreve e que o desfazer limpa (commit 0884cfda9). Decisão sem ID no relato; o ID é de quem coordena.",02/10/2026,O-CENSO-RESPONDE-COMO-O-LANCADOR-RESPONDE-01 (tema lançadores 4),delegacao,,,
D-0210-XALIA-EXCLUIDO-DO-LUTRIS,O jogo excluído do Lutris Flatpak fica com o PROTON_USE_XALIA=0 da caixa,"O jogo excluído do Lutris Flatpak fica com o xalia desligado da caixa, como os outros jogos do Lutris?",o 0 da caixa · um «1» que reproduz o padrão do Proton,o 0 da caixa,"o excluído fica diferente do excluído da Steam e do Heroic, que ficam com o xalia do Proton; um «1» ligaria o xalia em toda janela (sem o XALIA_SUPPORTED_ONLY) e também no runner wine, que sem o Hefesto não liga",não espera: delegação; a validação é dela,src/hefesto_dualsense4unix/integrations/cura_por_estrada.py (_SEM_NAO_VEIO),,,,02/10/2026,decidida,"DECIDIDA POR DELEGAÇÃO (02/10/2026), A VALIDAR POR ELA. CADUCA EM 02/10/2026 — REVOGADA, por delegação, pela D-0210-O-EXCLUIDO-DO-LUTRIS-VOLTA-AO-XALIA-DO-PROTON (a conferência do tema Lançadores 3 mediu o par {PROTON_USE_XALIA: 1, XALIA_SUPPORTED_ONLY: 1} como o padrão do script do Proton, e o excluído que abre pelo Proton passou a recebê-lo; o que abre pelo Wine sem Proton segue com o 0 da caixa). O texto de antes: DECIDIDA POR DELEGAÇÃO (02/10/2026), A VALIDAR POR ELA. O jogo excluído do Lutris Flatpak fica com o PROTON_USE_XALIA=0 da caixa (xalia desligado, como os outros jogos do Lutris): não existe valor no `system.env` do .yml que o Proton e o Wine leiam como ausência, e isso foi medido no GE-Proton 11-7 e no 10-34 dela (o '' desliga como o 0; o '1' ligaria em toda janela).",02/10/2026,AS-CORRECOES-AUTOMATICAS-DESLIGAM-O-XALIA-E-O-FOSSILIZE-01 (tema xalia),delegacao,,,
D-0210-XALIA-NO-LIMPA,"No «limpa?», o PROTON_USE_XALIA conta como «pode ser sua»",O PROTON_USE_XALIA que sobra numa configuração é rastro do Hefesto ou pode ser dela?,"pode ser dela, como o par do cache de shader da NVIDIA · rastro do Hefesto",pode ser dela,"um «0» nosso que sobrasse só sobra quando o desfazer falha, e essa falha o próprio desfazer já relata; chamá-lo de rastro seria a tela confessar como nosso o que é dela",não espera: delegação; a validação é dela,src/hefesto_dualsense4unix/utils/memoria_dos_controles.py (_VARIAVEIS_QUE_PODEM_SER_DELA),,,,02/10/2026,decidida,"DECIDIDA POR DELEGAÇÃO (02/10/2026), A VALIDAR POR ELA. No «limpa?», o PROTON_USE_XALIA conta como «pode ser sua» e nunca como rastro certo do Hefesto: o desfazer deixa de propósito o valor que é dela. É a mesma semântica do cache de shader da NVIDIA; o desfazer é quem tira o nosso.",02/10/2026,AS-CORRECOES-AUTOMATICAS-DESLIGAM-O-XALIA-E-O-FOSSILIZE-01 (tema xalia),delegacao,,,
D-0210-XALIA-DELA-MANDA-FORA-DA-STEAM,O PROTON_USE_XALIA que ela pôs no Heroic ou numa caixa do Flatpak não é sobrescrito nem tirado pelo uninstall,O valor do xalia que ela já pôs fora da Steam é dela ou do Hefesto?,"é dela, e manda · o Hefesto sobrescreve","é dela, e manda",sobrescrever tiraria uma escolha dela sem aviso,não espera: delegação; a validação é dela,src/hefesto_dualsense4unix/integrations/cura_por_estrada.py; assets/hefesto-launch.sh (xalia_fora),,,,02/10/2026,decidida,"DECIDIDA POR DELEGAÇÃO (02/10/2026), A VALIDAR POR ELA. O PROTON_USE_XALIA que ela já pôs (ou trocou depois) no Heroic, numa cópia por jogo ou numa caixa do Flatpak não é sobrescrito nem tirado pelo uninstall. É a mesma regra do `xalia_fora` do lançador da Steam: a Launch Option dela manda. Sem a ponte (default.env), a correção não sai sozinha para um lançador que o serviço nunca alcançou (a recusa SEM_AMBIENTE segue como antes). Por arquivo: numa cópia por jogo do Heroic que não tem a variável, a carona põe o «0» mesmo que ela tenha posto «1» na lista global, porque a lista do jogo substitui a global e sem o Hefesto aquele jogo também não veria o «1».",02/10/2026,AS-CORRECOES-AUTOMATICAS-DESLIGAM-O-XALIA-E-O-FOSSILIZE-01 (tema xalia),delegacao,,,
D-0210-XALIA-O-ANTES-DELA,O 0 que ela já tinha na global ou numa caixa antes do Hefesto volta no uninstall,O valor do xalia que ela tinha antes do Hefesto volta quando o Hefesto sai?,"volta, porque fica guardado no «antes» · não volta","volta, enquanto a chave ainda está no arquivo",um valor que ela tirou depois não volta: o «antes» só vale enquanto a chave está no arquivo,não espera: delegação; a validação é dela,src/hefesto_dualsense4unix/integrations/cura_por_estrada.py (_tomar),,,,02/10/2026,decidida,"DECIDIDA POR DELEGAÇÃO (02/10/2026), A VALIDAR POR ELA. O 0 que ela já tinha na global ou numa caixa antes do Hefesto volta no uninstall, porque fica guardado no «antes» (commit a071ecd62). Um valor que ela tirou depois não volta. Sem o registro (estradas.json perdido), o desfazer não tira o 0: sem registro não há como separar o nosso do dela.",02/10/2026,AS-CORRECOES-AUTOMATICAS-DESLIGAM-O-XALIA-E-O-FOSSILIZE-01 (tema xalia),delegacao,,,
D-0210-NA-COPIA-DO-HEROIC-O-XALIA-DELA-FICA,"Na cópia por jogo do Heroic, o PROTON_USE_XALIA igual ao que ela tinha na global antes do Hefesto é dela",O 0 do xalia numa cópia por jogo é nosso ou dela quando ela já tinha o 0 na global?,"é dela: o uninstall e a exclusão não o tiram · é nosso, e sai",é dela: o uninstall e a exclusão não o tiram,"uma cópia sem a chave recebe o 0 nosso e o mantém depois do uninstall, igual ao 0 da global dela; o erro contrário tirava o 0 que era dela de verdade e o jogo voltava a engasgar",não espera: delegação; a validação é dela,src/hefesto_dualsense4unix/integrations/cura_por_estrada.py (_entrada_da_copia); tests/unit/test_as_correcoes_desligam_o_xalia_e_o_fossilize.py,,,,02/10/2026,decidida,"DECIDIDA POR DELEGAÇÃO (02/10/2026), A VALIDAR POR ELA. Na cópia por jogo do Heroic, o PROTON_USE_XALIA igual ao valor que ela tinha na lista global antes do Hefesto é dela. O uninstall e a exclusão não o tiram, e o jogo excluído que segue a global fica com o 0 dela, como ficaria sem o Hefesto. Réguas: test_o_zero_dela_copiado_para_o_jogo_fica_no_uninstall e test_o_excluido_que_segue_a_global_dela_fica_com_o_zero_dela.",02/10/2026,AS-CORRECOES-AUTOMATICAS-DESLIGAM-O-XALIA-E-O-FOSSILIZE-01 (tema xalia),delegacao,,,
D-0210-O-PYYAML-E-DEPENDENCIA-DE-EXECUCAO,O PyYAML vira dependência de execução do produto,"O yml do Lutris, que o produto agora lê e escreve, pede o PyYAML como dependência de execução?","sim, no pyproject e nos quatro empacotamentos · escrever YAML à mão","sim, no pyproject e nos quatro empacotamentos",um escritor de YAML à mão sem o PyYAML corromperia o arquivo do jogo,não espera: delegação; a validação é dela,pyproject.toml; packaging/,,,,02/10/2026,decidida,"DECIDIDA POR DELEGAÇÃO (02/10/2026), A VALIDAR POR ELA. O PyYAML vira dependência de execução do produto (pyproject e os quatro empacotamentos); antes era só de dev. Sem PyYAML, o desfazer nunca escreve YAML à mão: volta byte a byte o yml que ninguém mexeu, e deixa o mexido para o desfazer de depois, com o comando no ADIADO.",02/10/2026,"o tema lançadores 2 da leva de 01/10 (o Lutris, o desfazer e a pergunta do «Aplicar soluções»)",delegacao,,,
D-0210-A-PERGUNTA-DO-APLICAR-FALA-A-LINGUA-DA-TELA,"A pergunta do «Aplicar soluções nos lançadores» diz o que o ato faz, na língua da tela, sem launcher nem uninstall","Qual o texto da pergunta do botão, que agora vale para todo lançador?","o texto final de 02/10 (D13), que diz «escrevo na hora… e vale na próxima vez que cada um abrir» · «vale na hora»",o texto final de 02/10,"prometer «na hora» faria a tela mentir para quem estava com o lançador aberto: o Heroic 2.22.3 lê o config.json só ao abrir, e a caixa do Flatpak vale no `flatpak run`",não espera: delegação; a validação é dela,src/hefesto_dualsense4unix/interface/pacotes/a09_sistema.py (_STEAM_APPLY_CORPO),,,,02/10/2026,decidida,"DECIDIDA POR DELEGAÇÃO (02/10/2026), A VALIDAR POR ELA. O texto da pergunta é o de `_STEAM_APPLY_CORPO`: «O Hefesto entra nos jogos da Steam, do Heroic, do Lutris e dos emuladores. As opções que você já tem nos jogos são preservadas: na Steam fica um backup ao lado de cada arquivo, e nos outros eu anoto o que pus, para tirar quando o Hefesto for desinstalado. / Nos outros lançadores eu escrevo na hora, sem fechar nada, e vale na próxima vez que cada um abrir. A Steam só aceita fechada: se ela estiver aberta eu peço a sua permissão antes de fechá-la por uns 20 segundos e abro de novo em seguida. Com um jogo aberto, a Steam fica para depois.» É o texto final (D13) e substitui os do implementador (a decisão 2) e da conferência de UI/UX (a decisão 10). Mantém a forma e os «20 segundos» de antes, sem botão novo; os emuladores são nomeados como «emuladores», sem listar um por um. O Heroic 2.22.3 guarda o config.json na memória e a caixa do Flatpak só vale no `flatpak run`, lidos no app.asar instalado nela.",02/10/2026,"o tema lançadores 2 da leva de 01/10 (o Lutris, o desfazer e a pergunta do «Aplicar soluções»)",delegacao,,,
D-0210-A-EXCLUSAO-DO-LUTRIS-MORA-NO-SYSTEM-ENV-DO-YML,"A exclusão de um jogo do Lutris Flatpak mora no system.env do yml dele, com o valor «não veio»",Onde o Hefesto grava que um jogo do Lutris Flatpak está excluído?,"no `system.env` do yml do jogo, com '' para `SDL_*` e `PROTON_*` · numa lista só do Hefesto","no `system.env` do yml do jogo, com o valor «não veio»","o par `__GL_SHADER_*` fica fora do yml sem medida (pode ser dela), salvo quando ela tem um «antes» desse par na caixa",não espera: delegação; a validação é dela,src/hefesto_dualsense4unix/integrations/cura_por_estrada.py; src/hefesto_dualsense4unix/integrations/lista_de_exclusao.py,,,,02/10/2026,decidida,"DECIDIDA POR DELEGAÇÃO (02/10/2026), A VALIDAR POR ELA. A exclusão de um jogo do Lutris Flatpak mora no `system.env` do yml dele, com o valor «não veio» ('' para `SDL_*` e `PROTON_*`). O par `__GL_SHADER_*` não entra, salvo o «antes» dela na caixa. Quando ela mexeu no arquivo depois, a volta é parcial. O xalia segue a D-0210-O-EXCLUIDO-DO-LUTRIS-VOLTA-AO-XALIA-DO-PROTON.",02/10/2026,"o tema lançadores 2 da leva de 01/10 (o Lutris, o desfazer e a pergunta do «Aplicar soluções»)",delegacao,,,
D-0210-O-YML-DO-JOGO-NUNCA-SOBRESCREVE-UMA-CHAVE-DELA,"O yml do jogo do Lutris nunca sobrescreve uma chave dela, e a carona só acrescenta","Se ela já tem a chave no yml do jogo, o Hefesto a troca?",nunca sobrescreve: só acrescenta · sobrescreve,nunca sobrescreve: só acrescenta,"ela perde o efeito de apagar à mão uma chave nossa do yml de um jogo que ela mesma excluiu: a carona a repõe, que é o que a exclusão promete",não espera: delegação; a validação é dela,src/hefesto_dualsense4unix/integrations/cura_por_estrada.py (_com_o_nosso_no_yml),,,,02/10/2026,decidida,"DECIDIDA POR DELEGAÇÃO (02/10/2026), A VALIDAR POR ELA. O yml do jogo nunca sobrescreve uma chave dela, a carona só acrescenta, e o «tirar» só tira o que é nosso. Complementada pela D-0210-A-CARONA-MANTEM-O-YML-DO-EXCLUIDO-PELO-QUE-FALTA-NO-ARQUIVO.",02/10/2026,"o tema lançadores 2 da leva de 01/10 (o Lutris, o desfazer e a pergunta do «Aplicar soluções»)",delegacao,,,
D-0210-O-PREFIXO-DO-HEROIC-DIVIDIDO-SO-SAI-SE-TODO-MORADOR-ESTA-EXCLUIDO,O prefixo do Heroic dividido entre jogos só sai da cura quando todo morador está excluído,Excluir o jogo A tira o device KS e as camadas do prefixo que o jogo B também usa?,"só sai quando todo morador está excluído, e o diário diz `exclusao_prefixo_dividido moradores=<n>` · sai com o jogo A",só sai quando todo morador está excluído,tirar com o A tiraria o device KS e as camadas do B por causa da exclusão do A; toda decisão serve a todo jogo,não espera: delegação; a validação é dela,src/hefesto_dualsense4unix/integrations/lista_de_exclusao.py; src/hefesto_dualsense4unix/integrations/cura_por_estrada.py,,,,02/10/2026,decidida,"DECIDIDA POR DELEGAÇÃO (02/10/2026), A VALIDAR POR ELA. O prefixo do Heroic dividido entre jogos só sai da cura (device KS e camadas) quando todo morador está excluído. O diário registra `exclusao_prefixo_dividido moradores=<n>`. Refinada pela D-0210-O-PREFIXO-DIVIDIDO-CONTA-SO-QUEM-ESTA-INSTALADO.",02/10/2026,"o tema lançadores 2 da leva de 01/10 (o Lutris, o desfazer e a pergunta do «Aplicar soluções»)",delegacao,,,
D-0210-WINE-FIXADO-QUE-NAO-E-PROTON-DA-NAO-SEI-NO-UMU-ID,Uma versão de Wine fixada que não é Proton dá «não sei» no umu-id do Lutris,O que o Hefesto diz do umu-id de um jogo do Lutris com Wine fixado que não é Proton?,«não sei» · inventar o id,«não sei»,inventar o id apontaria o jogo ao prefixo errado,não espera: delegação; a validação é dela,src/hefesto_dualsense4unix/integrations/censo_dos_lancadores.py; src/hefesto_dualsense4unix/integrations/cura_por_estrada.py,,,,02/10/2026,decidida,"DECIDIDA POR DELEGAÇÃO (02/10/2026), A VALIDAR POR ELA. Uma versão de Wine fixada que não é Proton dá «não sei» no umu-id do Lutris, nunca um id inventado.",02/10/2026,"o tema lançadores 2 da leva de 01/10 (o Lutris, o desfazer e a pergunta do «Aplicar soluções»)",delegacao,,,
D-0210-JOGO-DO-LUTRIS-COM-RUNNER-STEAM-PODE-RECEBER-O-YML,Um jogo do Lutris com runner Steam pode receber o yml inofensivo,O jogo do Lutris que usa o runner Steam recebe as chaves do «não veio»?,pode receber: as chaves do «não veio» não têm leitor ali · pular o jogo,pode receber o yml inofensivo,pular o jogo exigiria uma exceção a mais para um arquivo que ninguém lê,não espera: delegação; a validação é dela,src/hefesto_dualsense4unix/integrations/cura_por_estrada.py,,,,02/10/2026,decidida,"DECIDIDA POR DELEGAÇÃO (02/10/2026), A VALIDAR POR ELA. Um jogo do Lutris com runner Steam pode receber o yml inofensivo: as chaves do «não veio» não têm leitor ali.",02/10/2026,"o tema lançadores 2 da leva de 01/10 (o Lutris, o desfazer e a pergunta do «Aplicar soluções»)",delegacao,,,
D-0210-O-DESFAZER-DEVOLVE-O-EXCLUIDO-ANTES-DE-TIRAR-O-NOSSO,O desfazer devolve o jogo excluído antes de tirar o nosso,Em que ordem o uninstall desfaz a exclusão e o ambiente do Hefesto?,devolve o excluído e depois tira o nosso · só tira o nosso,devolve o excluído e depois tira o nosso,a cópia criada pela exclusão perde o par GL que copiou da global,não espera: delegação; a validação é dela,uninstall.sh; src/hefesto_dualsense4unix/integrations/cura_por_estrada.py,,,,02/10/2026,decidida,"DECIDIDA POR DELEGAÇÃO (02/10/2026), A VALIDAR POR ELA. O desfazer devolve o jogo excluído antes de tirar o nosso. A cópia criada pela exclusão perde o par GL que copiou da global. Com o --purge-config, a configuração agora sai depois do disable_steam_input.sh --apply, então a allowlist do Steam Input vale nesse passo, igual ao uninstall sem --purge-config (antes ela sumia antes do --apply, e o uninstall desligava o Steam Input até dos jogos que ela pôs na lista).",02/10/2026,"o tema lançadores 2 da leva de 01/10 (o Lutris, o desfazer e a pergunta do «Aplicar soluções»)",delegacao,,,
D-0210-O-DESFAZER-ADIADO-GUARDA-A-LISTA-DE-EXCLUSAO,"Com o desfazer adiado e o --purge-config, a lista de exclusão é guardada e entra no comando do ADIADO",O que acontece com a lista de exclusão quando o desfazer fica para depois e a configuração é apagada?,"guardada em `launch_env/lista_de_exclusao-<n>.json`, no comando do ADIADO · perdida","guardada, no comando do ADIADO",perder a lista faria o desfazer de depois não saber quem estava excluído,não espera: delegação; a validação é dela,uninstall.sh; src/hefesto_dualsense4unix/integrations/cura_por_estrada.py,,,,02/10/2026,decidida,"DECIDIDA POR DELEGAÇÃO (02/10/2026), A VALIDAR POR ELA. Com o desfazer adiado e o `--purge-config`, a lista de exclusão é guardada em `launch_env/lista_de_exclusao-<n>.json` e entra no comando do ADIADO.",02/10/2026,"o tema lançadores 2 da leva de 01/10 (o Lutris, o desfazer e a pergunta do «Aplicar soluções»)",delegacao,,,
D-0210-A-CARONA-MANTEM-O-YML-DO-EXCLUIDO-PELO-QUE-FALTA-NO-ARQUIVO,"A carona mantém o yml do jogo excluído do Lutris pelo que falta no arquivo, e não no registro","Depois de um uninstall que guardou a configuração e de um install novo, o jogo continua excluído?","continua, porque a carona lê o que falta no arquivo · lê o registro",lê o que falta no arquivo,"ela só perde o efeito de apagar à mão uma chave nossa do yml de um jogo que ela mesma excluiu: a carona a repõe, que é o que a exclusão promete",não espera: delegação; a validação é dela,src/hefesto_dualsense4unix/integrations/cura_por_estrada.py,,,,02/10/2026,decidida,"DECIDIDA POR DELEGAÇÃO (02/10/2026), A VALIDAR POR ELA. A carona mantém o .yml do jogo excluído do Lutris pelo que falta no ARQUIVO. Lendo o registro, a exclusão se perde quando o .yml volta sem a entrada, que é o caso do uninstall que guarda a configuração; depois dele e de um install novo, o jogo continua excluído. A chave dela segue intocada (a `_com_o_nosso_no_yml` nunca passa por cima de uma chave que existe). Contestação da conferência de UI/UX («só acrescenta, e lê o que falta no registro», do implementador).",02/10/2026,"o tema lançadores 2 da leva de 01/10 (o Lutris, o desfazer e a pergunta do «Aplicar soluções»)",delegacao,,,
D-0210-O-CENSO-DO-LUTRIS-LE-O-PGA-DB-E-O-UMU-GAMES,O censo do Lutris lê o pga.db (ou o pga_path do lutris.conf) e o umu-games.json da pasta de dados,De onde o censo do Lutris lê a biblioteca e os jogos do umu?,"do pga.db (ou do pga_path do lutris.conf) e do umu-games.json da pasta de dados, pela regra do Lutris 0.5.22 · da pasta de configuração",do pga.db e do umu-games.json da pasta de dados,"ler da pasta de configuração perderia a biblioteca de quem usa uma pasta própria, como no Lutris de antes do 0.5.17, no Flatpak e no nativo",não espera: delegação; a validação é dela,src/hefesto_dualsense4unix/integrations/censo_dos_lancadores.py,,,,02/10/2026,decidida,"DECIDIDA POR DELEGAÇÃO (02/10/2026), A VALIDAR POR ELA. O censo do Lutris lê o pga.db (ou o pga_path do lutris.conf) e o umu-games.json da pasta de dados. Isso segue a regra do Lutris 0.5.22 e vale também quando a configuração é uma pasta própria, como no Lutris de antes do 0.5.17, no Flatpak e no nativo. Ver também a D-0210-O-CENSO-SEGUE-A-REGRA-DO-LUTRIS.",02/10/2026,"o tema lançadores 2 da leva de 01/10 (o Lutris, o desfazer e a pergunta do «Aplicar soluções»)",delegacao,,,
D-0210-O-FREESTYLE-NAO-E-OPCAO-EM-SELETOR,"O Freestyle não aparece em lista nenhuma de perfis, ligado ou desligado: ele vive só no botão «Modo Freestyle» da aba Jogar","O Freestyle é uma linha, um cartão ou uma opção em algum seletor de perfil do produto?",em nenhum seletor: só o botão da aba Jogar · uma linha da lista de perfis,em nenhum seletor,"o ciclo do PS + D-pad e a escolha pelo rodapé deixam de oferecer o Freestyle, e sem escolha o chip diz «—»",não espera: escolha dela no chat,src/hefesto_dualsense4unix/profiles/manager.py (os_perfis_de_escolher); src/hefesto_dualsense4unix/daemon/subsystems/hotkey.py (build_profile_cycle_callback); src/hefesto_dualsense4unix/tui/app.py,,,,02/10/2026,decidida,"QUEM DECIDIU: ELA no chat, 02/10 (~00h45): «Lembrando que nao pode haver um perfil na aba perfis chamado de frestyle» e, em 01/10, «o perfil frestyle na guia de perfis nao deveria existir» (noqa-acento: citação literal dela, como ela escreve). A aba Perfis não mostra, em estado nenhum, ligado ou desligado, uma linha, um cartão ou uma opção chamada Freestyle, e nenhum seletor de perfil do produto (a aba Perfis, `profile.list` e `profile list` da CLI, o rodapé, o chip do cabeçalho, a bandeja, a roda do PS + D-pad e a reserva da TUI sem daemon) o oferece como perfil a escolher. O Freestyle é o botão «Modo Freestyle»: ligado, o jogo aberto usa a configuração dele; o que ela mexe nas abas com ele ligado grava nele. Onde essa configuração mora no disco é detalhe de implementação, desde que nunca apareça como perfil. Vale acima do desenho de 27/09, em que o Freestyle era um perfil da lista.",02/10/2026,O-HEFESTO-ABRE-NO-ULTIMO-PERFIL-E-O-FREESTYLE-DIZ-A-VERDADE-01 (tema freestyle),ela,,,
D-2909-O-HEFESTO-ABRE-NA-ESCOLHA-DELA,"O Hefesto abre no perfil que ela escolheu por último, e o Freestyle é só o botão","Ao abrir, e ao reconectar, o que o Hefesto restaura: o Freestyle como coringa ou a escolha dela?",a escolha dela (o botão aceso ou o último perfil que ela ativou à mão) · o Freestyle como perfil de fora do jogo,a escolha dela,"sem escolha (botão apagado e nenhum perfil ativado à mão), o chip diz «—» e as abas recusam gravar apontando a aba Perfis",não espera: delegação; a validação é dela,"src/hefesto_dualsense4unix/utils/session.py (a_escolha_dela, gravar_a_escolha, migrar_a_escolha_dela); src/hefesto_dualsense4unix/profiles/manager.py; src/hefesto_dualsense4unix/profiles/autoswitch.py",,,,29/09/2026,decidida,"DECIDIDA POR DELEGAÇÃO (29/09/2026), A VALIDAR POR ELA. A escolha dela tem dois campos e um dono: o `freestyle_ligado.flag` diz se o Freestyle manda, e o `session.json` guarda o último perfil que ELA ativou fora o Freestyle (`a_escolha_dela()`). Contam como «ativado por ela» o botão «Modo Freestyle», o «Ativar» da aba Perfis, o submenu «Perfis» da bandeja, o ciclo do PS + D-pad, a CLI e a TUI; não contam o autoswitch, o lançamento, o restauro de boot e de reconexão, a saída do Nativo, a volta do jogo quando o botão desliga, o «Aplicar» e o «voltar à de ontem». Ativar o Freestyle liga o modo sem tocar o último perfil; ativar outro desliga o modo e grava o nome. O boot e a reconexão restauram a escolha. O Freestyle nunca entra por troca automática, e o desligado nunca é o `active_profile` (a guarda mora no `ProfileManager.activate`). Máquina nova: o botão nasce aceso (resposta dela, 29/09 ~20h35, «Nasce aceso»). «Sem escolha»: o `active_profile` é None, o chip diz «—», os gestos que gravam recusam apontando a aba Perfis (resposta dela, 29/09 ~20h35, «Fica sem perfil»). Em 01/10 ~00h ela confirmou, no chat, que fora do jogo vale o perfil anterior ativado («Perfil anterior ativado. temos uma sprint já pra isso») (noqa-acento: citação literal dela, como ela escreve). Os itens 1 a 6, 8 e 9 seguem por delegação, a validar por ela no olho do produto instalado; completa a D-2709-O-FREESTYLE-E-UM-PERFIL-QUE-MANDA e revoga, para a escolha dela, a regra RESTORE-ESCOPO-01 (22/07, só no código).",29/09/2026,O-HEFESTO-ABRE-NO-ULTIMO-PERFIL-E-O-FREESTYLE-DIZ-A-VERDADE-01 (tema freestyle),delegacao,,tests/unit/test_o_freestyle_vale_em_todo_caminho.py::test_os_tres_gestos_sem_perfil_ativo_agem_no_freestyle,
D-0210-A-MAQUINA-NOVA-E-A-QUE-SO-TEM-O-FREESTYLE,"A máquina nova, para acender o botão Freestyle, é a que só tem o Freestyle na pasta de perfis","Sem `session.json` e sem o flag, mas com perfis de jogo na pasta, o botão Freestyle nasce aceso?",só a pasta com o Freestyle sozinho acende · todo disco sem sessão acende,só a pasta com o Freestyle sozinho acende,"acender calaria os perfis de jogo de quem atualiza sem nunca ter ativado à mão, que hoje entram sozinhos (a razão do item 8 da D-2909-O-HEFESTO-ABRE-NA-ESCOLHA-DELA)",não espera: delegação; a validação é dela,"src/hefesto_dualsense4unix/utils/session.py (_so_o_freestyle_na_pasta, migrar_a_escolha_dela)",,,,02/10/2026,decidida,"DECIDIDA POR DELEGAÇÃO (02/10/2026), A VALIDAR POR ELA. Máquina nova é a que só tem o Freestyle: a razão escrita na D-2909-O-HEFESTO-ABRE-NA-ESCOLHA-DELA é «o Freestyle é o único perfil do install», e o código dizia só «sem `session.json` e sem flag». Só a pasta com o Freestyle sozinho acende o botão; um clique em Ativar resolve o outro caso, enquanto o botão aceso calaria todo jogo sem aviso. A resposta dela de 29/09 ~20h35 («Nasce aceso») segue intacta para a máquina nova de verdade. Fonte: a conferência final de 02/10; commit a1f94943c.",02/10/2026,O-HEFESTO-ABRE-NO-ULTIMO-PERFIL-E-O-FREESTYLE-DIZ-A-VERDADE-01 (tema freestyle),delegacao,,,
D-3009-O-REINICIO-COM-O-JOGO-ABERTO-NASCE-NO-PERFIL-DO-JOGO,"Reiniciar o serviço com um jogo em cena nasce no perfil do jogo, ou no Freestyle se ele estiver ligado","No boot com um jogo aberto, o primeiro pad e o perfil ativo vêm de onde?","do perfil do jogo em cena (ou do Freestyle, se ligado) · da escolha de fora do jogo","do perfil do jogo em cena, ou do Freestyle se ele estiver ligado",a escolha dela de fora do jogo só volta quando o jogo fecha,não espera: delegação; a validação é dela,src/hefesto_dualsense4unix/daemon/lifecycle.py; src/hefesto_dualsense4unix/utils/session.py,,,,30/09/2026,decidida,"DECIDIDA POR DELEGAÇÃO (30/09/2026), A VALIDAR POR ELA. No boot com jogo em cena, o primeiro pad e o perfil ativo são os do perfil do jogo, ou os do Freestyle se ele estiver ligado; a escolha dela não é gravada pelo boot (`origin=system`). A escolha de fora do jogo só volta quando o jogo fecha.",30/09/2026,A-TRAVA-DO-JOGO-ABERTO-TEM-UM-DONO-01 (tema freestyle),delegacao,,,
D-3009-O-CO-OP-ESPERA-O-JOGO-COMO-O-P1,"Com o jogo aberto, uma máscara mudada por caminho automático não recria o pad secundário","Com o jogo aberto, o co-op recria o secundário quando a máscara muda sozinha, ou espera o jogo fechar?","espera o jogo fechar, como o P1, nem quando o P1 morto renasce · recria na hora","espera o jogo fechar, como o P1","até o jogo fechar, o P2 veste a máscara de antes; o gesto dela e a renumeração continuam recriando na hora, com a linha dizendo qual decisão deixou passar",não espera: delegação; a validação é dela,src/hefesto_dualsense4unix/daemon/subsystems/coop.py,,,,30/09/2026,decidida,"DECIDIDA POR DELEGAÇÃO (30/09/2026), A VALIDAR POR ELA. Com o jogo aberto, uma máscara mudada por caminho automático não recria o secundário, nem quando o P1 morto renasce: ele converge quando o jogo fecha. O gesto dela e a renumeração continuam recriando na hora.",30/09/2026,A-TRAVA-DO-JOGO-ABERTO-TEM-UM-DONO-01 (tema freestyle),delegacao,,,
D-0110-A-TRAVA-DO-LANCAMENTO-ACABA-QUANDO-O-JOGO-DEVOLVE-A-AUTORIDADE,A trava do pad do lançamento se solta quando o jogo devolve a autoridade ao daemon,Até quando vale a trava do pad que o `exec` do lançamento prende (e8db5f335)?,"até a borda game→daemon do sinal, com a linha `pad_do_lancamento_destravado` · até o lançamento seguinte",até a borda game→daemon do sinal,nenhum aparelho que o jogo abriu fica protegido depois de ele fechar,não espera: delegação; a validação é dela,src/hefesto_dualsense4unix/daemon/lifecycle.py; src/hefesto_dualsense4unix/daemon/subsystems/coop.py,,,,01/10/2026,decidida,"DECIDIDA POR DELEGAÇÃO (01/10/2026), A VALIDAR POR ELA. A trava do pad do `exec` (e8db5f335) se solta na borda game→daemon do sinal, com a linha `pad_do_lancamento_destravado`, e não só no lançamento seguinte.",01/10/2026,A-TRAVA-DO-LANCAMENTO-SOLTA-QUANDO-O-LANCAMENTO-ACABA-01 (tema freestyle),delegacao,,,
D-0110-A-TRAVA-DA-MAO-SO-SOLTA-EM-EVENTO,"A troca de perfil à mão vale até um evento nomeado, sem prazo, e cada soltura deixa linha no diário",Até quando a troca de perfil que ela faz à mão vale contra o autoswitch?,"até um de quatro eventos, sem prazo · 30 s como antes","até um de quatro eventos, sem prazo",jogo sem wrapper conta como fechado quando sai do foco para uma janela com outro perfil,não espera: delegação; a validação é dela,src/hefesto_dualsense4unix/profiles/autoswitch.py; src/hefesto_dualsense4unix/daemon/lifecycle.py,,,,01/10/2026,decidida,"DECIDIDA POR DELEGAÇÃO (01/10/2026), A VALIDAR POR ELA. A troca à mão vale até um de quatro eventos (`lancamento_de_jogo_com_perfil`, `jogo_com_perfil_em_foco`, `o_jogo_em_cena_fechou`, `freestyle_desligado`), e cada soltura deixa linha no diário. O prazo de 30 s sai. «O jogo em cena» é só o perfil de jogo cujo jogo está aberto quando ela troca à mão: o wrapper o diz vivo, ou, sem wrapper, a última janela era a dele; o fechamento que o wrapper vê solta a trava no próprio tique, com `trava_da_troca_a_mao_solta motivo=o_jogo_em_cena_fechou` (a definição é da conferência: a do implementador era larga demais, todo perfil de jogo que a mão tirava).",01/10/2026,A-TRAVA-DO-JOGO-ABERTO-TEM-UM-DONO-01 (tema freestyle),delegacao,,,
D-0110-O-CHIP-SO-DIZ-FREESTYLE-COM-O-BOTAO-LIGADO,"Sem escolha, o chip diz «—», e o rodapé recusa em vez de mirar o Freestyle",O que o chip e o rodapé fazem quando não há perfil escolhido e o botão Freestyle está apagado?,"o chip diz «—» e o «Aplicar», o «Salvar» e o «Exportar» recusam dizendo o que fazer · miram o Freestyle",o chip diz «—» e o rodapé recusa,"o rodapé deixa de gravar no Freestyle por omissão, que era a terceira perna do `perfil_do_rodape` (O-MODO-FREESTYLE-02/03)",não espera: delegação; a validação é dela,src/hefesto_dualsense4unix/interface/pacotes/a10_perfis.py; src/hefesto_dualsense4unix/profiles/manager.py,,,,01/10/2026,decidida,"DECIDIDA POR DELEGAÇÃO (01/10/2026), A VALIDAR POR ELA. Sem escolha, o chip diz «—», e o «Aplicar», o «Salvar» e o «Exportar» recusam dizendo o que fazer (aponta a aba Perfis); não miram o Freestyle, e nenhum texto novo de tela foi criado. Revoga a terceira perna do `perfil_do_rodape` (O-MODO-FREESTYLE-02/03), que caía no Freestyle.",01/10/2026,O-HEFESTO-ABRE-NO-ULTIMO-PERFIL-E-O-FREESTYLE-DIZ-A-VERDADE-01 (tema freestyle),delegacao,,,
D-0110-A-DISPUTA-DO-QUANDO-USAR-ACABOU,"Com o `match any` fora da seleção, nenhum perfil disputa com o coringa, e o título da disputa fica vazio",O que a aba Perfis diz da disputa de «quando usar» agora que o coringa não é perfil de seleção?,nenhum perfil disputa com o coringa e o título da disputa fica vazio · manter a disputa com o Freestyle,nenhum perfil disputa com o coringa,"o aviso de disputa com o Freestyle some, porque o Freestyle nunca entra por regra",não espera: delegação; a validação é dela,src/hefesto_dualsense4unix/interface/pacotes/a10_perfis.py; src/hefesto_dualsense4unix/profiles/autoswitch.py,,,,01/10/2026,decidida,"DECIDIDA POR DELEGAÇÃO (01/10/2026), A VALIDAR POR ELA. Com o `match any` fora da seleção, nenhum perfil disputa com o coringa, e o título da disputa fica vazio.",01/10/2026,O-HEFESTO-ABRE-NO-ULTIMO-PERFIL-E-O-FREESTYLE-DIZ-A-VERDADE-01 (tema freestyle),delegacao,,,
D-0110-O-APLICAR-NAO-E-ESCOLHA,"O «Aplicar» do rodapé e o «Voltar à de ontem» usam o `profile.reaplicar`, que não grava a escolha","O «Aplicar» é uma escolha de perfil, que grava a sessão e arma a trava?","não: roda a cadeia inteira da ativação sem gravar a escolha · sim, como o «Ativar»",não: a cadeia da ativação sem gravar a escolha,o «Aplicar» não ensina ao boot um perfil que ela não escolheu,não espera: delegação; a validação é dela,src/hefesto_dualsense4unix/profiles/manager.py (reaplicar); src/hefesto_dualsense4unix/interface/pacotes/a10_perfis.py,,,,01/10/2026,decidida,"DECIDIDA POR DELEGAÇÃO (01/10/2026), A VALIDAR POR ELA. O «Aplicar» do rodapé e o «Voltar à de ontem» usam `profile.reaplicar`, que é a cadeia da ativação sem gravar a escolha: não grava a sessão, não mexe no Freestyle e não arma a trava. O «Ativar» lê o corpo por `p.resultado(""profile.switch"", name=nome)`.",01/10/2026,O-APLICAR-E-A-ATIVACAO-SAO-UMA-SO-01 (tema freestyle),delegacao,,,
D-0210-O-DOCTOR-ACEITA-A-LISTA-VAZIA,"O doctor diz OK para zero perfis listáveis na máquina nova, e avisa só quando a resposta vem sem a lista",O que o doctor diz quando o daemon responde uma lista de perfis vazia?,`[ OK ] perfis listáveis via IPC (0)` · aviso,`[ OK ] perfis listáveis via IPC (0)`,a lista vazia deixa de avisar; o aviso fica só para a resposta sem a lista,não espera: delegação; a validação é dela,src/hefesto_dualsense4unix/cli/cmd_doctor.py (_daemon_checks),,,,02/10/2026,decidida,"DECIDIDA POR DELEGAÇÃO (02/10/2026), A VALIDAR POR ELA. O `doctor` diz `[ OK ] perfis listáveis via IPC (0)` na máquina nova (onde o Freestyle não é mais perfil de lista), e o aviso fica só para a resposta sem a lista.",02/10/2026,O-HEFESTO-ABRE-NO-ULTIMO-PERFIL-E-O-FREESTYLE-DIZ-A-VERDADE-01 (tema freestyle),delegacao,,,
D-0210-O-PS-R3-GRAVA-SO-ONDE-ELA-PARA,O PS + R3 grava no perfil do jogo só o modo em que ela ficou depois de uns segundos sem novo aperto,"O PS + R3 grava cada degrau de passagem no perfil do jogo, ou só onde ela para?","só onde ela para, depois de uns segundos sem novo aperto · cada degrau (a forma da D-1309)",só onde ela para,cada degrau de passagem gravado sujava o perfil do jogo com o efeito colateral da roda (medido pela conferência),não espera: escolha dela no chat,src/hefesto_dualsense4unix/daemon/subsystems/hotkey.py,,,,02/10/2026,decidida,"QUEM DECIDIU: ELA no chat, 02/10 (~15h40): «Só onde eu paro». O PS + R3 grava no perfil do jogo o modo em que ela ficou depois de uns segundos sem novo aperto; os modos de passagem não gravam. Revê a FORMA da D-1309-O-MODO-E-A-BASE-E-A-MASCARA-VEM-POR-CIMA (o PS+R3 grava no perfil ativo), que segue valendo no resto: o modo é o caminho de conexão, e a máscara vem por cima. Sprint a escrever (conjunto Botões 2 ou Modo e jogo).",02/10/2026,a conferência da leva 1 do tema freestyle (a pergunta de fato a ela: o PS + R3 grava cada degrau de passagem?),ela,D-1309-O-MODO-E-A-BASE-E-A-MASCARA-VEM-POR-CIMA,,
D-0210-A-VOLTA-DO-PERFIL-TEM-A-ORDEM-DO-RECONECTAR,"A volta do Salvar, do Aplicar e do Importar põe o rádio do elo morto antes do coop.sync, na ordem do Reconectar","Em que ordem a volta do perfil refaz o ambiente, o rádio, os jogadores e a numeração?","refresh, depois o rádio só do elo morto, depois coop.sync e identity.renumber (a do Reconectar) · refresh, jogadores, rádio (a lista numerada da sprint)","refresh, rádio do elo morto, coop.sync e identity.renumber",o controle que volta pelo rádio é alcançado pelo coop.sync; a lista da sprint trazia o rádio depois dos jogadores,não espera: delegação; a validação é dela,src/hefesto_dualsense4unix/interface/pacotes/a10_perfis.py; src/hefesto_dualsense4unix/integrations/gesto_de_reconexao.py,,,,02/10/2026,decidida,"DECIDIDA POR DELEGAÇÃO (02/10/2026), A VALIDAR POR ELA. A ordem da volta é refresh, depois o rádio só do elo morto, depois coop.sync e identity.renumber (a mesma do Reconectar): primeiro quem volta, depois a numeração. A régua 1 só olha a ordem dos métodos IPC, que o rádio não muda. O coop.sync da volta roda `sync(force=True)` sem `origem`, e por isso passa por cima da trava do jogo aberto: recria com o jogo aberto o pad de um secundário cuja máscara ficou para trás, o que a D-A-MASCARA-POR-CONTROLE-VALE-NO-APLICAR («o Aplicar é gesto dela») autoriza e a resposta [44] dela pôs no Importar.",02/10/2026,A-ABA-PERFIS-DIZ-O-STATUS-DE-AGORA-01 e O-SALVAR-E-O-APLICAR-LEEM-O-PERFIL-01 (tema Perfis e o Salvar),delegacao,,,
D-0210-A-DUPLA-CHAMADA-DO-LAUNCH-ENV-REFRESH-NO-SALVAR-E-ACEITA,"O «Salvar» do perfil que vale pede o launch_env.refresh duas vezes, e isso é aceito",O refresh do ambiente de lançamento que o funil pede e o que a volta pede precisam ser um só?,aceita as duas chamadas: o escritor do daemon junta os pedidos · cortar uma,aceita as duas chamadas,"cortar uma exigiria mexer no funil; o escritor entrega a foto ao fio escrevente desde a O-APLICAR-RESPONDE-NA-HORA, e a segunda chamada é inócua",não espera: delegação; a validação é dela,src/hefesto_dualsense4unix/interface/pacotes/a10_perfis.py,,,,02/10/2026,decidida,"DECIDIDA POR DELEGAÇÃO (02/10/2026), A VALIDAR POR ELA. A dupla chamada do `launch_env.refresh` no Salvar do perfil ativo (a do funil e a da volta) é aceita: o escritor do daemon junta os pedidos.",02/10/2026,A-ABA-PERFIS-DIZ-O-STATUS-DE-AGORA-01 e O-SALVAR-E-O-APLICAR-LEEM-O-PERFIL-01 (tema Perfis e o Salvar),delegacao,,,
D-0210-O-STATUS-DIZ-O-NAO-SEI-EM-TRACEJADO-E-O-PONTO-NA-COR-DO-TEXTO,"Na coluna Status, as dicas «O controle não diz.» e «Máscara: <nome>.», o tracejado da casa como «não sei» e o ponto na cor do texto",Como a célula de Status diz o que o aparelho não conta?,"tracejado da casa por cima da cor de apagado, dica «O controle não diz.», ponto na cor do texto fora do halo do aceso · uma cor nova",o tracejado da casa e a dica «O controle não diz.»,"só aparecem onde há o que dizer, e o `.gr` segue sem title",não espera: delegação; a validação é dela,src/hefesto_dualsense4unix/interface/pacotes/a10_perfis.py; src/hefesto_dualsense4unix/interface/paginas/10-perfis.html,,,,02/10/2026,decidida,"DECIDIDA POR DELEGAÇÃO (02/10/2026), A VALIDAR POR ELA. As dicas da célula «Status» são «O controle não diz.» e «Máscara: <nome>.» (por exemplo «Máscara: Xbox 360.»), só onde há o que dizer. O «não sei» usa o tracejado da casa (o mesmo da tira de luz incerta) por cima da cor de apagado. O ponto usa a cor do texto e fica fora do halo do aceso. As respostas dela [39] «Ponto embaixo», [40] «Aceso no DualSense», [41] «Muda junto», [42], [43] e [44] (A-ABA-PERFIS-DIZ-O-STATUS-DE-AGORA-01) já dizem o que a célula mostra; a legenda reescrita só diz o que elas decidiram.",02/10/2026,A-ABA-PERFIS-DIZ-O-STATUS-DE-AGORA-01 e O-SALVAR-E-O-APLICAR-LEEM-O-PERFIL-01 (tema Perfis e o Salvar),delegacao,,,
D-0210-O-STATUS-DO-GATILHO-FICA-NEUTRO-ATE-O-DAEMON-PUBLICAR,"O gatilho, na coluna Status, fica neutro (tracejado) até o daemon publicar o efeito por controle",O que a célula do gatilho diz enquanto o daemon não publica o efeito de cada controle?,"fica neutra, tracejada, com a dica «O controle não diz.» · mostra o efeito do perfil",fica neutra e tracejada,"ruído permanente na tela nos quatro controles, e a dica põe no controle uma dívida que é do daemon: a sprint nova da publicação deve andar logo",não espera: delegação; a validação é dela,src/hefesto_dualsense4unix/interface/pacotes/a10_perfis.py; src/hefesto_dualsense4unix/interface/paginas/10-perfis.html,,,,02/10/2026,decidida,"DECIDIDA POR DELEGAÇÃO (02/10/2026), A VALIDAR POR ELA. O gatilho fica neutro (tracejado, com a dica «O controle não diz.») nos quatro controles até o daemon publicar o efeito por controle; o texto e o neutro estão escritos na sprint (item 2). Vira sprint: a publicação do efeito do gatilho por controle.",02/10/2026,A-ABA-PERFIS-DIZ-O-STATUS-DE-AGORA-01 e O-SALVAR-E-O-APLICAR-LEEM-O-PERFIL-01 (tema Perfis e o Salvar),delegacao,,,
D-0210-A-VIBRACAO-DO-STATUS-FICA-NEUTRA-SEM-O-RUMBLE-MOTORES,"A vibração, na coluna Status, fica neutra sem o mapa rumble_motores, e o alto-falante com volume 0 fica apagado","O que a célula diz da vibração quando o state_full não traz o rumble_motores, e do alto-falante em volume 0?",vibração neutra sem o rumble_motores; alto-falante com volume 0 apagado · o padrão do esquema,vibração neutra sem o rumble_motores; alto-falante em volume 0 apagado,o padrão do esquema não é leitura do aparelho,não espera: delegação; a validação é dela,src/hefesto_dualsense4unix/interface/pacotes/a10_perfis.py,,,,02/10/2026,decidida,"DECIDIDA POR DELEGAÇÃO (02/10/2026), A VALIDAR POR ELA. A vibração fica neutra quando o state_full não tem o mapa `rumble_motores`, porque o padrão do esquema não é leitura; o alto-falante com volume 0 conta como apagado.",02/10/2026,A-ABA-PERFIS-DIZ-O-STATUS-DE-AGORA-01 e O-SALVAR-E-O-APLICAR-LEEM-O-PERFIL-01 (tema Perfis e o Salvar),delegacao,,,
D-0210-A-COLUNA-STATUS-APARECE-SEM-PERFIL,A coluna Status mostra o agora mesmo quando não há perfil para escolher,A coluna Status aparece quando nenhum perfil está escolhido?,"aparece, com o agora mesmo de cada controle · só com perfil",aparece,antes as quatro linhas diziam «Desconectado» com controles na mesa,não espera: delegação; a validação é dela,src/hefesto_dualsense4unix/interface/pacotes/a10_perfis.py,,,,02/10/2026,decidida,"DECIDIDA POR DELEGAÇÃO (02/10/2026), A VALIDAR POR ELA. A coluna aparece sem perfil nenhum, mostrando o agora mesmo; antes as quatro linhas diziam «Desconectado» com controles ligados. As fotos desta parte usam o «Corrida» e o «Desktop», não o Freestyle, porque desde a ordem dela de 02/10 o Freestyle não é mais linha da lista.",02/10/2026,A-ABA-PERFIS-DIZ-O-STATUS-DE-AGORA-01 e O-SALVAR-E-O-APLICAR-LEEM-O-PERFIL-01 (tema Perfis e o Salvar),delegacao,,,
D-0210-A-BANCADA-CONFERE-O-PONTO-DO-STATUS,A linha 14 da bancada (o «Em todos» da aba Gatilhos) confere a falta do ponto embaixo do L2 e do R2,O que a bancada confere do gatilho na coluna Status: o desenho apagado ou a falta do ponto?,a FALTA DO PONTO embaixo do L2 e do R2 · o desenho apagado,a falta do ponto,é a mesma prova com a camada certa; o desenho do gatilho fica tracejado («O controle não diz.») enquanto o daemon não publicar o efeito por controle,não espera: delegação; a validação é dela,"a linha 14 da bancada de provas, lida na coluna Status de src/hefesto_dualsense4unix/interface/pacotes/a10_perfis.py",,,,02/10/2026,decidida,"DECIDIDA POR DELEGAÇÃO (02/10/2026), A VALIDAR POR ELA. A linha 14 da bancada (o «Em todos» da aba Gatilhos) confere, na coluna «Status» da aba Perfis, a FALTA DO PONTO embaixo do L2 e do R2, e não mais o desenho apagado. É o caminho mais reversível. Fonte: as respostas [39] «Ponto embaixo» e [40] da A-ABA-PERFIS-DIZ-O-STATUS-DE-AGORA-01.",02/10/2026,A-ABA-PERFIS-DIZ-O-STATUS-DE-AGORA-01 e O-SALVAR-E-O-APLICAR-LEEM-O-PERFIL-01 (tema Perfis e o Salvar),delegacao,,,
D-3009-COM-O-JOGO-O-LUGAR-GUARDADO-ESPERA,"Com o jogo aberto, o lugar guardado de quem saiu espera o jogo fechar, e ninguém renumera","Com o jogo na autoridade, quando um controle sai e o prazo de 30 s passa, os outros renumeram?","esperar o jogo (o relógio do lugar guardado para; as luzes, a tela e os pads ficam 1, 3, 4) · renumerar, como hoje",esperar o jogo,"durante a partida a numeração fica com o buraco (1, 3, 4); a opção suspende, com o jogo na autoridade, a D-2909-A-NUMERACAO-SE-CONFERE-NA-FATIA e o caso da carta renumerada da D-2309-FORA-DE-ORDEM-SE-RECRIA-NA-HORA, ambas dela, e o «depois, renumera» da D-2409-O-ASSENTO-GUARDADO-NAO-ANDA",não espera: escolha dela no chat,src/hefesto_dualsense4unix/daemon/subsystems/identity.py; src/hefesto_dualsense4unix/daemon/subsystems/coop.py,,,,30/09/2026,decidida,"QUEM DECIDIU: ELA no chat, 02/10 (~15h40): «Esperar o jogo». Com jogo aberto cada controle fica com o número que tinha; o rearranjo é quando o jogo fecha, e o prazo volta a correr (a D-2909 renumera em segundos, sem jogo para perder pad). Quem saiu e volta durante o jogo senta de novo no lugar dele (`lugar_guardado_retomado`). Destrava a cura 2 da A-NUMERACAO-BATE-A-LUZ-COM-O-JOGO-01 (conjunto Botões 2). Nota: a conferência dos Botões deixou a decisão sem resposta («não andou em 02/10, tema botões»); a resposta dela de 02/10 ~15h40 a fecha.",02/10/2026,A-NUMERACAO-BATE-A-LUZ-COM-O-JOGO-01 (tema botões),ela,,,
D-0210-O-DIARIO-DIZ-A-CARTA,"O diário diz a carta do jogador, e o índice de alocação vai ao lado",Que número o diário do co-op escreve: o índice de alocação ou o que a tela mostra?,a carta do jogador em `player=` e o índice em `indice=` · o índice só,"a carta em `player=`, o índice em `indice=`","sem dono do nome (identidade `path:`), o diário diz o índice",não espera: delegação; a validação é dela,src/hefesto_dualsense4unix/daemon/subsystems/identity.py; src/hefesto_dualsense4unix/daemon/subsystems/coop.py (numero_para_o_nome),,,,02/10/2026,decidida,"DECIDIDA POR DELEGAÇÃO (02/10/2026), A VALIDAR POR ELA. As linhas do co-op, o vpad_degradado, o jogador_N_uinput do dedup e a lista do canal_sem_imu dizem a carta do jogador (`numero_para_o_nome`); o índice de alocação vai ao lado em `indice=`. Sem dono do nome (identidade `path:`), o índice. Nenhuma das duas informações se perde, e a tela, o nome do pad e o diário passam a falar o mesmo número. O posto do P1 alimentado por um controle cedido diz a carta de quem o alimenta, não um «1» fixo (acréscimo da conferência).",02/10/2026,o tema botões da leva de 01/10,delegacao,,,
D-0210-O-DIARIO-DIZ-O-NUMERO-QUE-O-JOGO-ESCREVE,"O diário passa a dizer o número que o jogo escreve no controle, a cada mudança do par e por controle",O Hefesto registra quando o jogo escreve um número de jogador diferente do que o Hefesto mandou?,"uma linha info `o_numero_que_o_jogo_escreveu` (uniq mascarado, jogo, hefesto, concorda), zerada com a sessão de saída · não registrar","uma linha info por mudança do par, por controle","o diário só diz; a recusa do backend (D-2309-O-HEFESTO-MANDA-NO-NUMERO) não mudou, e o Hefesto continua mandando no número",não espera: delegação; a validação é dela,src/hefesto_dualsense4unix/daemon/subsystems/identity.py; src/hefesto_dualsense4unix/core/backend_pydualsense.py,,,,02/10/2026,decidida,"DECIDIDA POR DELEGAÇÃO (02/10/2026), A VALIDAR POR ELA. A linha info `o_numero_que_o_jogo_escreveu` (uniq mascarado, jogo, hefesto, concorda) sai a cada mudança do par e por controle, e zera com a sessão de saída. Não muda a D-2309-O-HEFESTO-MANDA-NO-NUMERO.",02/10/2026,o tema botões da leva de 01/10,delegacao,,,
D-0210-A-LUZ-SE-PREPARA-ANTES-DO-DISPARO,"Antes do disparo da tarefa do gatilho da lightbar, a luz solta as lâmpadas e troca a camada do co-op sem escrever",Em que ordem o número do jogador chega à luz: a escrita do co-op ou a do gatilho?,"o preparo publica a camada sem escrever, e a escrita é a do gatilho, uma por controle · duas escritas do mesmo número","o preparo sem escrever, e a escrita é a do gatilho","se a escrita do gatilho falhar num controle (`enviado=False`), ninguém reescreve aquele número até o próximo gatilho; antes, o tique do co-op reescrevia",não espera: delegação; a validação é dela,src/hefesto_dualsense4unix/daemon/subsystems/coop.py; src/hefesto_dualsense4unix/daemon/subsystems/identity.py,,,,02/10/2026,decidida,"DECIDIDA POR DELEGAÇÃO (02/10/2026), A VALIDAR POR ELA. Antes de a tarefa do gatilho da lightbar ir ao executor, a thread do laço solta as lâmpadas e troca a camada do co-op sem escrever; a escrita é a do gatilho, uma por controle («duas escritas do mesmo número seriam duas fatias do rádio por nada»). O diário diz `numero=` no gatilho e `camada_do_coop_escrita` em info. Se um controle ficar com o número velho depois de um gatilho com `enviado=False`, a causa é esta: fica dito para a prova 1 da A-NUMERACAO.",02/10/2026,o tema botões da leva de 01/10,delegacao,,,
D-0210-O-CABO-SEM-NO-RECEBE-O-NUMERO-NA-PUBLICACAO,"O DualSense no cabo sem nó de LED gravável recebe o número na publicação da camada, pelo handle","Com o preparo do gatilho, quem escreve o número num DualSense no cabo sem nó de LED?","a publicação (set_coop_outputs com escrever=False) escreve só ali, pelo handle da pydualsense · o gatilho escreve todos","a publicação escreve só o cabo sem nó de LED, pelo handle","uma escrita a mais só nesse caminho degradado, a mesma que o tique do co-op fazia até 01/10; nenhuma fatia de rádio a mais",não espera: delegação; a validação é dela,src/hefesto_dualsense4unix/daemon/subsystems/coop.py; tests/unit/test_a_lampada_acende_o_numero_que_se_soltou.py,,,,02/10/2026,decidida,"DECIDIDA POR DELEGAÇÃO (02/10/2026), A VALIDAR POR ELA. Com o preparo do gatilho da lightbar, a publicação dos números do co-op (`set_coop_outputs` com `escrever=False`) não escreve o que o gatilho escreve logo depois (o rádio pelo 0x31 e o cabo com nó de LED), e escreve, pelo handle da pydualsense, o DualSense no cabo sem nó de LED gravável (sem a regra 77), que o gatilho não alcança. O produto é para qualquer computador, e no caminho degradado o número não pode envelhecer. Fonte: commit 799b47061 e a régua 8 do teste citado. Contesta a escolha de que o preparo publica «sem escrita nenhuma».",02/10/2026,o tema botões da leva de 01/10,delegacao,,,
D-0210-O-APERTO-CURTO-CHEGA-AO-JOGO,Todo aperto que o leitor viu chega a um quadro do pad do jogo,Um aperto mais curto que o tique chega ao jogo?,"chega, em P1 a P4, cabo e rádio, uhid e as três máscaras do uinput; dois apertos do mesmo botão no mesmo tique viram um · pode se perder entre dois tiques",todo aperto que o leitor viu chega a um quadro do pad,dois apertos do mesmo botão no mesmo tique viram um (decisão técnica da sprint); o aperto do assentamento e o de antes de o pad nascer não chegam (o rebase),não espera: delegação; a validação é dela,src/hefesto_dualsense4unix/core/evdev_reader.py; src/hefesto_dualsense4unix/integrations/uhid_gamepad.py; src/hefesto_dualsense4unix/integrations/uinput_gamepad.py; tests/unit/test_o_botao_chega_ao_jogo_como_ele_e.py,,,,02/10/2026,decidida,"DECIDIDA POR DELEGAÇÃO (02/10/2026), A VALIDAR POR ELA. Todo aperto que o leitor viu chega a um quadro do pad, em P1 a P4, cabo e rádio, uhid e as três máscaras do uinput (ida e volta pelo driver até o pad virtual). Dois apertos do mesmo botão no mesmo tique viram um. O aperto do assentamento e o de antes de o pad nascer não chegam (o rebase). Prova: test_o_botao_chega_ao_jogo_como_ele_e.py, réguas 1 a 5 e 8.",02/10/2026,o tema botões da leva de 01/10,delegacao,,,
D-0210-O-APERTO-ACORDA-O-TIQUE,"O aperto acorda a volta do jogo, nunca a menos de 4 ms de outra nem da próxima do relógio",A volta que entrega o botão ao jogo espera o relógio do período ou acorda no aperto?,"acorda no aperto, no máximo 250 por segundo, nunca a menos de 4 ms de outra · só no relógio do período","acorda no aperto, a não menos de 4 ms de outra","o poll.tick, a bateria, os atalhos do PS e o mouse e o teclado emulados ficam no relógio do período; a queda do nó não acorda o laço (só o conjunto de botões que muda por evento)",não espera: delegação; a validação é dela,src/hefesto_dualsense4unix/daemon/subsystems/poll.py; tests/unit/test_o_aperto_acorda_o_tique.py,,,,02/10/2026,decidida,"DECIDIDA POR DELEGAÇÃO (02/10/2026), A VALIDAR POR ELA. A volta acordada é só do jogo (o P1 e os jogadores 2 a 4), nunca a menos de 4 ms de outra nem da próxima do relógio (no máximo 250/s), com quantos controles houver. O poll.tick, a bateria, os atalhos do PS e o mouse e o teclado emulados (a Navegação, cujo cursor anda por volta) ficam no relógio do período. Prova: test_o_aperto_acorda_o_tique.py, réguas 6, 7 e 9.",02/10/2026,o tema botões da leva de 01/10,delegacao,,,
D-0210-A-REGUA-DO-UINPUT-LE-O-BOTAO-DO-JOGO,"A régua do uinput confere o botão que o SDL lê pelo VID do pad, e não o código que o físico mandou",O que a régua do pad uinput considera o botão certo?,"o botão que o jogo lê: posição com Sony e com Nintendo (USE_BUTTON_LABELS=0), convenção do xpad com o resto · o código do físico",o botão que o jogo lê pelo VID,"a frase da sprint («o código que o físico mandou») reprovaria o produto certo na máscara Xbox, onde o X do jogo é o BTN_X; a máscara DualSense do uinput troca o quadrado e o triângulo no SDL (lido no fonte do SDL 3.4.14, SDL_sysjoystick.c:2377-2408, não medido no aparelho), e isso fica num xfail estrito, sem cura, porque o uinput_gamepad.py não era da posse",não espera: delegação; a validação é dela,tests/unit/test_o_botao_chega_ao_jogo_como_ele_e.py; src/hefesto_dualsense4unix/integrations/uinput_gamepad.py,,,,02/10/2026,decidida,"DECIDIDA POR DELEGAÇÃO (02/10/2026), A VALIDAR POR ELA. O esperado do uinput é o botão que o SDL lê pelo VID que o pad mostra: posição com Sony e com Nintendo (USE_BUTTON_LABELS=0), convenção do xpad com o resto. O defeito da máscara DualSense do uinput (o quadrado e o triângulo trocados) fica no xfail estrito da régua 2b e na pendência; o xfail vira vermelho quando alguém curar. É o caminho de quando o uhid falha. NOTA DE 03/10/2026: o xfail estrito da régua 2b (`test_regua_2b_a_frente_na_mascara_dualsense_do_uinput`) saiu com a poda dos testes da janela GTK (6ae9bdbff) e não voltou com a devolução dos que passam (e60e9737e), porque um xfail não passa; hoje o quadrado e o triângulo trocados da máscara DualSense do uinput não têm régua no código, só a sprint A-MASCARA-DUALSENSE-DO-UINPUT-SEGUE-O-VID-01.",02/10/2026,o tema botões da leva de 01/10,delegacao,,,
D-2909-OS-GESTOS-SAO-DA-MAQUINA,"A tabela dos gestos do PS mora no maquina.json, uma para o computador, e vale para os quatro controles","Os gestos do PS (PS + Options, + cima, + baixo, + R3, o PS segurado e o PS sozinho) são do perfil ou do computador?","do computador, uma tabela só para os quatro controles · do perfil",do computador,"um gesto cujo ato mudasse com o perfil mudaria debaixo do dedo de quem o usa, e um perfil importado de outra pessoa não pode trazer um script para rodar",não espera: escolha dela no chat,src/hefesto_dualsense4unix/utils/maquina.py; src/hefesto_dualsense4unix/core/acoes_do_gesto.py,,,,29/09/2026,decidida,"QUEM DECIDIU: ELA no chat, 29/09 (~22h00, pergunta [33]): «Do computador» (a recomendada). A tabela mora no `maquina.json`, uma para o computador, e vale para os quatro controles; não viaja no perfil: o PS + cima troca de perfil, e um gesto cujo ato mudasse com o perfil mudaria debaixo do dedo. A exceção escrita nasceu na decisão (a linha do PS nas Definições, o perfil, continuava vencendo o PS sozinho) e foi revogada em parte pela D-0110-A-LINHA-DO-PS-SO-DIGITA.",29/09/2026,OS-GESTOS-DO-CONTROLE-FAZEM-O-QUE-DIZEM-01 (tema gestos),ela,,tests/unit/test_os_gestos_do_controle_fazem_o_que_dizem.py::test_o_perfil_nao_carrega_gesto_nem_script,
D-2909-O-SCRIPT-E-UM-ARQUIVO-ESCOLHIDO,"O script de um gesto entra só pelo seletor do sistema, e roda como ela, sem shell, com teto de 60 s",Como um gesto do controle roda um script?,"só um arquivo escolhido pelo seletor do sistema, com o caminho guardado · digitar um comando",só arquivo escolhido,"sem digitar comando, não há shell; a pasta do script não pode ter escrita para grupo e outros, e o dono é a pessoa ou o root",não espera: escolha dela no chat,src/hefesto_dualsense4unix/core/acoes_do_gesto.py; src/hefesto_dualsense4unix/utils/maquina.py,,,,29/09/2026,decidida,"QUEM DECIDIU: ELA no chat, 29/09 (~22h10, pergunta [34]): «Só arquivo escolhido» (a recomendada). O script entra só pelo seletor do sistema, guarda-se o caminho, e roda como ela, sem shell, com teto de 60 s e recado se falhar. A pasta do script não pode ter escrita para grupo e outros, e o dono é a pessoa ou o root.",29/09/2026,OS-GESTOS-DO-CONTROLE-FAZEM-O-QUE-DIZEM-01 (tema gestos),ela,,,
D-2909-PARAR-O-SERVICO-NAO-VOLTA-PELO-CONTROLE,"«Parar o serviço» entra na lista de gestos só se ela o escolher, e a volta é pela bandeja ou pela aba Sistema",«Parar o serviço» é uma ação que um gesto do controle pode ter?,"entra, só se escolhido, e nunca é o de fábrica de gesto nenhum · fica de fora","entra, só se escolhido",é o beco que a casa tirou do ciclo do PS + R3: o controle que para o serviço não tem como voltar por ele mesmo,não espera: escolha dela no chat,src/hefesto_dualsense4unix/core/acoes_do_gesto.py,,,,29/09/2026,decidida,"QUEM DECIDIU: ELA no chat, 29/09 (~22h10, pergunta [35]): «Entra, só se escolhido» (a recomendada). «Parar o serviço» entra na lista porque ela pediu; a volta é pela bandeja ou pela aba Sistema, e a dica diz isso; nunca é o de fábrica de gesto nenhum.",29/09/2026,OS-GESTOS-DO-CONTROLE-FAZEM-O-QUE-DIZEM-01 (tema gestos),ela,,,
D-2909-O-GRUPO-NAVEGACAO-INTERNA-MUDA-DE-NOME,O grupo «Navegação Interna» da lista de gestos se parte em dois: «Perfil» e «Mouse e teclado»,"O grupo «Navegação Interna» da aba 06, que agora tem outro sentido (andar pelas abas), mantém esse nome?","parte em dois, com os rótulos de hoje · mantém o nome",parte em dois,uma palavra com dois sentidos na mesma aba é o defeito,não espera: escolha dela no chat,src/hefesto_dualsense4unix/interface/pacotes/a06_navegacao.py,,,,29/09/2026,decidida,"QUEM DECIDIU: ELA no chat, 29/09 (~22h10, pergunta [36]): «Navegação pelas abas. Mas seleção. Mas usar botões de direção ou analógicos. E sim pode partir em dois» (noqa-acento: citação literal dela, como ela escreve). O grupo se parte em dois, com os rótulos de hoje: «Perfil» (Próximo perfil, Perfil anterior) e «Mouse e teclado» (Suspender mouse e teclado, Sair do modo jogo). A Navegação Interna passa a ser andar pelas abas E selecionar, com os botões de direção ou os analógicos.",29/09/2026,OS-GESTOS-DO-CONTROLE-FAZEM-O-QUE-DIZEM-01 (tema gestos),ela,,,
D-0110-NO-JOGO-O-PS-SOZINHO-E-DO-JOGO,"Com um jogo aberto, o PS sozinho é do jogo, em todo modo: o Hefesto não abre a Steam por ele","Com um jogo aberto, o PS sozinho abre a Steam ou fica para o jogo?","é do jogo, em todo modo · abre a Steam",é do jogo,quem aperta o PS sem querer no meio do jogo não abre a Steam por cima dele,não espera: escolha dela no chat,src/hefesto_dualsense4unix/daemon/subsystems/hotkey.py; src/hefesto_dualsense4unix/core/acoes_do_gesto.py,,,,01/10/2026,decidida,"QUEM DECIDIU: ELA no chat, 01/10 (~23h55, resposta 3): «Não: no jogo o PS é do jogo». A decisão nasceu delegada e passa a ser dela. Com um jogo aberto, o PS sozinho é do jogo em todo modo; só o ato do ⑥ cala, e a tecla do perfil na linha do PS continua digitando (a tecla é do jogo e não rouba o foco). O PS segurado segue o ①.",01/10/2026,O-QUE-E-DO-COMPUTADOR-NAO-MUDA-COM-O-JOGO-01 (tema gestos),ela,,,
D-0110-O-NADA-VOLTA-NOS-SEIS-GESTOS,O «— Nada —» volta na lista dos seis gestos do PS,A lista de cada um dos seis gestos tem a opção «— Nada —»?,"volta nos seis gestos · fica fora, como pedido em 29/09",volta nos seis gestos,"um gesto sem nada a fazer precisa dizer que não faz nada, em vez de ficar com a Steam por omissão",não espera: escolha dela no chat,src/hefesto_dualsense4unix/interface/pacotes/a06_navegacao.py; src/hefesto_dualsense4unix/core/acoes_do_gesto.py,,,,01/10/2026,decidida,"QUEM DECIDIU: ELA no chat, 01/10 (~23h55, resposta 2): «Volta nos seis gestos». Revoga, nesse ponto, o «esse nada tem que sumir dali» de 29/09 (a parte do «Nada» da D-2909-OS-GESTOS-SAO-DA-MAQUINA, que ela pediu na foto de 29/09). O ID é de quem coordena.",01/10/2026,O-QUE-E-DO-COMPUTADOR-NAO-MUDA-COM-O-JOGO-01 (tema gestos),ela,,,
D-0110-O-COMPUTADOR-DA-O-PADRAO-O-JOGO-SOBREPOE,"O som, os sensores, a luz, a vibração, o mouse e o teclado têm um padrão do computador, e o perfil do jogo só sobrepõe","Quando o jogo muda, o que é do computador muda junto?","tem um padrão do computador, um por controle e um para todo controle, e o perfil do jogo só sobrepõe · vale o do perfil, como antes","o computador dá o padrão, e o jogo só sobrepõe","o remapeamento fica no jogo; o «não por jogo» é dela (resposta 1 de 01/10, ~23h55): «não por controle» quer dizer «não por jogo»",não espera: delegação; a validação é dela,src/hefesto_dualsense4unix/profiles/o_padrao_do_computador.py; src/hefesto_dualsense4unix/utils/maquina.py,,,,01/10/2026,decidida,"DECIDIDA POR DELEGAÇÃO (01/10/2026), A VALIDAR POR ELA. O som, os sensores, a luz, a vibração, o mouse e o teclado têm um padrão do computador, um por controle e um para todo controle, e o perfil do jogo só sobrepõe: é a gramática do microfone (29/08) e do teto (28/08), estendida. O «não por jogo» é dela (resposta 1 de 01/10 ~23h55: o computador guarda um valor para cada controle, e um para o controle que chegar novo; trocar de jogo não muda nada disso). REVOGA em parte a D-0809-A-NAVEGACAO-E-GLOBAL-NO-PERFIL (o «no perfil» do mouse, do teclado, das Definições e das teclas; o remapeamento fica no jogo) e a D2 de 05/09 (o clique grava no computador, e não no perfil ativo; a persistência no clique fica). Não revoga a D-O-CONTROLE-E-LEMBRADO-POR-IDENTIDADE-DENTRO-DE-CADA-PERFIL: o jogo continua podendo lembrar cada controle.",01/10/2026,O-QUE-E-DO-COMPUTADOR-NAO-MUDA-COM-O-JOGO-01 (tema gestos),delegacao,D-0809-A-NAVEGACAO-E-GLOBAL-NO-PERFIL,,
D-0110-O-JOGO-SO-GUARDA-QUANDO-ELA-PEDE,"O jogo só guarda um cartão pelo «Só neste jogo», e o cartão mostra o nome do jogo e «Voltar ao do PC»",Quando o perfil do jogo guarda o valor de um cartão do computador?,"só quando ela pede, pelo «Só neste jogo» · a cada toque",só quando ela pede,a D1 de 05/09 («grava tudo o que ela tocou») continua valendo; o que muda é o lugar onde grava,não espera: delegação; a validação é dela,src/hefesto_dualsense4unix/profiles/o_padrao_do_computador.py; src/hefesto_dualsense4unix/interface/pacotes/a02_controles.py,,,,01/10/2026,decidida,"DECIDIDA POR DELEGAÇÃO (01/10/2026), A VALIDAR POR ELA. O jogo só guarda um cartão pelo «Só neste jogo», e o cartão mostra o nome do jogo e «Voltar ao do PC» (a palavra «PC» nasceu na D-0110-A-MARCA-DIZ-PC). Não revoga a D1 de 05/09 («grava tudo o que ela tocou»): muda o lugar onde grava.",01/10/2026,O-QUE-E-DO-COMPUTADOR-NAO-MUDA-COM-O-JOGO-01 (tema gestos),delegacao,,,
D-0110-A-LINHA-DO-PS-SO-DIGITA,A linha do PS das Definições só digita uma tecla; a Steam e o «— Nada —» do PS são do ⑥,A linha do PS nas Definições (o perfil) ainda vence o PS sozinho?,só digita uma tecla; a Steam e o «Nada» são do ⑥ · continua vencendo o PS sozinho,só digita uma tecla,"a escolha de abrir a Steam ou de nada fazer no PS sozinho passa a morar na tabela dos gestos, um dono só",não espera: delegação; a validação é dela,src/hefesto_dualsense4unix/core/acoes_do_gesto.py; src/hefesto_dualsense4unix/daemon/subsystems/hotkey.py,,,,01/10/2026,decidida,"DECIDIDA POR DELEGAÇÃO (01/10/2026), A VALIDAR POR ELA. A linha do PS das Definições só digita uma tecla. A Steam e o «— Nada —» do PS são do ⑥. REVOGA em parte a exceção escrita na D-2909-OS-GESTOS-SAO-DA-MAQUINA («a linha do PS nas Definições (o perfil) continua vencendo o PS sozinho»), que foi dela (29/09, «Do computador»). A migração leva o `__NADA__`/`__STEAM__` da linha do PS do Freestyle ao ⑥, só sem um ⑥ escolhido (D-0110-O-PS-DO-FREESTYLE-VAI-AO-SEXTO).",01/10/2026,O-QUE-E-DO-COMPUTADOR-NAO-MUDA-COM-O-JOGO-01 (tema gestos),delegacao,D-2909-OS-GESTOS-SAO-DA-MAQUINA,tests/unit/test_o_ps_digita_e_continua_sendo_a_saida.py::test_o_de_fabrica_da_linha_do_ps_e_nenhuma_tecla,
D-0110-A-MIGRACAO-SEMEIA-DO-FREESTYLE,"O computador nasce do Freestyle, e o perfil só perde o que já vale igual",De onde nasce o padrão do computador na migração dos perfis antigos?,"do Freestyle, e o perfil só perde o que já vale igual · de fábrica",do Freestyle,"os perfis de jogo antigos passam a seguir o computador nos campos de luz e vibração que guardam o valor de fábrica, com uma cópia de cada perfil feita antes (resposta 4 dela, 01/10 ~23h55)",não espera: delegação; a validação é dela,src/hefesto_dualsense4unix/profiles/o_padrao_do_computador.py; src/hefesto_dualsense4unix/profiles/loader.py,,,,01/10/2026,decidida,"DECIDIDA POR DELEGAÇÃO (01/10/2026), A VALIDAR POR ELA. O computador nasce do Freestyle, e o perfil só perde o que já vale igual. Encosta na D-2909-O-HEFESTO-ABRE-NA-ESCOLHA-DELA. Que os perfis antigos sigam o computador é dela (resposta 4 de 01/10, ~23h55). Depois do install, conferir no diário a migração e as cópias `.antes-do-computador`. Latente: o `rumble.passthrough` segue no perfil (nenhuma tela escreve nele, e os dados dela estão todos True).",01/10/2026,O-QUE-E-DO-COMPUTADOR-NAO-MUDA-COM-O-JOGO-01 (tema gestos),delegacao,,,
D-0110-VOLTAR-AO-PADRAO-E-UM-DEGRAU,"«Voltar ao padrão» tira o jogo; sem jogo, volta o computador ao de fábrica, com pergunta",O que «Voltar ao padrão» faz em cada nível?,"tira o jogo; sem jogo, volta o computador ao de fábrica, com pergunta · volta tudo de uma vez","tira o jogo; sem jogo, volta o computador ao de fábrica, com pergunta",o «Restaurar de fábrica» também restaura o computador e diz isso,não espera: delegação; a validação é dela,src/hefesto_dualsense4unix/interface/pacotes/a02_controles.py; src/hefesto_dualsense4unix/profiles/o_padrao_do_computador.py,,,,01/10/2026,decidida,"DECIDIDA POR DELEGAÇÃO (01/10/2026), A VALIDAR POR ELA. «Voltar ao padrão» é um degrau: tira o jogo; sem jogo, volta o computador ao de fábrica, com pergunta. O «Restaurar de fábrica» também restaura o computador e diz isso. Na luz de um controle, «Voltar ao do PC» também tira a luz global do jogo, o que vale para os outros controles: é honesto (a marca deles também dizia o nome do jogo), mas surpreende.",01/10/2026,O-QUE-E-DO-COMPUTADOR-NAO-MUDA-COM-O-JOGO-01 (tema gestos),delegacao,,,
D-0110-SO-A-FALHA-E-MENOS,"Na frase da troca de perfil, só o que falhou é «menos»; o adiado continua sendo falta",O que a frase da troca conta como «menos»?,"só o que falhou; só `de_fabrica`, `do_computador`, `desligado` e `ignorado_sem_device` saem do «menos» · tudo o que não aplicou",só o que falhou,o adiado continua no «menos» (APLICAR-VERDADE-02),não espera: delegação; a validação é dela,src/hefesto_dualsense4unix/interface/pacotes/a10_perfis.py,,,,01/10/2026,decidida,"DECIDIDA POR DELEGAÇÃO (01/10/2026), A VALIDAR POR ELA. Na frase da troca, só o que falhou é «menos». Ajustada pela conferência: o adiado continua no «menos» (APLICAR-VERDADE-02, é falta); só `de_fabrica`, `do_computador`, `desligado` e `ignorado_sem_device` saem dele.",01/10/2026,O-QUE-E-DO-COMPUTADOR-NAO-MUDA-COM-O-JOGO-01 (tema gestos),delegacao,,,
D-0110-A-MARCA-DIZ-PC,"A marca de quem manda no valor diz «PC», e o botão diz «Voltar ao do PC»",A marca que diz que o valor é do computador usa a palavra «Computador» ou «PC»?,«PC» e o botão «Voltar ao do PC» · «Computador»,«PC»,"«Computador» cortava em 15 px a frase do giroscópio no cabeçalho da 02 na janela mínima (1212 px), e a régua da janela estreita reprova",não espera: delegação; a validação é dela,src/hefesto_dualsense4unix/interface/pacotes/a02_controles.py; src/hefesto_dualsense4unix/interface/pacotes/a04_iluminacao.py,,,,01/10/2026,decidida,"DECIDIDA POR DELEGAÇÃO (01/10/2026), A VALIDAR POR ELA. A palavra da marca é «PC», e não «Computador»: medido na janela mínima (1212 px), «Computador» cortava em 15 px a frase do giroscópio no cabeçalho da 02. «PC» é a palavra da tela dela («Navega o PC», «Controlar o PC»). O botão ficou «Voltar ao do PC».",01/10/2026,O-QUE-E-DO-COMPUTADOR-NAO-MUDA-COM-O-JOGO-01 (tema gestos),delegacao,,,
D-0110-A-MARCA-MORA-NA-BORDA-DA-MOLDURA,"A marca do PC fica na borda de cima da moldura do desenho (04 e 05), no rótulo (02, som) e no título (06)",Onde a marca «PC» ou o nome do jogo mora em cada aba?,"na borda de cima da moldura do desenho, como legenda, na 04 e na 05; no rótulo do Microfone e no cabeçalho dos sensores na 02; no título «As opções de ativação» na 06 · dentro da moldura","na borda de cima da moldura, como legenda","a coluna da 04 mede 472 px contra o teto de 476, e dentro da moldura a marca cobria o L1; onde aperta, quem encolhe é o nome do jogo (com aria-label), e o botão fica inteiro. A marca do som, no rótulo do Microfone, cobre o alto-falante: a posição confunde e fica para o olho dela na sessão dos desenhos",não espera: delegação; a validação é dela,src/hefesto_dualsense4unix/interface/pacotes/a02_controles.py; src/hefesto_dualsense4unix/interface/pacotes/a04_iluminacao.py; src/hefesto_dualsense4unix/interface/pacotes/a05_vibracao.py; src/hefesto_dualsense4unix/interface/pacotes/a06_navegacao.py,,,,01/10/2026,decidida,"DECIDIDA POR DELEGAÇÃO (01/10/2026), A VALIDAR POR ELA. O lugar da marca em cada aba: na 04 e na 05, na borda de cima da moldura do desenho, como legenda; na 02, o som no rótulo do Microfone e os sensores no cabeçalho do card aberto, sem rótulo; na 06, no título «As opções de ativação». A régua da moldura «Sensores» da 02 passou a medir a moldura (`class=""rot""`), e não a palavra: a decisão dela de 31/08 é sobre as três molduras.",01/10/2026,O-QUE-E-DO-COMPUTADOR-NAO-MUDA-COM-O-JOGO-01 (tema gestos),delegacao,,,
D-0110-SO-NESTE-JOGO-COPIA-O-QUE-VALE,O «Só neste jogo» de um controle sem entrada própria copia o que vale nele,O que o «Só neste jogo» grava para um controle que o jogo ainda não tem?,"o que vale nele: a seção global da vista (luz, som, força) ou o de fábrica (sensores ligados); o microfone não se copia · nada","o que vale nele, sem o microfone","o microfone não se copia, porque o mudo é do controle",não espera: delegação; a validação é dela,src/hefesto_dualsense4unix/profiles/o_padrao_do_computador.py; src/hefesto_dualsense4unix/interface/pacotes/a02_controles.py,,,,01/10/2026,decidida,"DECIDIDA POR DELEGAÇÃO (01/10/2026), A VALIDAR POR ELA. O «Só neste jogo» de um controle sem entrada própria copia o que vale nele: a seção global da vista (luz, som, força) ou o de fábrica (sensores ligados). O microfone não se copia, porque o mudo é do controle. Ajustada pela D-0110-O-SO-NESTE-JOGO-SO-APARECE-QUANDO-MUDA-O-DONO (o último degrau passou a ser o valor vivo).",01/10/2026,O-QUE-E-DO-COMPUTADOR-NAO-MUDA-COM-O-JOGO-01 (tema gestos),delegacao,,,
D-0110-O-SO-NESTE-JOGO-SO-APARECE-QUANDO-MUDA-O-DONO,"O «o que vale agora» inclui o valor vivo do aparelho, e o «Só neste jogo» só se oferece quando o clique dá o cartão ao jogo",Quando o botão «Só neste jogo» aparece?,"só quando o clique muda o dono do cartão, e o último degrau da cópia é o valor vivo · sempre",só quando o clique muda o dono,"sem a seção na vista, a cópia anterior não copiava nada",não espera: delegação; a validação é dela,src/hefesto_dualsense4unix/profiles/o_padrao_do_computador.py; src/hefesto_dualsense4unix/interface/pacotes/a02_controles.py,,,,01/10/2026,decidida,"DECIDIDA POR DELEGAÇÃO (01/10/2026), A VALIDAR POR ELA. O «o que vale agora» inclui o valor vivo do aparelho, e o botão só se oferece quando o clique dá o cartão ao jogo. Ajusta a D-0110-SO-NESTE-JOGO-COPIA-O-QUE-VALE. O «Limite» do Mouse e do Teclado era um botão morto, e virou defeito curado.",01/10/2026,O-QUE-E-DO-COMPUTADOR-NAO-MUDA-COM-O-JOGO-01 (tema gestos),delegacao,,,
D-0110-O-STATUS-DO-MODO-GRAVA-SO-O-LIGA-NO-JOGO,O «Status do Modo» grava o mouse.enabled no perfil ativo; as velocidades e o teclado seguem o dono do cartão do computador,"O que o «Status do Modo» grava no perfil, e o que segue o computador?",o `mouse.enabled` vai ao perfil ativo; as velocidades e o teclado seguem o dono do cartão · tudo no computador,o `mouse.enabled` vai ao perfil ativo,"o sentido (06, modo) passou de «computador» a «jogo» na lista conferida, que dizia «não grava perfil»; o «sem escolha» grava no computador mas só aplica na próxima ativação (proposta: sprint pequena depois)",não espera: delegação; a validação é dela,src/hefesto_dualsense4unix/interface/pacotes/a06_navegacao.py; src/hefesto_dualsense4unix/profiles/o_padrao_do_computador.py,,,,01/10/2026,decidida,"DECIDIDA POR DELEGAÇÃO (01/10/2026), A VALIDAR POR ELA. O `mouse.enabled` vai ao perfil ativo. As velocidades e o teclado seguem o dono do cartão do computador. Revoga em parte a D2 de 05/09 («os dois lados na mesma gravação no perfil»), como a D-0110-O-COMPUTADOR-DA-O-PADRAO-O-JOGO-SOBREPOE já revoga a D2 no clique. Contesta a camada de (06, modo) como «computador».",01/10/2026,O-QUE-E-DO-COMPUTADOR-NAO-MUDA-COM-O-JOGO-01 (tema gestos),delegacao,,,
D-0110-O-FREESTYLE-FICA-POR-BAIXO-DO-COMPUTADOR,"Na vista, o que o arquivo do Freestyle guarda de um cartão do computador não vence o computador","Com o Freestyle ligado, o que ele guardou de um cartão do computador vence o computador?",não vence: o Freestyle fica por baixo · vence,não vence,é a regra «o Freestyle não sobrepõe nada» estendida ao aparelho,não espera: delegação; a validação é dela,src/hefesto_dualsense4unix/profiles/o_padrao_do_computador.py,,,,01/10/2026,decidida,"DECIDIDA POR DELEGAÇÃO (01/10/2026), A VALIDAR POR ELA. Na vista, o que o arquivo do Freestyle guarda de um cartão do computador não vence o computador: é a regra «o Freestyle não sobrepõe nada» estendida ao aparelho.",01/10/2026,O-QUE-E-DO-COMPUTADOR-NAO-MUDA-COM-O-JOGO-01 (tema gestos),delegacao,,,
D-0110-O-PS-DO-FREESTYLE-VAI-AO-SEXTO,"A migração leva o __NADA__/__STEAM__ da linha do PS do Freestyle ao gesto ⑥, só sem um ⑥ escolhido",O que a migração faz com o «Nada» ou a «Steam» que a linha do PS do Freestyle guardava?,"leva ao ⑥, só sem um ⑥ escolhido · descarta","leva ao ⑥, só sem um ⑥ escolhido",descartar perderia uma escolha dela,não espera: delegação; a validação é dela,src/hefesto_dualsense4unix/profiles/o_padrao_do_computador.py; src/hefesto_dualsense4unix/utils/maquina.py,,,,02/10/2026,decidida,"DECIDIDA POR DELEGAÇÃO (02/10/2026), A VALIDAR POR ELA. A migração leva o `__NADA__`/`__STEAM__` da linha do PS do Freestyle ao ⑥, só sem um ⑥ escolhido. Completa a D-0110-A-LINHA-DO-PS-SO-DIGITA e a D-0110-A-MIGRACAO-SEMEIA-DO-FREESTYLE, sem perder a escolha dela.",02/10/2026,O-QUE-E-DO-COMPUTADOR-NAO-MUDA-COM-O-JOGO-01 (tema gestos),delegacao,,,
D-3009-A-LISTA-NAO-ANDA-SOZINHA,"A linha de um aparelho na lista do painel fica onde apareceu, e quem chega vai para o fim",A lista de aparelhos achados se reordena pelo sinal?,"não: o número do sinal muda na própria linha, e quem chegou por último vai para o fim · reordena pelo sinal",não se reordena,reordenar faria fugir o que está debaixo do mouse dela,não espera: delegação; a validação é dela,src/hefesto_dualsense4unix/interface/pacotes/a08_conexoes.py; src/hefesto_dualsense4unix/interface/aba08.py,,,,30/09/2026,decidida,"DECIDIDA POR DELEGAÇÃO (30/09/2026), A VALIDAR POR ELA. A linha de um aparelho fica no lugar em que apareceu. O número do sinal muda na própria linha, e a lista não se reordena pelo sinal: o que está debaixo do mouse dela não foge. Quem chegou por último vai para o fim. O tipo, o ícone e o nome de cada linha são da O-PAREAR-ESPERA-O-CLIQUE-01; esta diz só a ordem.",30/09/2026,O-CONECTAR-ABRE-INTEIRO-TODA-VEZ-01 (tema rádio),delegacao,,,
D-3009-A-LISTA-E-DO-ADAPTADOR-ACESO,"A lista do painel é do adaptador do chip aceso, com o sinal medido por ele",A lista de achados é de qual adaptador?,"do chip aceso, com o sinal medido por ele · a soma dos adaptadores",do chip aceso,o mesmo aparelho visto por dois adaptadores aparece em cada um com o sinal de cada um,não espera: delegação; a validação é dela,src/hefesto_dualsense4unix/interface/pacotes/a08_conexoes.py,,,,30/09/2026,decidida,"DECIDIDA POR DELEGAÇÃO (30/09/2026), A VALIDAR POR ELA. A lista do painel é do adaptador do chip aceso, com o sinal medido POR ELE. Trocar o chip troca a lista. O mesmo aparelho visto por dois adaptadores aparece em cada um com o sinal de cada um. O chip apagado vale também para um «Mover» conferindo (a sprint o deixava aceso): medido, o chip aceso tremeria calado.",30/09/2026,O-CONECTAR-ABRE-INTEIRO-TODA-VEZ-01 (tema rádio),delegacao,,,
D-3009-O-PAREAR-E-O-CLIQUE-DELA,"Nada pareia sem o clique dela no «Parear» da linha, ou no «Conectar» de quem o adaptador já conhece",A central do rádio pareia sozinha o aparelho que aparece na busca?,nada pareia sem o clique dela · parear sozinho,nada pareia sem o clique dela,"o controle que volta pelo pareamento antigo continua chegando sozinho (é ele ligando no adaptador que já tem a chave dele); o controle com a chave só do lado dele espera o clique, como os outros",não espera: delegação; a validação é dela,src/hefesto_dualsense4unix/integrations/central_do_radio.py; src/hefesto_dualsense4unix/integrations/gesto_de_pareamento.py,,,,30/09/2026,decidida,"DECIDIDA POR DELEGAÇÃO (30/09/2026), A VALIDAR POR ELA. O «Procurar» abre a busca e o «+ Conectar» abre a lista, e nada pareia sem o clique dela no «Parear» da linha, ou no «Conectar» de quem aquele adaptador já conhece; o adaptador é o do chip aceso, onde a busca está. Revoga a regra de quem coordena de 23/09 (o commit dc5f3b31b e a docstring da central). A frase «o «+ Conectar» abre a busca e a lista», da sprint 2, foi corrigida pela sprint 3 (a busca abre pelo «Procurar»). A D8 de 22/09 («meu sonho era isso ser automático») é a escolha do ADAPTADOR, e a D-2609-O-CONECTAR-PAREIA-NO-ADAPTADOR-ABERTO já a trocou pela caixa que ela abre: as duas ficam.",30/09/2026,O-PAREAR-ESPERA-O-CLIQUE-01 (tema rádio),delegacao,,,
D-3009-O-MOVER-NOMEADO-NAO-PEDE-SEGUNDO-CLIQUE,"O «Mover», o «Equilibrar» e o «Tentar de Novo» de um aparelho nomeado não pedem segundo clique",Mover um aparelho que não é controle pede outro clique para parear?,não: a central espera aquele endereço e pareia quando ele aparece · pede o «Parear»,não pede segundo clique,um segundo clique seria botão novo sobre uma escolha já feita,não espera: delegação; a validação é dela,src/hefesto_dualsense4unix/integrations/central_do_radio.py; src/hefesto_dualsense4unix/integrations/gesto_de_pareamento.py,,,,30/09/2026,decidida,"DECIDIDA POR DELEGAÇÃO (30/09/2026), A VALIDAR POR ELA. O «Mover» (a pergunta, o arrastar, o «Quem vem para cá?»), o «Equilibrar» e o «Tentar de Novo» de um aparelho que não é controle já nomeiam UM aparelho, e o clique dela foi nele. A central continua esperando aquele endereço e pareia quando ele aparece (a R1 dela, 23/09). O «Tentar de Novo» de um controle liga o «Procurar» no adaptador da linha.",30/09/2026,O-PAREAR-ESPERA-O-CLIQUE-01 (tema rádio),delegacao,,,
D-3009-O-CONECTAR-E-UM-INTERRUPTOR,"A busca do rádio é um estado com um dono, e uma peça na tela, o «Procurar», a liga, desliga e mostra",Como a busca do rádio liga e desliga na tela?,"um interruptor «Procurar» (a pílula do «Modo Freestyle»), à esquerda do «+ Conectar» · a busca abre como efeito do «+ Conectar»","um interruptor «Procurar», à esquerda do «+ Conectar»",nada mais liga a busca como efeito colateral; tudo o que diz «procurando» lê o estado da central,não espera: delegação; a validação é dela,src/hefesto_dualsense4unix/integrations/central_do_radio.py; src/hefesto_dualsense4unix/interface/pacotes/a08_conexoes.py; src/hefesto_dualsense4unix/interface/aba08.py,,,,30/09/2026,decidida,"DECIDIDA POR DELEGAÇÃO (30/09/2026), A VALIDAR POR ELA. A busca do rádio vira um estado com um dono (a central), um verbo de valor absoluto e UMA peça na tela que liga, desliga e mostra: a pílula do «Modo Freestyle», com o rótulo «Procurar», à esquerda do «+ Conectar», que fica (ela disse «no lado esquerdo do conectar»). Corrige uma frase da D-3009-O-PAREAR-E-O-CLIQUE-DELA. A busca desligada com o painel fechado diz «Segure PS + Create» sem o passo seguinte (o «Parear») dentro do painel: é o desenho das sprints 2 e 3, e vai para ela validar na prova. O `--publicar 08` entra no mesmo fecho do serviço novo (D-0210-A-08-PUBLICA-COM-O-SERVICO).",30/09/2026,O-CONECTAR-E-UM-INTERRUPTOR-01 (tema rádio),delegacao,,,
D-3009-O-TETO-DA-BUSCA,A busca do «Procurar» dura até ela desligar ou até 120 s,Quanto tempo a busca do «Procurar» fica ligada?,até ela desligar ou até o teto de 120 s · 30 s como o «Mover»,até ela desligar ou até 120 s,"até 2 min, e não 30 s, custa de 32,5% a 43,4% a menos na entrada do adaptador da busca (orcamento-de-ar.csv); o interruptor é como ela o encurta",não espera: delegação; a validação é dela,src/hefesto_dualsense4unix/integrations/gesto_de_pareamento.py (SEGUNDOS_MAX); scripts/bt_ponte_privilegiada.sh,,,,30/09/2026,decidida,"DECIDIDA POR DELEGAÇÃO (30/09/2026), A VALIDAR POR ELA. `SEGUNDOS_MAX` = 120 s (o teto da `bt_ponte_privilegiada.sh`): o `_sem_gesto` e as duas esperas contam por ele; o «Mover» segue com os 30 s dele. Ligada, a busca fica até ela desligar ou até o teto, o que vier antes; aí a central a fecha e publica `busca: None`.",30/09/2026,O-CONECTAR-E-UM-INTERRUPTOR-01 (tema rádio),delegacao,,,
D-3009-A-BUSCA-DESLIGADA-NAO-E-FALHA,"Uma busca que acaba desligada, ou no teto sem ela ter pedido «Parear» em ninguém, não faz linha «Não Conectou»",O fim da busca sem resposta vira linha de falha?,"não: «Não Conectou» fica para o que ela mandou e não chegou · sim, pela idade",não faz linha,"o «esperando» sem aparelho, com a `busca` publicada, nunca vira «Não Conectou» pela idade: quem manda é a `busca`; a idade fica para o «Mover»",não espera: delegação; a validação é dela,src/hefesto_dualsense4unix/interface/pacotes/a08_conexoes.py,,,,30/09/2026,decidida,"DECIDIDA POR DELEGAÇÃO (30/09/2026), A VALIDAR POR ELA. O movimento que acaba em `desligada`, ou no teto sem ela ter pedido «Parear» em ninguém, não faz linha «Não Conectou». O «Não Conectou» fica para o que ela mandou e não chegou: o «Parear» de um achado, o «Mover» e o zumbi. Esta tira a origem do «fantasma» pelo MOTIVO; a D-3009-A-LINHA-TEM-APARELHO tira pelo APARELHO, e as duas regras convivem.",30/09/2026,O-CONECTAR-E-UM-INTERRUPTOR-01 (tema rádio),delegacao,,,
D-3009-A-LINHA-TEM-APARELHO,A linha «Não Conectou» só existe enquanto há um aparelho de verdade que não chegou e não está no ar em adaptador nenhum,Quando a central do rádio faz uma linha «Não Conectou»?,"só com aparelho conhecido que não está no ar em adaptador nenhum, por nenhum transporte · também sem aparelho",só com aparelho de verdade que não chegou,a linha do controle preso que o vigia não derrubou (D-2809-O-ZUMBI-QUE-NAO-SE-CURA-E-NAO-CONECTOU) não é movimento da central e fica como está,não espera: delegação; a validação é dela,src/hefesto_dualsense4unix/interface/pacotes/a08_conexoes.py,,,,30/09/2026,decidida,"DECIDIDA POR DELEGAÇÃO (30/09/2026), A VALIDAR POR ELA. A linha «Não Conectou» de um movimento da central só existe enquanto há um aparelho de verdade que não chegou (o endereço é conhecido) e que não está no ar em adaptador nenhum (o BlueZ `Connected`, ou um `uniq` em `ctx.conectados`, que inclui o cabo). A busca que ninguém respondeu não vira linha, nem pinta a caixa, nem abre a caixa; o fim dessa busca é dito onde a busca mora, no «Conectar». O «último» passa a ser por aparelho, e não por adaptador.",30/09/2026,ESQUECER-E-LIMPAR-AS-CONEXOES-01 (tema rádio),delegacao,,,
D-3009-O-ESQUECER-TEM-NOME,"Toda linha de aparelho com pareamento troca o × por um «⋮», e o painel lateral tem só o «Esquecer»",Como a tela esquece um aparelho pareado?,"o «⋮», que abre o painel lateral de sempre com só o «Esquecer» · um × em cada linha",o «⋮» com só o «Esquecer»,"o «⋮» não tem «Desconectar» (a R7 dela: o desconectar mora no mover) nem «Renomear» (é o campo do nome); com o adaptador não descrito pelo BlueZ, o «⋮» fica na linha e treme (`hef-recusou`), em vez de sumir; a pergunta ainda diz «Para voltar, use Conectar.» e o caminho certo hoje é «Procurar» e depois «Parear»: uma linha (`pergunta_de_esquecer`) se ela preferir «Para voltar, ligue o Procurar.»",não espera: delegação; a validação é dela,src/hefesto_dualsense4unix/interface/pacotes/a08_conexoes.py; src/hefesto_dualsense4unix/interface/aba08.py,,,,30/09/2026,decidida,"DECIDIDA POR DELEGAÇÃO (30/09/2026), A VALIDAR POR ELA. Toda linha de aparelho com pareamento naquele adaptador (controle no ar, «Desligado», «USB», e também teclado, mouse, fone e afins) troca o × por um «⋮», como nas Configurações do COSMIC da foto 8. O menu é o painel lateral de sempre (`painel-molde` data-painel=""menu""), com o «Esquecer» (a pergunta de hoje, sem mudar a frase). O × fica só onde fecha um aviso: a linha «Não Conectou». Nenhum botão a mais por linha. O «–» da vaga fica como está.",30/09/2026,ESQUECER-E-LIMPAR-AS-CONEXOES-01 (tema rádio),delegacao,,tests/unit/test_o_pareamento_que_nao_chega_devolve_os_botoes.py::test_o_fone_da_sony_desligado_nao_vira_controle,
D-3009-LIMPAR-E-DE-UM-ADAPTADOR,O botão «Limpar conexões» no «⋮» do cabeçalho de cada adaptador,Um botão no cabeçalho de cada adaptador esquece de uma vez os controles pareados ali?,o botão «Limpar conexões» · a casa se limpando sozinha,"o botão, preso à pergunta 1","o botão, o `adaptador-menu`, o `limpar-conexoes` e o `confirmar-limpar` saem da sprint",não espera: delegação; a validação é dela,src/hefesto_dualsense4unix/interface/pacotes/a08_conexoes.py,,,,30/09/2026,decidida,"DECIDIDA POR DELEGAÇÃO (30/09/2026), A VALIDAR POR ELA. CADUCA EM 30/09/2026 (~03h) — a resposta dela («limpar com frequencia a cada troca ou ao desligar os controles» (noqa-acento: citação literal dela, como ela escreve)) não pede botão: pede a casa se limpando sozinha. Vale a D-3009-A-CASA-SE-LIMPA-SOZINHA. O texto de antes: DECIDIDA POR DELEGAÇÃO (30/09/2026), A VALIDAR POR ELA. Um botão «Limpar conexões» no «⋮» do cabeçalho de cada adaptador esqueceria de uma vez os controles pareados ali, cada um com a sua lápide, e estava presa à pergunta 1. Fica a guarda que ela tinha: teclado, fone e afins saem só pela linha deles.",30/09/2026,ESQUECER-E-LIMPAR-AS-CONEXOES-01 (tema rádio),delegacao,,,
D-3009-A-CASA-SE-LIMPA-SOZINHA,"O que sobra de uma troca de adaptador sai sozinho, sem botão e sem pergunta, pela central do rádio, no daemon",Quando e como a casa do rádio se limpa das chaves que sobram?,"sozinha, depois de cada troca, quando um controle desliga e na volta da faxina; a tela nunca limpa · pelo botão «Limpar conexões»","sozinha, nos três momentos, com a janela aberta ou não","abrir a aba não é um momento: a meia chave que só a tela tirava, e só com a janela aberta, foi o defeito de 26/09; a faxina nunca leva a única chave, e sem a ponte nada sai (o diário diz «não limpou: sem lápide» uma vez por par); o «Conectar» que pareou no destino e não conferiu esquece as origens, menos com o controle no ar",não espera: escolha dela no chat,src/hefesto_dualsense4unix/integrations/central_do_radio.py (CentralDoRadio.limpar),,,,30/09/2026,decidida,"QUEM DECIDIU: ELA, em parte, no chat, 30/09 (~03h): «limpar com frequencia a cada troca ou ao desligar os controles» (noqa-acento: citação literal dela, como ela escreve); os momentos e as guardas são de quem coordena, a validar por ela. O que sobra de uma troca sai sozinho, sem botão e sem pergunta, pela central do rádio, no daemon, com a janela aberta ou não. Os momentos são três: depois de cada troca («Mover», «Equilibrar», o chip, o «Conectar», o controle que voltou pelo pareamento antigo, e também o «não chegou»), quando um controle desliga (sai do ar pelo rádio ou passa para o cabo) e a volta da faxina que já existe. Ela limpa a chave dobrada de um controle e a chave morta da origem de um «Conectar» que pareou e não conferiu. Substitui a D-3009-LIMPAR-E-DE-UM-ADAPTADOR.",30/09/2026,ESQUECER-E-LIMPAR-AS-CONEXOES-01 (tema rádio),ela,D-3009-LIMPAR-E-DE-UM-ADAPTADOR,,
D-3009-TODO-ESQUECER-TEM-LAPIDE,"O pareamento que sai por fora, com o bluetoothd vivo e o adaptador na máquina, ganha a lápide também",O esquecer que a tela não fez (a chave tirada por fora) deixa lápide?,"deixa, pelo mesmo verbo da ponte, aos 60 s · só o esquecer da tela",deixa lápide,"sem a lápide, o controle voltaria a se parear sozinho pela chave que ela tirou",não espera: delegação; a validação é dela,src/hefesto_dualsense4unix/integrations/central_do_radio.py; scripts/bt_ponte_privilegiada.sh,,,,30/09/2026,decidida,"DECIDIDA POR DELEGAÇÃO (30/09/2026), A VALIDAR POR ELA. O pareamento que sai por fora, com o `bluetoothd` vivo e o adaptador ainda na máquina, ganha a lápide também, pelo mesmo verbo da ponte (a lápide da chave tirada por fora, aos 60 s). Toda decisão de máquina, sem tela.",30/09/2026,ESQUECER-E-LIMPAR-AS-CONEXOES-01 (tema rádio),delegacao,,,
D-3009-O-HZ-SE-PINTA-PELO-QUE-O-JOGO-RECEBE,"O Hz de cada controle no rádio se pinta pelo que o jogo recebe: verde a partir de 250, branco a partir de 125, vermelho abaixo",De que cor o «movimento por segundo» de um controle no rádio se pinta?,"verde ≥ 250 Hz, branco de 125 a 250, vermelho < 125 e o 0.0, e segura 3 s · uma cor só","verde ≥ 250, branco ≥ 125, vermelho abaixo, e segura 3 s","o nível melhor só volta 3 s depois da ÚLTIMA janela ruim (amostra a amostra, por `uniq`), e com tique de 1 s o «359 Hz» vermelho aparece por cerca de 3 s",não espera: delegação; a validação é dela,"src/hefesto_dualsense4unix/integrations/radio_da_mesa.py (HZ_QUE_ENGASGA, HZ_DO_JOGO); src/hefesto_dualsense4unix/interface/pacotes/a08_conexoes.py",,,,30/09/2026,decidida,"DECIDIDA POR DELEGAÇÃO (30/09/2026), A VALIDAR POR ELA. Três níveis, com cortes de dono e sem número novo: `liso` ≥ 250 Hz (verde, o teto do movimento que o pad virtual entrega, `MOTION_EMIT_MAX_HZ`, e o que o USB dá em qualquer modo; inclui os 258–293 de dois controles com a voz), o do meio, de 125 a 250 Hz (branco da casa), `engasga` < 125 Hz e o 0.0 (vermelho; abaixo dele o intervalo entre leituras passa de 8 ms). Sem número, a cor apagada. A palavra do transporte na tela é USB e BT, e não «cabo». O nível do meio usa `--fg`, e o vermelho não nasce fora do Hz e dos canais.",30/09/2026,O-HZ-TEM-A-COR-DA-DISTANCIA-01 (tema rádio),delegacao,,,
D-3009-OS-CANAIS-SE-PINTAM-PELO-PISO-DO-SALTO,"Os «N/79» canais usados se pintam pelo piso do salto: verde a partir de 60, branco acima de 20, vermelho até 20",De que cor se pintam os canais usados do salto?,"verde ≥ 60 usados, branco de 21 a 59, vermelho ≤ 20 · uma cor só","verde ≥ 60, branco > 20, vermelho ≤ 20",o piso de 20 é o da especificação: não há mais canal limpo; os três colapsos de 29/09 ficaram em 20 ou menos,não espera: delegação; a validação é dela,src/hefesto_dualsense4unix/integrations/ar_do_adaptador.py (CANAIS_MINIMOS_DO_AFH); src/hefesto_dualsense4unix/interface/pacotes/a08_conexoes.py,,,,30/09/2026,decidida,"DECIDIDA POR DELEGAÇÃO (30/09/2026), A VALIDAR POR ELA. Os mesmos três níveis e as mesmas cores do Hz, pela contagem de canais usados: `liso` ≥ 60 usados (evita até 19; quatro dos sete retratos sem colapso de 29/09 evitaram de 5 a 16), o do meio, de 21 a 59 (o salto está fugindo de vizinho e ainda tem para onde) e `engasga` ≤ 20. A classe `apertado` saiu dos «N/79», mas fica nas pontes.",30/09/2026,O-HZ-TEM-A-COR-DA-DISTANCIA-01 (tema rádio),delegacao,,,
D-3009-A-DISTANCIA-E-O-RSSI-E-ESPERA-A-PROVA,"O número da distância até o adaptador é o RSSI do enlace, e só chega à tela depois da prova da bancada",O Hz diz a distância do controle ao adaptador?,"o RSSI do enlace, só depois de a bancada provar que ele se lê sem root, anda com a distância e anda antes de o Hz cair · o Hz","o RSSI, só depois da prova","nesta sprint entra só o leitor, e só se a prova 0 passar",não espera: delegação; a validação é dela,src/hefesto_dualsense4unix/integrations/ar_do_adaptador.py,,,,30/09/2026,decidida,"DECIDIDA POR DELEGAÇÃO (30/09/2026), A VALIDAR POR ELA. O número que responde «a distância até aquele adaptador» é o RSSI do enlace, e não o Hz. Ele só chega à tela quando a bancada dela provar três coisas: ele se lê sem root, ele anda com a distância e ele anda antes de o Hz cair.",30/09/2026,O-HZ-TEM-A-COR-DA-DISTANCIA-01 (tema rádio),delegacao,,,
D-0110-A-CONTA-DO-MAPEAR-CALA-SEM-ENTRADA,A conta do «Mapear Entradas» fica calada quando não há entrada mapeada,O que a conta do «Mapear Entradas» diz quando não há entrada mapeada?,"nada, porque a lista ao lado já diz «Nenhuma ainda.» · «nenhuma» duas vezes",nada,dizer «nenhuma» duas vezes era o defeito da foto 8,não espera: delegação; a validação é dela,src/hefesto_dualsense4unix/interface/pacotes/a08_conexoes.py; src/hefesto_dualsense4unix/interface/pacotes/a12_mapa_das_portas.py,,,,01/10/2026,decidida,"DECIDIDA POR DELEGAÇÃO (01/10/2026), A VALIDAR POR ELA. Sem nenhuma entrada numerada, a conta do Mapear fica calada: a lista ao lado já diz «Nenhuma ainda.». Com entradas, «N entradas mapeadas.», contadas da mesma lista do disco.",01/10/2026,O-MAPEAR-LISTA-O-QUE-JA-FOI-MAPEADO-01 e O-MAPA-DAS-CONEXOES-CABE-NA-ABA-E-FALA-MENOS-01 (tema conexões),delegacao,,,
D-0110-O-SALVAR-VAZIO-E-A-REVISITA,"O «Salvar e ir para a próxima» com nome e lugar vazios, numa entrada com face e com o cabo nela, é a revisita",O que o «Salvar e ir para a próxima» faz com nome e lugar vazios numa entrada que já tem número?,"na entrada com face e com o cabo nela é a revisita do «só o nome»: o cabo prova o buraco de novo, e número, nome e face ficam; sem face, nada é gravado e não há recusa · recusa","é a revisita, com número, nome e face mantidos","a «gravação que não gravou» do corpo da sprint só vale para a numerada sem face e para a da lista; na porta sem número, ela nasce numerada fora de toda face, e o Mapa das Conexões não a desenha (sprint a escrever)",não espera: delegação; a validação é dela,src/hefesto_dualsense4unix/interface/pacotes/a08_conexoes.py; src/hefesto_dualsense4unix/interface/pacotes/a12_mapa_das_portas.py,,,,01/10/2026,decidida,"DECIDIDA POR DELEGAÇÃO (01/10/2026), A VALIDAR POR ELA. Na entrada com face e com o cabo nela, o Salvar vazio é a revisita do «só o nome»: o cabo prova o buraco de novo, e número, nome e face ficam. Na entrada sem face, nada é gravado e não há recusa. Na porta sem número, ela nasce numerada fora de toda face. Medido: o `gravar` passa a face que a porta já tem.",01/10/2026,O-MAPEAR-LISTA-O-QUE-JA-FOI-MAPEADO-01 e O-MAPA-DAS-CONEXOES-CABE-NA-ABA-E-FALA-MENOS-01 (tema conexões),delegacao,,,
D-0110-O-SUGESTOES-DIZ-SO-A-CONTA,A chamada do Sugestões diz só «N movimentos»,A chamada do Sugestões guarda «e o seu arranjo fica no melhor que este hardware permite.»?,não: fica «N movimentos» · guarda a frase,só «N movimentos»,a cauda sozinha passava da meta de 60 palavras com os 4 movimentos dela,não espera: delegação; a validação é dela,src/hefesto_dualsense4unix/interface/pacotes/a08_conexoes.py; src/hefesto_dualsense4unix/interface/pacotes/a12_mapa_das_portas.py,,,,01/10/2026,decidida,"DECIDIDA POR DELEGAÇÃO (01/10/2026), A VALIDAR POR ELA. A chamada do Sugestões fica só «N movimentos», pela meta de 60 palavras da O-MAPA-DAS-CONEXOES-CABE-NA-ABA-E-FALA-MENOS-01.",01/10/2026,O-MAPEAR-LISTA-O-QUE-JA-FOI-MAPEADO-01 e O-MAPA-DAS-CONEXOES-CABE-NA-ABA-E-FALA-MENOS-01 (tema conexões),delegacao,,,
D-0110-O-QUE-SE-PERDE-FICA,"O «O que se perde:» das variantes fica, e aparece só quando a variante perde alguma coisa",O «O que se perde:» das variantes sai junto com a descrição?,"fica, e só aparece quando a variante perde alguma coisa · sai","fica, só quando perde",a sprint não o lista entre os textos que saem,não espera: delegação; a validação é dela,src/hefesto_dualsense4unix/interface/pacotes/a08_conexoes.py; src/hefesto_dualsense4unix/interface/pacotes/a12_mapa_das_portas.py,,,,01/10/2026,decidida,"DECIDIDA POR DELEGAÇÃO (01/10/2026), A VALIDAR POR ELA. O «O que se perde:» das variantes fica, e aparece só quando a variante perde alguma coisa.",01/10/2026,O-MAPEAR-LISTA-O-QUE-JA-FOI-MAPEADO-01 e O-MAPA-DAS-CONEXOES-CABE-NA-ABA-E-FALA-MENOS-01 (tema conexões),delegacao,,,
D-0110-AS-RAZOES-NO-INTERROGACAO,"As razões de cada movimento do mapa moram no «?» da linha, com o selo de cada uma",Onde moram as razões de cada movimento do Mapa das Conexões?,"no «?» da linha, com o selo de cada uma; a linha do ganho não medido fica fora, visível e curta · em texto corrido",no «?» da linha,"a linha do ganho não medido fica visível, com o selo «derivado» e só a frase em negrito (D-LINHA-DO-GANHO-NAO-MEDIDO de pé)",não espera: delegação; a validação é dela,src/hefesto_dualsense4unix/interface/pacotes/a08_conexoes.py; src/hefesto_dualsense4unix/interface/pacotes/a12_mapa_das_portas.py; src/hefesto_dualsense4unix/interface/aba08.py,,,,01/10/2026,decidida,"DECIDIDA POR DELEGAÇÃO (01/10/2026), A VALIDAR POR ELA. As razões de cada movimento moram no «?» da linha, com o selo de cada uma. A dica é o «?» da casa, dentro da receita (`.receita .ajuda`), focável e com abertura no foco e sob o ponteiro (o padrão `class=""ajuda"" tabindex=""0""` aparece 22 vezes na casa); o `p.ajuda` da bandeja é outra peça.",01/10/2026,O-MAPEAR-LISTA-O-QUE-JA-FOI-MAPEADO-01 e O-MAPA-DAS-CONEXOES-CABE-NA-ABA-E-FALA-MENOS-01 (tema conexões),delegacao,,tests/unit/test_o_mapa_das_conexoes_cabe_na_aba.py::test_o_sugestoes_fala_menos_e_o_mapa_comeca_na_vista,
D-0110-ATUALMENTE-CONECTADO-SO-ACIMA-DE-900,O «Atualmente conectado» acaba no fim do hub só com o palco em duas colunas (acima de 900 px),O «Atualmente conectado» acaba no fim do hub em toda largura?,"só acima de 900 px; numa coluna só, a lista tem teto de 22rem e rola · em toda largura",só acima de 900 px,"numa coluna só, a lista rola dentro de um teto de 22rem",não espera: delegação; a validação é dela,src/hefesto_dualsense4unix/interface/pacotes/a08_conexoes.py; src/hefesto_dualsense4unix/interface/pacotes/a12_mapa_das_portas.py,,,,01/10/2026,decidida,"DECIDIDA POR DELEGAÇÃO (01/10/2026), A VALIDAR POR ELA. O «Atualmente conectado» acaba no fim do hub só com o palco em duas colunas (acima de 900 px). Numa coluna só, a lista tem teto de 22rem e rola. Os itens (a) e (g) da A-BANDEJA, que foi absorvida, entraram aqui, com a guarda de 901 px e o teto de 22rem que ela mediu.",01/10/2026,O-MAPEAR-LISTA-O-QUE-JA-FOI-MAPEADO-01 e O-MAPA-DAS-CONEXOES-CABE-NA-ABA-E-FALA-MENOS-01 (tema conexões),delegacao,,,
D-0110-AS-ENTRADAS-SE-ARRUMAM-SOZINHAS,"As entradas do Mapear Entradas se arrumam sozinhas (`repeat(auto-fill, 17rem)`), sem botão vertical/horizontal","O «N de M ocupadas» ganha um botão vertical/horizontal, ou as entradas se arrumam sozinhas?","arrumação automática nas três formas, sem botão novo · um botão vertical/horizontal","arrumação automática, sem botão novo",perde-se a forma de duas colunas da traseira,não espera: delegação; a validação é dela,src/hefesto_dualsense4unix/interface/pacotes/a08_conexoes.py; src/hefesto_dualsense4unix/interface/pacotes/a12_mapa_das_portas.py,,,,01/10/2026,decidida,"DECIDIDA POR DELEGAÇÃO (01/10/2026), A VALIDAR POR ELA. Arrumação automática (`repeat(auto-fill, 17rem)` nas três formas), sem botão novo; perde-se a forma de duas colunas da traseira. Fonte: O-MAPA-DAS-CONEXOES-CABE-NA-ABA-E-FALA-MENOS-01, «O que é dela». O relato dizia que já estava no CSV, e não estava.",01/10/2026,O-MAPEAR-LISTA-O-QUE-JA-FOI-MAPEADO-01 e O-MAPA-DAS-CONEXOES-CABE-NA-ABA-E-FALA-MENOS-01 (tema conexões),delegacao,,,
D-2909-O-RODAPE-DO-MAPA-E-A-LEGENDA,"O «rodapé» do Mapa das Conexões era a legenda «USB 3.0 · USB 2.0», que sobe para a linha dos modos, à direita",O que era o «rodapé» do mapa das conexões?,a legenda · outra coisa,a legenda,"a legenda sobe para a linha dos modos, à direita",não espera: escolha dela no chat,src/hefesto_dualsense4unix/interface/pacotes/a08_conexoes.py; src/hefesto_dualsense4unix/interface/pacotes/a12_mapa_das_portas.py,,,,29/09/2026,decidida,"QUEM DECIDIU: ELA no chat, 29/09 (~22h10, pergunta [37] do lote 9): «Era a legenda» (a recomendada). A legenda «USB 3.0 · USB 2.0» sobe para a linha dos modos, à direita. Fonte: a seção «As respostas dela» da O-MAPA-DAS-CONEXOES-CABE-NA-ABA-E-FALA-MENOS-01; o relato dizia que já estava no CSV, e não estava.",29/09/2026,O-MAPEAR-LISTA-O-QUE-JA-FOI-MAPEADO-01 e O-MAPA-DAS-CONEXOES-CABE-NA-ABA-E-FALA-MENOS-01 (tema conexões),ela,,,
D-0110-A-DICA-DO-MAPEAR-DIZ-OPCIONAL,"A dica «?» do Mapear diz que o nome e o lugar são opcionais, e a seção se chama «Gestão de Controles»",A dica do Mapear continua mandando dar nome e lugar?,"não: diz que os dois são opcionais, como a frase dela · manda dar nome e lugar",diz que são opcionais,a dica velha contradizia a frase dela de 29/09,não espera: delegação; a validação é dela,src/hefesto_dualsense4unix/interface/pacotes/a08_conexoes.py; src/hefesto_dualsense4unix/interface/pacotes/a12_mapa_das_portas.py,,,,02/10/2026,decidida,"DECIDIDA POR DELEGAÇÃO (02/10/2026), A VALIDAR POR ELA. A dica «?» do Mapear diz que o nome e o lugar são opcionais, como a frase dela, e chama a seção de «Gestão de Controles» (conferência de 02/10).",02/10/2026,O-MAPEAR-LISTA-O-QUE-JA-FOI-MAPEADO-01 e O-MAPA-DAS-CONEXOES-CABE-NA-ABA-E-FALA-MENOS-01 (tema conexões),delegacao,,,
D-0210-A-DICA-DO-BOTAO-DO-MAPEAR,"A dica do botão «Mapear Entradas» diz «ligue o DualSense em cada entrada, uma por vez; o nome e o lugar são opcionais»",O que a dica do botão «Mapear Entradas» diz?,"«ligue o DualSense em cada entrada, uma por vez; o nome e o lugar são opcionais» · a de antes","«ligue o DualSense em cada entrada, uma por vez; o nome e o lugar são opcionais»",é a mesma palavra da frase dela de 29/09 e da dica do diálogo,não espera: delegação; a validação é dela,src/hefesto_dualsense4unix/interface/pacotes/a08_conexoes.py; src/hefesto_dualsense4unix/interface/pacotes/a12_mapa_das_portas.py,,,,02/10/2026,decidida,"DECIDIDA POR DELEGAÇÃO (02/10/2026), A VALIDAR POR ELA. A dica do botão «Mapear Entradas» diz «ligue o DualSense em cada entrada, uma por vez; o nome e o lugar são opcionais»: a mesma palavra da frase dela de 29/09 e da dica do diálogo (D-0110-A-DICA-DO-MAPEAR-DIZ-OPCIONAL).",02/10/2026,O-MAPEAR-LISTA-O-QUE-JA-FOI-MAPEADO-01 e O-MAPA-DAS-CONEXOES-CABE-NA-ABA-E-FALA-MENOS-01 (tema conexões),delegacao,,,
D-0210-OS-CHIPS-DO-MAPA-DESCEM-DE-LINHA,"No Mapa do controle, quando a janela não cabe, os chips do «Controle» descem para a linha seguinte com o nome inteiro","Na janela ladrilhada (1212 px ou menor), os chips do «Controle» encurtam o nome, escondem chips ou descem de linha?","descem de linha, com o nome inteiro («P3 • Galactic Purple • BT») · encurtam o nome · escondem chips","descem de linha, com o nome inteiro","a barra de luz fica com o Apagar ao lado; o nome é o que diz qual controle está sendo visto (o pedido dela de 29/09), e a descida é a cura mais reversível",não espera: delegação; a validação é dela,src/hefesto_dualsense4unix/interface/pacotes/a13_mapa_do_controle.py,,,,02/10/2026,decidida,"DECIDIDA POR DELEGAÇÃO (02/10/2026), A VALIDAR POR ELA. No Mapa do controle, quando a janela não cabe (a ladrilhada de 1212 px ou menor), os chips do «Controle» descem para a linha seguinte com o nome inteiro do controle («P3 • Galactic Purple • BT»), em vez de encurtar o nome ou esconder chips. A barra de luz fica com o Apagar ao lado.",02/10/2026,O-MAPA-DO-CONTROLE-PISCA-E-SEGUE-O-REMAPEAMENTO-01 (tema conexões),delegacao,,,
D-0210-A-08-PUBLICA-COM-O-SERVICO,"O `--publicar 08-conexoes.html` entra no mesmo fecho que leva o serviço novo, antes do install","Em que fecho a página 08 é publicada, em relação ao serviço novo do rádio?","no mesmo fecho do serviço novo, antes do install · separada",no mesmo fecho do serviço novo,"com o serviço novo e a 08 velha, o «+ Conectar» não busca e as caixas dizem «Segure PS + Create» sem busca (medido)",não espera: delegação; a validação é dela,src/hefesto_dualsense4unix/interface/paginas/08-conexoes.html; mockup/08-conexoes.html,,,,02/10/2026,decidida,"DECIDIDA POR DELEGAÇÃO (02/10/2026), A VALIDAR POR ELA. O `--publicar 08-conexoes.html` entra no MESMO fecho que leva o serviço novo, antes do install: com o serviço novo e a 08 velha, o «+ Conectar» não busca e as caixas dizem «Segure PS + Create» sem busca (medido). Decisão de ordem de publicação com efeito de tela, não de coordenação.",02/10/2026,o tema conexões da leva de 01/10 (a conferência de partes),delegacao,,,
D-2909-O-MAPA-DO-CONTROLE-MORA-SO-NA-CONEXOES,O mapa do controle mora só na aba Conexões: saem o botão da 02 e a porta de canto da 06,"O mapa do controle fica na aba Controles, na Navegação, ou só nas Conexões?",só na aba Conexões · também na 02 e na 06,só na aba Conexões,"o «Voltar» do mapa tem a 08 como reserva, e o da Calibrar segue tendo a 02, porque o Calibrar continua lá",não espera: escolha dela no chat,src/hefesto_dualsense4unix/interface/pacotes/a13_mapa_do_controle.py; src/hefesto_dualsense4unix/interface/pacotes/a02_controles.py; src/hefesto_dualsense4unix/interface/pacotes/a06_navegacao.py,,,,29/09/2026,decidida,"QUEM DECIDIU: ELA no chat, 29/09: «mapa do controle deveria ter saído da guia de Controles e ter ficado só na guia conexões.» (~18h30, a fala está em leva-2809/bancada-2809/fala-1830/fala.md) e, sobre a porta de canto da 06 (~21h30, lote 3, item [11]), «Sai também». Saem o botão da 02 e a porta de canto da 06; o mapa do controle fica só na aba Conexões. O mapa não abre canal novo: lê o que a 02 (leitura_viva) e a 06 (troca, Navegação) já leem, e vale nos dois transportes.",29/09/2026,O-MAPA-DO-CONTROLE-MORA-SO-NA-CONEXOES-01 (tema conexões),ela,,,
D-0110-A-TROCA-DE-BOTOES-APARECE-EM-LINHA-NO-MAPA,"No mapa, a troca de botões aparece na mesma linha do nome, como «No jogo: X», no lugar do apelido",Onde o mapa do controle mostra a troca de botões?,"na mesma linha do nome, no lugar do apelido, como «No jogo: X» · embaixo, em linha própria","na mesma linha do nome, no lugar do apelido","embaixo, a página rolava 18 px na janela ladrilhada (1212x809), e ela pede tela sem rolagem e sem «milhões de texto»; a visibilidade é uma classe (trocada-<peça>, «tem»), e não `:has(b:empty)` (no WebKitGTK o `:empty` dentro do `:has()` não se recalcula)",não espera: delegação; a validação é dela,src/hefesto_dualsense4unix/interface/pacotes/a13_mapa_do_controle.py,,,,01/10/2026,decidida,"DECIDIDA POR DELEGAÇÃO (01/10/2026), A VALIDAR POR ELA. A troca de botões aparece em linha, como «No jogo: X», no lugar do apelido. A marca da troca é o contorno de fora da peça (`forma_cheia`), numa camada à parte, tracejada em rosa: traçar a própria peça dá a linha dupla que ela já reprovou no mapa.",01/10/2026,O-MAPA-DO-CONTROLE-PISCA-E-SEGUE-O-REMAPEAMENTO-01 (tema conexões),delegacao,,,
D-0110-A-ACAO-NA-NAVEGACAO-VAI-NA-DICA-DO-NOME,"A ação do botão na Navegação vai na dica (title) do nome, e não numa linha a mais",Onde o mapa diz a ação de um botão na Navegação?,na dica do nome · numa linha a mais,na dica do nome,uma linha a mais custa densidade,não espera: delegação; a validação é dela,src/hefesto_dualsense4unix/interface/pacotes/a13_mapa_do_controle.py,,,,01/10/2026,decidida,"DECIDIDA POR DELEGAÇÃO (01/10/2026), A VALIDAR POR ELA. A ação do botão na Navegação vira a dica (title) do nome, e não uma linha a mais, pelo mesmo motivo de densidade da D-0110-A-TROCA-DE-BOTOES-APARECE-EM-LINHA-NO-MAPA.",01/10/2026,O-MAPA-DO-CONTROLE-PISCA-E-SEGUE-O-REMAPEAMENTO-01 (tema conexões),delegacao,,,
D-0110-O-TODOS-DO-MAPA-NAO-MOSTRA-PAPEL,"No mapa, «Todos» acende a união e não mostra papel; desenha o primeiro da mesa, o mesmo de quem a barra é pintada",O que o mapa do controle mostra com «Todos»?,"acende a união das lâmpadas, sem papel, com lâmpadas e plástico do primeiro controle · o papel de cada um","a união, sem papel, do primeiro controle",as lâmpadas e o plástico casam com a barra que o pacote pinta (`_papel_e_luz` usa itens[0]); é o mesmo «primeiro» que a fita já usa,não espera: delegação; a validação é dela,src/hefesto_dualsense4unix/interface/pacotes/a13_mapa_do_controle.py,,,,01/10/2026,decidida,"DECIDIDA POR DELEGAÇÃO (01/10/2026), A VALIDAR POR ELA. «Todos» acende a união e não mostra papel; o desenho é o do primeiro da mesa (lâmpadas e plástico), o mesmo controle de quem a barra é pintada (a precisão da conferência: a cura fez o desenho do «Todos» ser o do primeiro).",01/10/2026,O-MAPA-DO-CONTROLE-PISCA-E-SEGUE-O-REMAPEAMENTO-01 (tema conexões),delegacao,,,
D-0110-O-PLASTICO-DESCONHECIDO-VIRA-CINZA-NEUTRO,"Um colorway desconhecido vira cinza neutro (--sem-plastico), e a barra do mapa é a do aparelho","De que cor o mapa pinta o plástico que não conhece, e a barra de luz?","cinza neutro (--sem-plastico #3a3f4b), e a barra do aparelho (no desenho, a cor do slot) · preto","cinza neutro, e a barra do aparelho",segue a regra dela «a luz nunca sai preta»,não espera: delegação; a validação é dela,src/hefesto_dualsense4unix/interface/pacotes/a13_mapa_do_controle.py,,,,01/10/2026,decidida,"DECIDIDA POR DELEGAÇÃO (01/10/2026), A VALIDAR POR ELA. Colorway desconhecido vira um cinza neutro (`--sem-plastico #3a3f4b`), e não preto. No produto, a barra de luz do mapa é a do aparelho (`a02._cor_da_barra`); no desenho, sem daemon, é a cor do slot.",01/10/2026,O-MAPA-DO-CONTROLE-PISCA-E-SEGUE-O-REMAPEAMENTO-01 (tema conexões),delegacao,,,
D-0110-O-NENHUM-DO-MAPA-SUPRIME-O-PISCA,"No mapa, «Nenhum» suprime o pisca e apaga as lâmpadas; sem controle nenhum, o mapa mostra o desenho com o «Nenhum» aceso","O que o mapa mostra com «Nenhum», e com a mesa sem controle?","suprime o pisca e apaga lâmpadas e barra; sem controle, o desenho sem controle com «Nenhum» aceso e o plástico do banco de provas · o último controle visto","suprime o pisca; sem controle, «Nenhum» aceso",a tela diz o que o aparelho faz: sem controle ele não finge um,não espera: delegação; a validação é dela,src/hefesto_dualsense4unix/interface/pacotes/a13_mapa_do_controle.py,,,,01/10/2026,decidida,"DECIDIDA POR DELEGAÇÃO (01/10/2026), A VALIDAR POR ELA. «Nenhum» suprime o pisca e apaga as lâmpadas. Com a mesa sem controle, o mapa mostra o desenho sem controle, com o «Nenhum» aceso: lâmpadas e barra apagadas, o plástico do banco de provas (acréscimo (i) da conferência de 02/10).",01/10/2026,O-MAPA-DO-CONTROLE-PISCA-E-SEGUE-O-REMAPEAMENTO-01 (tema conexões),delegacao,,,
D-0110-O-VOLTAR-DO-MAPA-VAI-A-08-E-O-DAS-AVULSAS-PELA-LISTA-DO-WEBVIEW,"A reserva do «← Voltar» do mapa é a 08-conexoes.html, e o «Voltar» das páginas avulsas volta pela lista de volta do WebView",Para onde o «Voltar» do mapa e o das páginas avulsas voltam?,o do mapa para a 08 (a casa do botão); o das avulsas pela lista de volta do WebView · sempre para a 02,o do mapa para a 08; o das avulsas pela lista de volta do WebView,"o «Voltar» da Calibrar segue tendo a 02 como reserva, porque o Calibrar continua lá",não espera: delegação; a validação é dela,src/hefesto_dualsense4unix/interface/pacotes/a13_mapa_do_controle.py,,,,01/10/2026,decidida,"DECIDIDA POR DELEGAÇÃO (01/10/2026), A VALIDAR POR ELA. A reserva do «← Voltar» do mapa é a 08-conexoes.html, a casa do botão, e o «Voltar» das páginas avulsas volta pela lista de volta do WebView (itens (g) e (h) do implementador).",01/10/2026,O-MAPA-DO-CONTROLE-PISCA-E-SEGUE-O-REMAPEAMENTO-01 (tema conexões),delegacao,,,
D-2909-TODA-FEATURE-E-POR-APARELHO,"Toda feature é por aparelho: o endpoint de háptica, o laço do cabo, a ponte do rádio e o tocador do rumble são por aparelho",A háptica tem um endpoint por lugar (P1 a P4) ou um por aparelho?,"um por aparelho, sempre · um por lugar (a D-2909-A-HAPTICA-TEM-UM-ENDPOINT-POR-LUGAR)",um por aparelho,quem troca de número com o jogo aberto muda de lugar mas não de aparelho; o registro dos ausentes conhecidos NÃO foi feito (se mede antes de se prometer),não espera: escolha dela no chat,src/hefesto_dualsense4unix/integrations/dualsense_bt_audio.py; src/hefesto_dualsense4unix/integrations/haptica_do_cabo.py; src/hefesto_dualsense4unix/integrations/haptica_bt.py; src/hefesto_dualsense4unix/integrations/canal_do_microfone.py,,,,29/09/2026,decidida,"QUEM DECIDIU: ELA no chat, 29/09 (~21h50, pergunta [27]): «2. todas as features são um por aparelho. sempre.» (noqa-acento: citação literal dela, como ela escreve). O endpoint de háptica, o laço do cabo, a ponte do rádio e o tocador do rumble são por aparelho; a marca é «APARELHO» mais 6 letras não-hex de um SHA-256 dos dígitos da chave, igual no cabo e no rádio. O `hefesto.controle=<marca>` substitui o `hefesto.lugar=N` nos três nós. O rótulo «Háptica do Controle N» se renova só sem jogo aberto, sem a ponte lendo e sem fluxo tocando (tirar a guarda do jogo aberto é uma linha). O nó do aparelho que saiu fica de pé enquanto um jogo toca nele, e cai quando o fluxo fecha. Quem chega com a partida aberta ganha a linha `haptica_aparelho_sem_registro_no_jogo`. REVOGA a D-2909-A-HAPTICA-TEM-UM-ENDPOINT-POR-LUGAR (instalada às 17h09 de 29/09) e substitui a D-2909-O-LUGAR-NOS-TRES-NOS. Os detalhes de implementação (a marca, o rótulo, o nó que fica) são por delegação, a validar por ela.",29/09/2026,"A-HAPTICA-E-POR-APARELHO-01, A-HAPTICA-POR-AUDIO-VIRA-GANHO e A-LINHA-DA-HAPTICA (tema háptica)",ela,D-2909-A-HAPTICA-TEM-UM-ENDPOINT-POR-LUGAR|D-2909-O-LUGAR-NOS-TRES-NOS,,
D-0210-A-ECONOMIA-DO-CONTROLE-CORTA-A-HAPTICA,"A economia que um controle liga corta também a háptica dele, nos dois transportes",A economia ligada num controle (o botão da linha dele) corta a háptica dele?,"corta, pelo mesmo teto da Economia da mesa (0,3), regra «a mesa OU o controle»; o outro controle não muda · não corta",corta também,"com a economia ligada naquele controle, a vibração fina dele fica fraca; a «Sensor Háptico» pinta o que ela escolheu e não o `haptica_vale_pct` (na Economia a tela mostra 150 enquanto o aparelho recebe 30): sem sprint que peça, fica anotado",não espera: delegação; a validação é dela,src/hefesto_dualsense4unix/daemon/ganho_da_haptica.py; src/hefesto_dualsense4unix/daemon/ipc_handlers.py (haptica_vale_pct),,,,02/10/2026,decidida,"DECIDIDA POR DELEGAÇÃO (02/10/2026), A VALIDAR POR ELA. A economia que um controle liga (o botão da linha dele, `maquina.json` controles[chave].economia) corta também a háptica DAQUELE controle, nos dois transportes, pelo mesmo teto da Economia da mesa (0,3, o degrau Economia) e pela regra de `economia_vale`: a mesa OU o controle. O outro controle não muda. O `state_full` diz `haptica_vale_pct`. Fontes: a resposta [25] dela, 29/09 ~21h50 («Corta também»), e a palavra dela de 29/09 («todas as features são um por aparelho. sempre.»). Texto da peça «Vibração» em `profiles/schema.py` (A_ECONOMIA_EM_CADA_PECA): fica «nos dois motores e na háptica».",02/10/2026,"A-HAPTICA-E-POR-APARELHO-01, A-HAPTICA-POR-AUDIO-VIRA-GANHO e A-LINHA-DA-HAPTICA (tema háptica)",delegacao,,,
D-0210-NO-XBOX-A-ECONOMIA-CORTA-A-FORCA-E-O-GANHO,"No modo Xbox com «Bateria longa», a economia reduz a vibração do jogo, mas nunca abaixo de metade do pedido","No modo Xbox com «Bateria longa», o rumble que vira háptica passa pelo teto na Força e outra vez no ganho?","economiza, mas sente: nunca abaixo de metade do pedido · a soma literal das respostas [23] e [25] (0,09 do pedido) · um teto só na cadeia inteira","economiza, mas sente: nunca abaixo de metade do pedido","a soma literal cortava duas vezes (a Força a 0,3 e o ganho a 0,3), e chegava 0,09 do pedido, contra 0,3 nos motores; um teto só pedia mexer no funil do `gamepad.py`",não espera: escolha dela no chat,src/hefesto_dualsense4unix/daemon/subsystems/gamepad.py; src/hefesto_dualsense4unix/daemon/ganho_da_haptica.py,,,,02/10/2026,decidida,"QUEM DECIDIU: ELA no chat, 02/10 (~15h40): «Economiza, mas sente». A economia reduz a vibração do jogo, mas nunca abaixo de metade do pedido (no lugar dos 0,09 medidos, que somavam a Força e o ganho). Fecha como decidida por ela a pergunta que a conferência de UI/UX levou, por delegação, como «PARA DECIDIR». Sprint a escrever (conjunto Modo e jogo).",02/10/2026,a conferência final do tema háptica (a casa já recusa «cortar duas vezes» no `_sob_o_teto` e no `_perfil_na_economia`),ela,,,
D-0210-A-HAPTICA-EM-ZERO-PELO-RADIO-DEVOLVE-O-RADIO-AO-ALTO-FALANTE,A háptica em 0 pelo rádio devolve o rádio ao alto-falante,O que o rádio faz quando a háptica é posta em 0?,devolve o rádio ao alto-falante · segue na ponte da háptica,devolve o rádio ao alto-falante,sem preço medido no relato; reversível numa linha,não espera: delegação; a validação é dela,src/hefesto_dualsense4unix/integrations/haptica_bt.py; src/hefesto_dualsense4unix/integrations/alto_falante_bt.py,,,,02/10/2026,decidida,"DECIDIDA POR DELEGAÇÃO (02/10/2026), A VALIDAR POR ELA. A háptica em 0 pelo rádio devolve o rádio ao alto-falante.",02/10/2026,"A-HAPTICA-E-POR-APARELHO-01, A-HAPTICA-POR-AUDIO-VIRA-GANHO e A-LINHA-DA-HAPTICA (tema háptica)",delegacao,,,
D-0210-A-LUZ-NO-AR-DA-HAPTICA-SEGUE-O-OUVIDO-DE-CADA-TRANSPORTE,"A luz «no ar» da háptica: no cabo, pelo ouvido da placa a 8 kHz; no rádio, pela ponte em háptica com sinal",O que diz que a háptica está no ar em cada transporte?,"no cabo, o ouvido da placa a 8 kHz, sem recuo à fonte padrão; no rádio, a ponte em háptica com sinal · a fonte padrão",o ouvido da placa a 8 kHz no cabo; a ponte com sinal no rádio,"o ouvido da placa acorda a volta inteira do som a cada borda de sinal; num jogo no cabo a volta roda no máximo uma vez por segundo, como o rádio (custo, não defeito); o `descer` dos ouvidos no `stop()` não tem régua, e o `PR_SET_PDEATHSIG` colhe o gravador quando o processo morre",não espera: delegação; a validação é dela,src/hefesto_dualsense4unix/integrations/haptica_do_cabo.py; src/hefesto_dualsense4unix/integrations/haptica_bt.py; src/hefesto_dualsense4unix/daemon/subsystems/alto_falante.py,,,,02/10/2026,decidida,"DECIDIDA POR DELEGAÇÃO (02/10/2026), A VALIDAR POR ELA. A luz «no ar» no cabo vem do ouvido da placa a 8 kHz, sem recuo à fonte padrão; no rádio, da ponte em háptica com sinal. O `state_full` publica `haptica_no_ar`.",02/10/2026,"A-HAPTICA-E-POR-APARELHO-01, A-HAPTICA-POR-AUDIO-VIRA-GANHO e A-LINHA-DA-HAPTICA (tema háptica)",delegacao,,,
D-0210-O-NATIVO-PELO-RADIO-ABRE-AS-PONTES,"O Nativo pelo rádio abre as pontes: o jogo é dono dos motores, e cabo e rádio perguntam ao mesmo dono","No modo Nativo pelo rádio, as pontes da háptica abrem?","abrem: o jogo é dono dos motores, e cabo e rádio perguntam ao mesmo dono · ficam fechadas",abrem,a linha do rumble ou da háptica no Nativo do mapa de canais precisa ser revista,não espera: delegação; a validação é dela,src/hefesto_dualsense4unix/integrations/haptica_bt.py; src/hefesto_dualsense4unix/daemon/subsystems/alto_falante.py,,,,02/10/2026,decidida,"DECIDIDA POR DELEGAÇÃO (02/10/2026), A VALIDAR POR ELA. O Nativo pelo rádio abre as pontes: o jogo é dono dos motores, e cabo e rádio perguntam ao mesmo dono.",02/10/2026,"A-HAPTICA-E-POR-APARELHO-01, A-HAPTICA-POR-AUDIO-VIRA-GANHO e A-LINHA-DA-HAPTICA (tema háptica)",delegacao,,,
D-0210-O-GRAVADOR-DO-MONITOR-USA-SEMPRE-O-RAW,O gravador do monitor do som usa sempre `--raw`,O gravador do monitor do alto-falante recebe o fluxo cru ou convertido?,sempre `--raw` · convertido,sempre `--raw`,no rádio não muda até o passo 0 da SOM-JUNTOS,não espera: delegação; a validação é dela,src/hefesto_dualsense4unix/daemon/subsystems/alto_falante.py,,,,02/10/2026,decidida,"DECIDIDA POR DELEGAÇÃO (02/10/2026), A VALIDAR POR ELA. O gravador do monitor sempre com `--raw`. Decisão técnica de áudio, sem efeito de tela.",02/10/2026,"A-HAPTICA-E-POR-APARELHO-01, A-HAPTICA-POR-AUDIO-VIRA-GANHO e A-LINHA-DA-HAPTICA (tema háptica)",delegacao,,,
D-0210-O-TESTE-DA-HAPTICA-TOCA-O-PAR-127-127-POR-3-SEGUNDOS,"O `haptica.testar` toca o par (127, 127), com teto de 3 s sem rebate, e um teste cala o outro","Que sinal o teste da háptica toca, por quanto tempo, e o que acontece com o teste ao lado?","o par (127, 127), teto de 3 s sem rebate; ligar um teste desliga o outro, o «Parar» desliga os dois, e sair da página cala · 128","o par (127, 127), teto de 3 s; um teste cala o outro","com ganho ×2,0 a amplitude é 0,996; 128 passaria de 1,0 (1,0039); o teto é o TETO_DO_RUMBLE_FIXADO_S, conferido na volta",não espera: delegação; a validação é dela,src/hefesto_dualsense4unix/daemon/ipc_handlers.py (haptica.testar); src/hefesto_dualsense4unix/interface/pacotes/a05_vibracao.py,,,,02/10/2026,decidida,"DECIDIDA POR DELEGAÇÃO (02/10/2026), A VALIDAR POR ELA. `haptica.testar`: par (127, 127), teto de 3 s sem rebate (`TETO_DO_RUMBLE_FIXADO_S`), e um teste cala o outro; o «Parar» desliga os dois, e sair da página cala. Cumpre a ordem dela de 15/09 («o testar e parar é sobre o teste naquele momento», A-TELA-QUE-TRAVA-02), que já previa largar ao trocar de página.",02/10/2026,"A-HAPTICA-E-POR-APARELHO-01, A-HAPTICA-POR-AUDIO-VIRA-GANHO e A-LINHA-DA-HAPTICA (tema háptica)",delegacao,,,
D-0210-O-DEGRAU-DA-FORCA-ACENDE-PELA-FAIXA,"Na aba Vibração, a faixa entre os degraus da Força acende o maior degrau que o valor alcança",Qual degrau da Força fica aceso quando o valor está entre dois degraus?,"o maior degrau que o valor alcança (Balanceado de 100 a 149, Economia de 30 a 99), pelos limites da escada do produto · só o degrau exato",o maior degrau que o valor alcança,"a política «auto», que saiu da tela, agora acende o Balanceado no trilho, porque o teto dela é 1,0 (nenhum perfil dela usa «auto»)",não espera: delegação; a validação é dela,src/hefesto_dualsense4unix/interface/pacotes/a05_vibracao.py,,,,02/10/2026,decidida,"DECIDIDA POR DELEGAÇÃO (02/10/2026), A VALIDAR POR ELA. A faixa entre os degraus da Força acende o maior degrau que o valor alcança (Balanceado de 100 a 149, Economia de 30 a 99), pelos limites da escada do produto. Aba 05, resposta [26] dela. NOTA DE 05/10/2026: REVOGADA EM PARTE pela D-0510-O-TRILHO-PERSONALIZADO-NAO-ACENDE-PADRAO (por delegação, a validar por ela): o «Balanceado de 100 a 149» caducou; desde 04/10 o «Padrão» trava as barras e só acende pelo nome, e o trilho entre 100 e 149% não acende degrau nenhum.",02/10/2026,"A-HAPTICA-E-POR-APARELHO-01, A-HAPTICA-POR-AUDIO-VIRA-GANHO e A-LINHA-DA-HAPTICA (tema háptica)",delegacao,,,
D-0210-O-SENSOR-HAPTICO-FICA-COM-O-INTERRUPTOR,"Na aba Vibração, o «Sensor Háptico» ocupa o lugar do Personalizado, e o interruptor dele fica","O espaço do slicer do Personalizado vira o Sensor Háptico, e o interruptor sai?","o «Sensor Háptico» no lugar do Personalizado, e o interruptor fica · tira o interruptor",o interruptor fica,"a sobra de altura dispensou tirá-lo, e tirar é mais caro e menos reversível",não espera: delegação; a validação é dela,src/hefesto_dualsense4unix/interface/pacotes/a05_vibracao.py,,,,02/10/2026,decidida,"DECIDIDA POR DELEGAÇÃO (02/10/2026), A VALIDAR POR ELA. «Sensor Háptico» no lugar do Personalizado (o pedido dela, resposta [26]: o trilho do Personalizado sobe para logo abaixo do 150%, e o espaço do slicer vira o Sensor Háptico, cujo slicer é o que se usa). O interruptor da «Sensor Háptico» fica.",02/10/2026,"A-HAPTICA-E-POR-APARELHO-01, A-HAPTICA-POR-AUDIO-VIRA-GANHO e A-LINHA-DA-HAPTICA (tema háptica)",delegacao,,,
D-0210-O-PARAR-FICA-NA-LINHA-E-O-DESENHO-FICA-A-124-PX,"Na aba Vibração, «Vibração | Háptica | Parar» ficam numa linha, e o desenho do controle volta a 124 px",Os botões de teste e o «Parar» cabem numa linha? Quão grande fica o desenho?,"«Vibração», «Háptica» e «Parar» numa linha (175 px de 206 medidos), e o desenho a 124 px · linha nova para o «Parar», desenho maior","numa linha, e o desenho a 124 px","a sobra guarda o aviso da linha de estado; a sprint deixava o «Parar» na linha se a largura passasse, e passou",não espera: delegação; a validação é dela,src/hefesto_dualsense4unix/interface/pacotes/a05_vibracao.py,,,,02/10/2026,decidida,"DECIDIDA POR DELEGAÇÃO (02/10/2026), A VALIDAR POR ELA. A linha «Testar agora» tem dois botões lado a lado, «Vibração» e «Háptica» (resposta [24] dela), com o «Parar» na mesma linha (175 px de 206 medidos), sem linha nova; o desenho do controle volta a 124 px, e não maior.",02/10/2026,"A-HAPTICA-E-POR-APARELHO-01, A-HAPTICA-POR-AUDIO-VIRA-GANHO e A-LINHA-DA-HAPTICA (tema háptica)",delegacao,,,
D-0210-VEL-DONO-FORA-DA-JANELA,A janela liga a leitura dos perfis pela assinatura e não arma o dono do evento; o «não há jogo» segue em 5 s,A janela arma o dono do evento para ler os perfis?,"não: lê os perfis pela assinatura do `stat`, e o «não há jogo» segue em 5 s · arma o dono",não arma o dono do evento,"armado, o dono alongaria para 60 s o «não há jogo» que a aba do jogo lê",não espera: delegação; a validação é dela,src/hefesto_dualsense4unix/profiles/autoswitch.py; src/hefesto_dualsense4unix/interface/hefesto_vivo.py; src/hefesto_dualsense4unix/daemon/ipc_server.py,,,,02/10/2026,decidida,"DECIDIDA POR DELEGAÇÃO (02/10/2026), A VALIDAR POR ELA. A janela liga só a leitura dos perfis pela assinatura do `stat` e não arma o dono do evento; o «não há jogo» segue em 5 s (a régua 2 prova os 5 s). Nada muda na tela. Fonte: a sprint, cura 1.",02/10/2026,O-APP-RESPONDE-NA-HORA-01 (tema velocidade),delegacao,,,
D-0210-VEL-PERGUNTA-ABANDONADA,"O daemon não responde a quem já fechou a conexão: state_full, controller.list e profile.list",O que o servidor IPC faz com a pergunta de quem foi embora?,"não roda `daemon.state_full`, `controller.list` e `profile.list` quando o cliente fechou a conexão (POLLHUP); o `daemon.status` fica fora porque agenda o arming · roda tudo","pula as três, quando a conexão está fechada","abandonado é a conexão fechada (POLLHUP/POLLERR), e não a meio-fechada: o `socat` e o `nc -N` ainda recebem a resposta; a única escrita do `profile.list` é a semeadura preguiçosa do loader, que fica para a próxima carga",não espera: delegação; a validação é dela,src/hefesto_dualsense4unix/daemon/ipc_server.py; src/hefesto_dualsense4unix/daemon/ipc_handlers.py,,,,02/10/2026,decidida,"DECIDIDA POR DELEGAÇÃO (02/10/2026), A VALIDAR POR ELA. Não rodam para quem já fechou a conexão: `daemon.state_full`, `controller.list` e `profile.list`. O `daemon.status` fica fora porque agenda o arming. Medido com socketpair: aberto dá POLLIN; shutdown de escrita dá POLLIN+RDHUP; close dá POLLIN+RDHUP+HUP. Fonte: a sprint, cura 2, e a prova no handler.",02/10/2026,O-APP-RESPONDE-NA-HORA-01 (tema velocidade),delegacao,,,
D-0210-VEL-ARMING-NA-HORA,"O arming do lançamento escreve na hora; o resto da materialização vai ao escrevente, que atende só o laço que o armou",O arming do lançamento espera o escrevente ou escreve na hora?,"escreve na hora, antes de seguir, e os outros 17 chamadores mandam a escrita ao fio fora do laço · tudo no escrevente",escreve na hora,"o jogo lê o arquivo logo depois; no instante em que um jogo abre, o laço ainda pode ficar preso de 0,3 a 2,8 s, e se o fio estiver no meio de uma escrita o arming espera a trava: o ganho do tema vale para os gestos, não para o lançamento",não espera: delegação; a validação é dela,src/hefesto_dualsense4unix/daemon/launch_env.py; src/hefesto_dualsense4unix/daemon/ipc_handlers.py,,,,02/10/2026,decidida,"DECIDIDA POR DELEGAÇÃO (02/10/2026), A VALIDAR POR ELA. O arming do lançamento escreve na hora (`escrita_na_hora()`); o resto da materialização vai ao escrevente, que atende só os pedidos de dentro do laço que o armou. Pedidos de outro fio ou de outro laço escrevem na hora, como antes. Fonte: a sprint, cura 2.",02/10/2026,O-APP-RESPONDE-NA-HORA-01 (tema velocidade),delegacao,,,
D-0210-VEL-IPC-LENTO,"O servidor escreve `ipc_lento metodo= ms=` acima de 100 ms de parede do handler, sem parâmetro",O servidor IPC registra os pedidos lentos?,"uma linha info com o nome do método e o tempo, acima de 100 ms de parede do handler (com os `await`), sem parâmetro nenhum · não registra","uma linha info acima de 100 ms, sem parâmetro","o `controller.list {external}` da janela vem a cada 4 s e custa de 10 a 40 ms: em máquina carregada pode encher o diário, e fica como instrumento",não espera: delegação; a validação é dela,src/hefesto_dualsense4unix/daemon/ipc_server.py,,,,02/10/2026,decidida,"DECIDIDA POR DELEGAÇÃO (02/10/2026), A VALIDAR POR ELA. O servidor escreve `ipc_lento metodo= ms=` acima de 100 ms de parede do handler, incluindo os `await`. A linha leva só o nome do método e o tempo, sem parâmetro nenhum (não grava endereço nenhum). Fonte: a sprint, cura 2.",02/10/2026,O-APP-RESPONDE-NA-HORA-01 (tema velocidade),delegacao,,,
D-0210-VEL-ABERTURA,"A janela aberta como o produto pede a página antes de importar as abas, depois do `committed` do WebKit, com teto de 3 s",Quando a janela importa as abas: antes ou depois de pedir a página?,"pede a página antes e importa as abas depois do `committed`, com teto de 3 s; importada como módulo, tudo vem do topo · tudo no topo",pede a página antes de importar as abas,medido: importar antes do laço girar atrasava o `committed` em ~270 ms; fechar a janela na abertura fecha o processo (devolve o comportamento de antes da leva),não espera: delegação; a validação é dela,src/hefesto_dualsense4unix/interface/hefesto_vivo.py,,,,02/10/2026,decidida,"DECIDIDA POR DELEGAÇÃO (02/10/2026), A VALIDAR POR ELA. A janela aberta como o produto (`__main__`) pede a página antes de importar as abas, depois do `committed` do WebKit, com teto de 3 s; importada como módulo, para a suíte e os instrumentos, tudo vem do topo como antes. Fonte: a sprint, cura 3, e a bancada.",02/10/2026,O-APP-RESPONDE-NA-HORA-01 (tema velocidade),delegacao,,,
D-0210-VEL-STOP-ESCREVE-A-PENDENTE,"Quando o serviço sai com um lançamento pendente no escrevente, ele é gravado e o fio sai na hora","Na saída do serviço, o lançamento pendente no escrevente é gravado ou descartado?","gravado, e o fio sai na hora; a devolução de uma foto mais velha que a última gravada não pinta o recibo nem as divergências · descartado","gravado, e o fio sai na hora","se a escrita final passar do teto de 2 s, a espera é cancelada e a escrita segue no fio, que morre com o processo: com o serviço parado o wrapper não exporta ambiente nenhum, e o boot reescreve tudo",não espera: delegação; a validação é dela,src/hefesto_dualsense4unix/daemon/launch_env.py,,,,02/10/2026,decidida,"DECIDIDA POR DELEGAÇÃO (02/10/2026), A VALIDAR POR ELA. Quando o serviço sai com um lançamento pendente no escrevente, ele é gravado e o fio sai na hora; o stop não espera o teto, e a devolução de uma foto mais velha que a última gravada é ignorada (não pinta o recibo nem as divergências). Decisão da conferência (c2dd8533f). O vigia de 1 Hz não julga a mesa enquanto o recibo da borda não volta ao laço.",02/10/2026,O-APP-RESPONDE-NA-HORA-01 (tema velocidade),delegacao,,,
D-0210-O-RECONECTAR-SO-DERRUBA-O-QUE-O-KERNEL-NAO-TEM,O «Reconectar controles» só derruba o elo do rádio de um controle que o kernel não tem (HID_UNIQ),O «Reconectar controles» derruba o elo de um controle que o kernel ainda tem no ar?,"só o que o kernel não tem; com o HID vivo, nada se mexe, nem Disconnect nem Connect, no rádio e no cabo · tudo o que o BlueZ diz fora",só o que o kernel não tem,"o caso de 22/09 (elo morto com o hidraw do vpad vivo) não volta: o uniq do vpad tem o prefixo 02:fe, e o forjado do DKMS começa em 02",não espera: delegação; a validação é dela,src/hefesto_dualsense4unix/integrations/gesto_de_reconexao.py; src/hefesto_dualsense4unix/integrations/conexao_zumbi.py (quem_tem_hid),,,,02/10/2026,decidida,"DECIDIDA POR DELEGAÇÃO (02/10/2026), A VALIDAR POR ELA. O «Reconectar controles» só derruba o elo do rádio de um controle que o kernel não tem (`HID_UNIQ`). Um controle com HID vivo no kernel não é tocado pelo rádio, nem com o BlueZ dizendo que ele está fora (o caso do DualSense no cabo com o elo do rádio solto): o desfecho é `ja_no_ar`, com a frase «Este controle já está conectado.». Vale para cabo e rádio e para P1 a P4. Prova: test_o_reconectar_so_derruba_o_elo_morto.py (8 casos), com test_o_do_cabo_com_o_radio_fora_nao_e_chamado. É o caso do clique dela de 01/10 às 19h07 com os dois controles acesos.",02/10/2026,O-RECONECTAR-SO-DERRUBA-O-ELO-MORTO-01 (tema avulsas),delegacao,,,
D-0210-O-RECONECTAR-NA-DUVIDA-O-CONTROLE-FICA,"Na dúvida (o kernel ilegível), o «Reconectar controles» não derruba o elo do rádio e não chama o controle",O que o «Reconectar controles» faz quando a raiz do hidraw não abre?,"não derruba e não chama: o desfecho é `nao_deu` («não sei», `caiu` False), com frase própria (FRASE_SEM_O_KERNEL) · derruba, como o BlueZ diz",não derruba e não chama,"um Connect sobre um elo de pé não faz nada útil, e o desfecho `so_o_ps` diria que derrubamos; com a trava do rádio ocupada o desfecho é `nao_deu` em vez de `ja_no_ar`, mas nos dois casos nada cai",não espera: delegação; a validação é dela,src/hefesto_dualsense4unix/integrations/gesto_de_reconexao.py,,,,02/10/2026,decidida,"DECIDIDA POR DELEGAÇÃO (02/10/2026), A VALIDAR POR ELA. Na dúvida, o controle fica: com a raiz do hidraw ilegível e o BlueZ dizendo Connected ou mudo, o reconectar não derruba e também não chama Connect; o desfecho é ESTADO_NAO_DEU (`nao_deu`), com uma frase própria que diz o fato (FRASE_SEM_O_KERNEL). A leitura do kernel vai dentro da trava do rádio, colada à decisão, para que um controle que volta ao kernel durante outro gesto não seja derrubado. A FRASE_NAO_DEU antiga (a do Bluetooth) não mudou: a aba Conexões a usa.",02/10/2026,O-RECONECTAR-SO-DERRUBA-O-ELO-MORTO-01 (tema avulsas),delegacao,,,
D-0210-O-JA-NO-AR-NAO-PINTA-TELA,"O desfecho `ja_no_ar` («Este controle já está conectado.») não conta como «voltou» nem como «espera o PS», e nenhuma tela o pinta",A tela mostra o desfecho de quem já estava no ar?,"nenhuma tela o pinta, e ele não conta como «voltou» nem como «espera o PS» · pinta a frase",nenhuma tela o pinta,o `ja_no_ar` e a frase do kernel ilegível não chegam à tela hoje,não espera: delegação; a validação é dela,src/hefesto_dualsense4unix/integrations/gesto_de_reconexao.py,,,,02/10/2026,decidida,"DECIDIDA POR DELEGAÇÃO (02/10/2026), A VALIDAR POR ELA. O desfecho novo (`ja_no_ar`, frase «Este controle já está conectado.») não conta como «voltou» nem como «espera o PS», e nenhuma tela o pinta; o `ja_no_ar` não pinta tela.",02/10/2026,O-RECONECTAR-SO-DERRUBA-O-ELO-MORTO-01 (tema avulsas),delegacao,,,
D-0210-O-CANAL-DO-MICROFONE-COM-A-MESA-VAZIA-VOLTA-AO-ESTADO-DO-BOOT,"Com nenhum controle na mesa, o canal do microfone volta ao estado do boot, sem tirar nem mexer nos microfones",O que o laço do canal do microfone faz quando o último controle sai?,"esquece as leituras e o relógio da conferência (volta ao boot), sem tirar os microfones do ar nem mexer no som · espera o prazo zero",volta ao estado do boot,"o prazo zero só existia porque o relógio ficava no passado sem ninguém para conferir; endurecer a espera para ceder a vez (`asyncio.sleep(0)`) seria contorno, e o laço de CPU a 100% ficaria",não espera: delegação; a validação é dela,src/hefesto_dualsense4unix/integrations/canal_do_microfone.py,,,,02/10/2026,decidida,"DECIDIDA POR DELEGAÇÃO (02/10/2026), A VALIDAR POR ELA. Sem controle na mesa não há conferência, e o canal do microfone volta ao estado do boot (leituras e relógio esquecidos); os microfones não saem do ar nem são mexidos por causa disso. Vale para cabo e rádio e para os jogadores 1 a 4. Motivo: o laço do serviço parava quando o último controle saía (rádio: 30/09 01h13, 01/10 13h28 e 19h05; cabo: 02/10 10h37, `motivo=o_cabo_saiu`). Numa queda curta (o último controle sai e volta em menos de 2 s) a conferência de quem saiu roda logo na volta, e não até 2 s depois: é o mesmo que já valia para toda mesa vazia longa.",02/10/2026,o tema rádio e ar da leva de 01/10,delegacao,,,
D-0210-O-INSTRUMENTO-DO-TRAVAMENTO-LE-COM-PRAZO-E-NAO-MOSTRA-ENDERECO,"O instrumento que mede o travamento lê o state_full com prazo de 0,8 s, rotula por modelo e número de chegada, e tira do veredito a janela sem resposta",Como o instrumento do travamento mede sem travar nem expor o aparelho?,"pelo IpcClient com prazo de 0,8 s, a Steam pelo executável mais o HOME, adaptadores numerados pela ordem do endereço, controles por modelo e número de chegada, e o caminho do pad (uinput/uhid) como fator do grupo · pelo `cmd_tray._chamar`, sem prazo","com prazo de 0,8 s, sem endereço na saída","um daemon parado não pode parar quem o mede, e a janela muda sai do veredito com o motivo escrito; a coluna `daemon.tiques` vale 0 com a mesa vazia, mesmo saudável, e não entra no veredito (a liveness é a coluna `respostas`)",não espera: delegação; a validação é dela,scripts/ensaios/o_travamento_fator_a_fator.py; src/hefesto_dualsense4unix/integrations/ar_do_adaptador.py,,,,02/10/2026,decidida,"DECIDIDA POR DELEGAÇÃO (02/10/2026), A VALIDAR POR ELA. O instrumento lê o state_full pelo IpcClient com prazo de 0,8 s (e não pelo `cmd_tray._chamar`, que não tem prazo); reconhece a Steam dela pelo nome do executável mais o HOME dela; numera os adaptadores pela ordem do endereço na primeira vista; rotula o controle por modelo mais número de chegada (nenhum endereço na saída, o Wi-Fi como «wifi N»); tira a janela do veredito quando não sabe se algum adaptador varria, e quando o daemon não respondeu; trata o modo do pad (uinput/uhid) como fator do grupo, porque a MATRIZ pede a volta em Xbox. O fator vem do que a janela MEDIU, nunca do rótulo do passo.",02/10/2026,o tema rádio e ar da leva de 01/10,delegacao,,,
D-2909-A-LEASE-E-DO-APARELHO,"A lease do broker vale para o aparelho que ela escondeu, e não para o nome","Quando o nome do hidraw escondido passa a outro aparelho, ou a nenhum, o que o broker faz com a lease?","esquece, sem mexer · solta no reesconder o que não está na lista do ciclo","esquece, sem mexer","um pad em recriação tiraria da lista o físico que devia seguir escondido, e a Steam pegaria o físico nessa janela",não espera: escolha dela no chat,"src/hefesto_dualsense4unix/broker/hidraw_broker.py (pai_hid_do_no, _podar_o_que_saiu, _nomes_que_o_pedido_solta); scripts/doctor.sh (_veredito_do_hide); tests/unit/test_o_broker_esquece_o_controle_que_saiu.py",,,nenhum,29/09/2026,decidida,"QUEM DECIDIU: ELA no chat (29/09, ~22h15, lote 10, pergunta 38): «Esquece, sem mexer», a recomendada. A lease acaba quando o nome aponta para outro aparelho ou para nada, sem tocar no fs; o reesconder dá a lease nova ao físico que chega. Recusada: soltar no reesconder o que não está na lista do ciclo. O lote saiu uma vez sem escolha e foi perguntado de novo; ela respondeu «Usa minhas respostas da dez anteriores. Não tem problema». Fonte: leva-2809/respostas-2909.md, «Lote 10 (~22h15)».",29/09/2026,O-BROKER-ESQUECE-O-CONTROLE-QUE-SAIU-01 (leva 4b-2),ela,,,
D-0210-O-INSTALL-PERGUNTA-PELO-DESEMPENHO,"O install pergunta se a pessoa quer o computador em modo desempenho, e cada ajuste é um arquivo permanente","O install troca a política de energia do computador, e por padrão?","pergunta, com `--desempenho` e `--sem-desempenho` respondendo sem perguntar; sem TTY vale o padrão (sim no desktop, não no notebook com BAT*) · não troca a política de ninguém","pergunta; sem TTY, sim no desktop e não no notebook",o COSMIC é limitado em energia (a System76 faz sistema operacional para notebook); o notebook = não é o lado reversível; o uninstall remove os arquivos e a unit mas NÃO troca o perfil de energia de agora nem os valores vivos dos módulos,não espera: escolha dela no chat,scripts/desempenho.sh; install.sh; uninstall.sh; scripts/doctor.sh; assets/desempenho/,,,,02/10/2026,decidida,"QUEM DECIDIU: ELA no chat, 02/10 (~21h): «na real no nosso install por default deveriamos ter uma flag perguntando pro user se ele gostaria de usar o pc dele no modo performance e aproveitarmos e usarmos a mesma politica que usamos pra criarmos soluções permanentes no pc da pc. Isso já vai evitar muita dor de cabeça, tanto pra ela quanto pra gente.» (noqa-acento: citação literal dela, como ela escreve) O install pergunta, numa linha; `--desempenho` e `--sem-desempenho` respondem sem perguntar; sem TTY (o `--yes`) vale o padrão, sim no desktop e não no notebook com bateria (BAT* em power_supply): o padrão é por delegação, A VALIDAR POR ELA. Cada ajuste é um arquivo permanente, o uninstall desfaz, e o doctor diz o estado de cada um. Só entra o que a prova mostrou: hoje só o perfil de energia (decisão dela); NVIDIA, áudio HDA e ASPM esperam em DESEMPENHO_PROVADOS (install.sh) e `_DESEMPENHO_PROVADOS` (doctor.sh) até a prova da bancada com ela. O perfil é aplicado por uma unit de sistema oneshot com Restart=on-failure (5 tentativas em 120 s), que confere o perfil lido de volta e não o código de saída do gerenciador; o system76-power tem precedência sobre o power-profiles-daemon (no Pop!_OS o dono do perfil é ele); com power-profiles-daemon sem o perfil performance, o ajuste é pulado e dito (sem resposta do daemon não se pula). `--sem-desempenho` não apaga o que uma instalação anterior deixou: só avisa e diz o comando de desfazer. No doctor, «desfeito por outro programa» é WARN para os arquivos de módulo e só INFO para o perfil de energia (trocar no menu do COSMIC é legítimo). O doctor é autônomo (não chama scripts/desempenho.sh), e um teste confere que doctor, roteiro e install falam dos mesmos arquivos e da mesma lista de provados. Sprint à parte, se ela quiser: o modo desempenho nos pacotes (postinst). As três escolhas do conferente (o perfil trocado depois do boot é estado, INFO com o caminho de volta, e não alarme; o power-profiles-daemon sem o perfil performance é pulado e dito; a unit confere o perfil lido de volta) são por delegação, A VALIDAR POR ELA.",02/10/2026,A-ENERGIA-DE-NOTEBOOK-NUM-DESKTOP-01 (tema energia),ela,,,
D-0210-OS-PLUGINS-LIGAM-PELO-VERBO,"Plugin de terceiro fica desligado por padrão, e a única mão é o verbo `plugin ligar` / `plugin desligar`","Como se liga um plugin de terceiro, depois que a variável de ambiente que nada escrevia saiu?","pelo verbo `hefesto-dualsense4unix plugin ligar` / `desligar`, que grava o `plugins.flag` · um botão na tela · manter a variável","pelo verbo da CLI, sem botão novo",o plugin ligado só vale na próxima subida do daemon (ele lê o flag ao subir); um botão na tela seria superfície nova para um recurso que ninguém liga,não espera: delegação; a validação é dela,"src/hefesto_dualsense4unix/utils/session.py (save_plugins_enabled, load_plugins_enabled); src/hefesto_dualsense4unix/cli/cmd_plugin.py; src/hefesto_dualsense4unix/daemon/main.py; tests/unit/test_os_plugins_ligam_pela_mao.py",,,,02/10/2026,decidida,"DECIDIDA POR DELEGAÇÃO (02/10/2026), A VALIDAR POR ELA. Plugin de terceiro fica desligado por padrão. A única mão é `hefesto-dualsense4unix plugin ligar` / `desligar`, que grava o `plugins.flag` na pasta de configuração; o daemon lê na subida. A variável `HEFESTO_DUALSENSE4UNIX_PLUGINS_ENABLED` saiu. Recusadas: botão na tela; manter a variável que nada escrevia. Fonte: a seção «A decisão, pelo padrão dela» da OS-INTERRUPTORES-QUE-NINGUEM-LIGA-01 (sem botão novo; o mais reversível na dúvida).",02/10/2026,OS-INTERRUPTORES-QUE-NINGUEM-LIGA-01 (tema limpeza),delegacao,,,
D-0210-AS-NOTIFICACOES-DE-DESKTOP-SAEM,"O código que só existia para o recado de desktop fora da janela sai inteiro, com as quatro chaves dele",As notificações de desktop (aviso fora da janela) ficam?,"saem, com as chaves `..._DESKTOP_NOTIFICATIONS`, `..._SYSTEM_WARNINGS_NOTIFY`, `..._NOTIFY_THROTTLE_SEC` e a dos plugins · ficam","saem, com as quatro chaves","a bateria segue na tela; se ela quiser o aviso fora da janela, vira linha no desenho",não espera: delegação; a validação é dela,src/hefesto_dualsense4unix/daemon/connection.py (a chamada que saiu); install.sh (as chaves),,,,02/10/2026,decidida,"DECIDIDA POR DELEGAÇÃO (02/10/2026), A VALIDAR POR ELA. O código que só existia para o recado fora da janela sai inteiro, com as quatro chaves: `..._DESKTOP_NOTIFICATIONS`, `..._SYSTEM_WARNINGS_NOTIFY`, `..._NOTIFY_THROTTLE_SEC` e a dos plugins. Aviso fora da janela é recado, e a bateria continua na tela. Fonte: a mesma seção da INTERRUPTORES e a TELA-CALADA (23/09).",02/10/2026,OS-INTERRUPTORES-QUE-NINGUEM-LIGA-01 (tema limpeza),delegacao,,,
D-0310-A-CHAVE-DO-JOGO-SEM-CLASSE-E-O-ID-DO-ATALHO,O jogo instalado sem StartupWMClass entra com o id do atalho como chave,Qual é a chave do jogo cujo atalho não declara a classe da janela?,"o id do atalho, com filtros · ignorar o jogo","o id do atalho, filtrando ferramenta, lançador, cliente de loja e atalho de outro programa",um atalho que não é jogo pode escapar do filtro e ganhar perfil,não espera: delegação; a validação é dela,src/hefesto_dualsense4unix/integrations/,,,,03/10/2026,decidida,"DECIDIDA POR DELEGAÇÃO (03/10/2026), A VALIDAR POR ELA. O jogo instalado sem StartupWMClass entra nos Lançadores e na semeadura com o id do atalho como chave; filtros para ferramenta, lançador, cliente de loja e atalho que chama a loja (lutris:rungameid, bottles); a semeadura lê as três origens.",03/10/2026,O-JOGO-INSTALADO-AQUI-SEM-STARTUPWMCLASS-APARECE-E-GANHA-PERFIL-01 (perfis-15),delegacao,,,
D-0310-O-JOGO-ABERTO-NAO-FALHA-O-APLICAR,"Com jogo aberto, o «Aplicar soluções» aplica o que pode e diz o que espera",O «Aplicar soluções» falha inteiro quando há jogo aberto?,aplica o que não exige fechar a Steam e diz · recusa tudo,aplica o que pode e diz que a Steam espera,é exceção ao «Sistema não narra» (TELA-CALADA-03),não espera: delegação; a validação é dela,src/hefesto_dualsense4unix/interface/pacotes/a09_sistema.py,,,,03/10/2026,decidida,"DECIDIDA POR DELEGAÇÃO (03/10/2026), A VALIDAR POR ELA. Com jogo aberto o «Aplicar soluções» aplica o que não exige fechar a Steam e diz isso, e que a Steam espera; exceção declarada ao «Sistema não narra».",03/10/2026,O-APLICAR-SOLUCOES-COM-JOGO-ABERTO-DIZ-O-QUE-FEZ-01 (perfis-15),delegacao,,,
D-0310-A-MASCARA-QUE-ENTROU-NAO-E-FALTA,"No recado do perfil ativado, o dado que entrou não conta como falta",O que conta como falta no recado do perfil ativado?,só o que não se aplicou · toda seção sem eco,só o que não se aplicou,um recado mais curto pode esconder uma seção que ninguém mediu,não espera: delegação; a validação é dela,src/hefesto_dualsense4unix/interface/pacotes/a10_perfis.py,,,,03/10/2026,decidida,"DECIDIDA POR DELEGAÇÃO (03/10/2026), A VALIDAR POR ELA. Seções por controle cujo valor é o dado (máscara, sensores) e peças de controle ausente não contam como falta.",03/10/2026,O-PERFIL-ATIVADO-APLICA-TUDO-OU-DIZ-POR-QUE-01 (perfis-15),delegacao,,,
D-0310-A-MARCA-STEAM-APP-VELHA-E-O-MESMO-JOGO,A marca velha janela:steam_app_<N> vale como o jogo <N>,O perfil gravado com a marca velha do jogo é o mesmo do appid?,vale como <N> · perfil novo,"vale como <N>, para o perfil apagado não voltar",nenhum: é a mesma identidade,não espera: delegação; a validação é dela,src/hefesto_dualsense4unix/profiles/,,,,03/10/2026,decidida,"DECIDIDA POR DELEGAÇÃO (03/10/2026), A VALIDAR POR ELA. A marca velha (janela:steam_app_<N>) vale como identidade <N>; o perfil apagado não volta.",03/10/2026,O-JOGO-DA-JANELA-STEAM-APP-E-O-MESMO-DO-APPID-01 (perfis-15),delegacao,,,
D-0310-OS-EMULADORES-COM-CLASSE-GANHAM-PERFIL,Os emuladores com StartupWMClass ganham perfil padrão na semeadura,O emulador instalado ganha perfil como um jogo?,ganha · só o jogo,ganha,um perfil a mais na lista para quem não usa o emulador,não espera: delegação; a validação é dela,src/hefesto_dualsense4unix/profiles/,,,,03/10/2026,decidida,"DECIDIDA POR DELEGAÇÃO (03/10/2026), A VALIDAR POR ELA. Os emuladores com StartupWMClass ganham perfil padrão na semeadura.",03/10/2026,O-JOGO-INSTALADO-AQUI-SEM-STARTUPWMCLASS-APARECE-E-GANHA-PERFIL-01 (perfis-15),delegacao,,,
D-0310-A-ESCOLHA-DELA-CARIMBA-A-PONTE,A escolha do modo com o jogo vivo confirma a ponte naquele jogo,"A escolha do modo dela, com o jogo aberto, carimba a ponte?",carimba (por=escolha_dela) · só a escada,"carimba, na mesma gravação do modo",fora de jogo ou com o Freestyle não há carimbo; o gamepad sem caminho declarado não carimba,não espera: delegação; a validação é dela,src/hefesto_dualsense4unix/daemon/,,,,03/10/2026,decidida,"DECIDIDA POR DELEGAÇÃO (03/10/2026), A VALIDAR POR ELA. A escolha do modo, pela janela ou pelo PS + R3, com o jogo do wrapper vivo e o perfil dele valendo, confirma a ponte naquele jogo (por=escolha_dela); a escada não rebaixa escolha_dela da mesma ponte.",03/10/2026,O-CARIMBO-DA-PONTE-SEGUE-A-ESCOLHA-DELA-01 (radio-15),delegacao,,,
D-0310-O-GOVERNADOR-CEDE-SO-O-QUE-NAO-CABE,O governador do rádio cede só o que não cabe no adaptador,Quanto o governador deixa no ar antes de ceder?,"duas janelas de escrita de uma ponte, piso de 20 pacotes · ceder tudo","duas janelas, piso de 20","no rodízio, a fila do host sobe de ~20 para ~47 pacotes (~0,25 s a mais de som); uma ponte sozinha sobe até ~94 (quase 1 s) antes de ceder",não espera: delegação; a validação é dela,src/hefesto_dualsense4unix/integrations/,,,,03/10/2026,decidida,"DECIDIDA POR DELEGAÇÃO (03/10/2026), A VALIDAR POR ELA. O limiar do episódio é 2 janelas de escrita de uma ponte (piso de 20 pacotes); uma janela com meia ponte no ar deixa uma ponte de pé até a fila passar de dois limiares.",03/10/2026,O-GOVERNADOR-NAO-FAZ-UMA-PONTE-SO-CEDER-01 (radio-15),delegacao,,,
D-0310-COM-A-HAPTICA-O-RUMBLE-VAI-SEM-HAPTICS-SELECT,"Com a háptica tocando, o rumble vai sem HAPTICS_SELECT",Que bit acompanha o rumble enquanto a háptica por áudio toca?,COMPATIBLE_VIBRATION sem HAPTICS_SELECT · como antes,sem HAPTICS_SELECT,nenhum medido; a bancada final confirma que os dois somam,não espera: delegação; a validação é dela,src/hefesto_dualsense4unix/core/backend_pydualsense.py,,,,03/10/2026,decidida,"DECIDIDA POR DELEGAÇÃO (03/10/2026), A VALIDAR POR ELA. Com a háptica por áudio tocando no controle, o rumble vai com COMPATIBLE_VIBRATION e sem HAPTICS_SELECT, no cabo e no rádio, de P1 a P4; sobrevive à reconexão e à troca de nó.",03/10/2026,A-VIBRACAO-NAO-DESLIGA-A-HAPTICA-01 (radio-15),delegacao,,,
D-0310-O-0X36-EM-DOIS-TEMPOS,O relatório combinado 0x36 entra em dois tempos,A ponte do rádio muda para o 0x36 antes da prova?,"primeiro o montador e o ensaio, depois a ponte · tudo junto",dois tempos,um dia a mais com dois reports,não espera: delegação; a validação é dela,src/hefesto_dualsense4unix/integrations/dualsense_bt_audio.py,,,,03/10/2026,decidida,"DECIDIDA POR DELEGAÇÃO (03/10/2026), A VALIDAR POR ELA. Primeiro o montador e o ensaio; a ponte só muda depois da prova (a bancada curta de 03/10 23h15 provou).",03/10/2026,O-SOM-E-A-HAPTICA-NUM-RELATORIO-SO-01 (radio-15),delegacao,,,
D-0410-A-PONTE-DO-RADIO-LEVA-UM-RELATORIO-SO,"A ponte do rádio leva um relatório só, o 0x36",Som e háptica vão em reports separados pelo rádio?,"um só, o 0x36, com som, háptica e 0x10 neutro · dois",um só,"as duas fontes lidas em série: se uma para, a outra para junto até a volta do subsystem",não espera: delegação; a validação é dela,src/hefesto_dualsense4unix/integrations/alto_falante_bt.py,,,,04/10/2026,decidida,"DECIDIDA POR DELEGAÇÃO (04/10/2026), A VALIDAR POR ELA. A ponte do rádio leva um relatório só, o 0x36, com o som, a háptica e o 0x10 neutro; o som deixa de bloquear a háptica fina. Revoga a D-2909-O-MODO-DA-PONTE-SEGUE-O-SINAL e a D-2909-O-OUVIDO-DA-HAPTICA-NO-MODO-SOM: não existe mais modo da ponte.",04/10/2026,O-SOM-E-A-HAPTICA-NUM-RELATORIO-SO-01 (mic-15),delegacao,D-2909-O-MODO-DA-PONTE-SEGUE-O-SINAL|D-2909-O-OUVIDO-DA-HAPTICA-NO-MODO-SOM,,
D-0310-O-JOGO-MANDA-E-O-GESTO-DELA-VENCE-ATE-ELE-REPINTAR,O jogo manda na luz e no gatilho; o gesto dela vence até o jogo repintar,"Quem vence entre o jogo, o perfil e o gesto dela?",o jogo; o gesto dela até o jogo repintar; o perfil na ausência · o perfil,"o jogo, e o gesto dela até o jogo repintar",o «Aplicar» do rascunho conta como gesto em todos os campos: pode soltar a luz e o gatilho que o jogo pintou,não espera: delegação; a validação é dela,src/hefesto_dualsense4unix/core/backend_pydualsense.py,,,,03/10/2026,decidida,"DECIDIDA POR DELEGAÇÃO (03/10/2026), A VALIDAR POR ELA. O jogo manda na lightbar e no gatilho; o gesto dela (inclusive o «Todos» e o «Aplicar» do rascunho) solta o que o jogo pintou nos campos escritos, até o jogo pintar de novo; na ausência do jogo, o perfil. Revoga a PERFIL-MANDA-01 de 16/09.",03/10/2026,"O-JOGO-INSTALADO-AQUI-SEM-STARTUPWMCLASS-APARECE-E-GANHA-PERFIL-01, cura 3 (mic-15)",delegacao,,,
D-0410-A-PONTE-REINICIA-SO-QUANDO-MUDA-O-ENDPOINT,A ponte do som reinicia só quando muda o endpoint que lê,Quando a ponte do rádio reinicia?,só quando muda o endpoint · a cada troca de nó,só quando muda o endpoint,nenhum medido,não espera: delegação; a validação é dela,src/hefesto_dualsense4unix/daemon/subsystems/alto_falante.py,,,,04/10/2026,decidida,"DECIDIDA POR DELEGAÇÃO (04/10/2026), A VALIDAR POR ELA. A ponte reinicia só quando muda o endpoint que ela lê.",04/10/2026,O-SOM-E-A-HAPTICA-NUM-RELATORIO-SO-01 (mic-15),delegacao,,,
D-0410-A-MARCA-DO-APARELHO-E-HMAC,"O nó de som leva a marca do aparelho, um HMAC com a chave da máquina",Como o nó de som de cada controle se identifica sem o endereço no nome?,HMAC com a chave da máquina · o endereço,HMAC com a chave da máquina,o nome muda se a chave da máquina mudar,não espera: delegação; a validação é dela,src/hefesto_dualsense4unix/integrations/,,,,04/10/2026,decidida,"DECIDIDA POR DELEGAÇÃO (04/10/2026), A VALIDAR POR ELA. A marca do aparelho no nome do nó é um HMAC com a chave da máquina; nenhum dígito do endereço no nome.",04/10/2026,OS-NOS-DE-SOM-SEM-O-ENDERECO-NO-NOME-01 (mic-15),delegacao,,,
D-0410-A-ESCOLHA-DO-NOME-VELHO-PASSA-AO-NOVO,"A escolha gravada no nome velho do nó passa ao nome novo, uma vez",A escolha padrão que ela tinha no nome velho se perde?,"passa ao novo, uma vez · se perde","passa, uma vez",nenhum,não espera: delegação; a validação é dela,src/hefesto_dualsense4unix/integrations/,,,,04/10/2026,decidida,"DECIDIDA POR DELEGAÇÃO (04/10/2026), A VALIDAR POR ELA. A escolha gravada no nome velho passa ao nome novo do mesmo controle, uma vez; o nó de nome velho de um controle presente é sobra, o varredor o derruba e a eleição prefere o nó da marca.",04/10/2026,OS-NOS-DE-SOM-SEM-O-ENDERECO-NO-NOME-01 (mic-15),delegacao,,,
D-0410-O-UNINSTALL-TIRA-SO-AS-CHAVES-NOSSAS,O uninstall tira do estado do WirePlumber só as chaves com nome do Hefesto,O que o uninstall apaga do estado do WirePlumber?,"só as chaves nossas, com ele parado · nada · tudo",só as nossas,nenhum,não espera: delegação; a validação é dela,uninstall.sh,,,,04/10/2026,decidida,"DECIDIDA POR DELEGAÇÃO (04/10/2026), A VALIDAR POR ELA. O uninstall tira do estado do WirePlumber só as chaves com nome do Hefesto, com ele parado, e o «limpa?» as lista.",04/10/2026,OS-NOS-DE-SOM-SEM-O-ENDERECO-NO-NOME-01 (mic-15),delegacao,,,
D-0310-A-VIBRACAO-E-A-HAPTICA-SAO-POR-CONTROLE,A vibração e a háptica de teste são independentes por controle,O «Testar» de um controle mexe nos outros?,"independentes, com a exclusão no mesmo controle · uma trava para a mesa",independentes,rumble.set sem uniq segue sendo o par único da mesa (compatibilidade da CLI),não espera: delegação; a validação é dela,src/hefesto_dualsense4unix/daemon/subsystems/rumble.py,,,,03/10/2026,decidida,"DECIDIDA POR DELEGAÇÃO (03/10/2026), A VALIDAR POR ELA. A vibração e a háptica de teste são independentes por controle, com a exclusão mantida no mesmo controle; rumble.set sem uniq segue sendo o par único da mesa.",03/10/2026,A-VIBRACAO-E-A-HAPTICA-DE-CADA-CONTROLE-SAO-INDEPENDENTES-01 (vibracao-15),delegacao,,,
D-0410-O-PAR-FIXADO-VENCE-O-JOGO-SO-NO-CONTROLE-DELE,O par fixado pelo «Testar» cala o jogo só naquele controle,O «Testar» do P2 cala a vibração do jogo no P1?,só no controle dele · em todos,só no controle dele,"o par sem controle (alvo «Todos», CLI) segue calando o jogo nos quatro",não espera: delegação; a validação é dela,src/hefesto_dualsense4unix/daemon/subsystems/gamepad.py,,,,04/10/2026,decidida,"DECIDIDA POR DELEGAÇÃO (04/10/2026), A VALIDAR POR ELA. O par fixado pela aba Vibração vence o FF do jogo só naquele controle; os outros seguem com a vibração e a háptica do jogo; o par do alvo «Todos» cala os quatro. O par por controle se apaga junto quando o resumo é solto pela troca de perfil ou pelo Modo Nativo.",04/10/2026,A-VIBRACAO-E-A-HAPTICA-DE-CADA-CONTROLE-SAO-INDEPENDENTES-01 (vibracao-15),delegacao,,,
D-0310-O-JOGO-DECIDE-E-O-OFF-DO-GATILHO,«O jogo decide» é o rótulo da chave Off do gatilho,Como a tela chama o gatilho que fica com o jogo?,"«O jogo decide», uma vez na lista · «Desligado»",«O jogo decide»,"a terceira posição nas barras (vibração, háptica, volume) não foi feita: é desenho novo",não espera: delegação; a validação é dela,src/hefesto_dualsense4unix/interface/pacotes/a03_gatilhos.py,,,,03/10/2026,decidida,"DECIDIDA POR DELEGAÇÃO (03/10/2026), A VALIDAR POR ELA. «O jogo decide» é o rótulo de tela da chave Off do gatilho, uma vez só na lista.",03/10/2026,O-DESLIGADO-DEIXA-O-JOGO-DECIDIR-01 (vibracao-15),delegacao,,,
D-0310-A-BORDA-DO-CARTAO-E-O-PLASTICO,"A borda do cartão do controle tem a cor do plástico, sem o anel da barra de luz",A borda do cartão mostra a cor do plástico ou a da luz?,"o plástico, aberto e fechado · o anel da luz",o plástico,"revoga a frase literal dela de 04/09 (D-06/S-11), também para os cartões fechados",não espera: delegação; a validação é dela,src/hefesto_dualsense4unix/interface/pacotes/a02_controles.py,,,,03/10/2026,decidida,"DECIDIDA POR DELEGAÇÃO (03/10/2026), A VALIDAR POR ELA. A borda de cada cartão, aberto e fechado, é a cor do plástico; o anel da barra de luz sai.",03/10/2026,A-BORDA-DO-CARTAO-TEM-A-COR-DO-PLASTICO-01 (vibracao-15),delegacao,,,
D-0310-O-MAPA-DO-CONTROLE-ACENDE-CADA-SENSOR,O mapa do controle acende cada sensor com limiares fixos e sem seletor de luz,Como o mapa do controle mostra o sensor que se move?,"limiares: giro 5 °/s, aceleração 0,04 g, mic 6 pontos acima do piso; texto branco; chassi não é botão; sem seletor de luz · como antes","os limiares, o texto branco, sem o seletor",os limiares se ajustam na bancada se acender demais ou de menos,não espera: delegação; a validação é dela,src/hefesto_dualsense4unix/interface/pagina_do_mapa.py,,,,03/10/2026,decidida,"DECIDIDA POR DELEGAÇÃO (03/10/2026), A VALIDAR POR ELA. O mapa acende cada sensor (giro 5 °/s, aceleração 0,04 g entre tiques, mic 6 pontos acima do piso), o motor no Testar só quando a barra dele passa de zero; texto branco; o chassi não é botão; o seletor de luz saiu (conflito com o dono da luz); a feat-haptica entra no CSV das peças com grau ALTA, sobre o touchpad.",03/10/2026,O-MAPA-DO-CONTROLE-ACENDE-TODO-SENSOR-01 (vibracao-15),delegacao,,,
D-0310-UMA-PISTA-POR-RADIO,"Cada adaptador de rádio tem a sua pista na Conexões (resposta dela de 30/09, ~03h: «uma para cada»)",Como a Conexões mostra a faixa e o sinal?,"Cada adaptador de rádio tem a sua pista na Conexões (resposta dela de 30/09, ~03h: «uma para cada»).","Cada adaptador de rádio tem a sua pista na Conexões (resposta dela de 30/09, ~03h: «uma para cada»).",a validar por ela,não espera: delegação; a validação é dela,src/hefesto_dualsense4unix/interface/pacotes/a08_conexoes.py,,,,03/10/2026,decidida,"DECIDIDA POR DELEGAÇÃO (03/10/2026), A VALIDAR POR ELA. Cada adaptador de rádio tem a sua pista na Conexões (resposta dela de 30/09, ~03h: «uma para cada»).",03/10/2026,CADA-FAIXA-TEM-DONO-01 / O-SINAL-DE-CADA-CONTROLE-DIZ-SE-ELE-ESTA-LONGE-01 (conexoes-15),delegacao,,,
D-0310-A-COR-DO-ADAPTADOR,"A cor do adaptador é por posição: cyan, purple, pink, yellow",Como a Conexões mostra a faixa e o sinal?,"A cor do adaptador é por posição: cyan, purple, pink, yellow; o Wi-Fi em orange.","A cor do adaptador é por posição: cyan, purple, pink, yellow; o Wi-Fi em orange.",a validar por ela,não espera: delegação; a validação é dela,src/hefesto_dualsense4unix/interface/pacotes/a08_conexoes.py,,,,03/10/2026,decidida,"DECIDIDA POR DELEGAÇÃO (03/10/2026), A VALIDAR POR ELA. A cor do adaptador é por posição: cyan, purple, pink, yellow; o Wi-Fi em orange.",03/10/2026,CADA-FAIXA-TEM-DONO-01 / O-SINAL-DE-CADA-CONTROLE-DIZ-SE-ELE-ESTA-LONGE-01 (conexoes-15),delegacao,,,
D-0310-A-ANTENA-E-DO-ADAPTADOR,"A antena é do adaptador, não do controle",Como a Conexões mostra a faixa e o sinal?,"A antena é do adaptador, não do controle.","A antena é do adaptador, não do controle.",a validar por ela,não espera: delegação; a validação é dela,src/hefesto_dualsense4unix/interface/pacotes/a08_conexoes.py,,,,03/10/2026,decidida,"DECIDIDA POR DELEGAÇÃO (03/10/2026), A VALIDAR POR ELA. A antena é do adaptador, não do controle.",03/10/2026,CADA-FAIXA-TEM-DONO-01 / O-SINAL-DE-CADA-CONTROLE-DIZ-SE-ELE-ESTA-LONGE-01 (conexoes-15),delegacao,,,
D-0310-O-LIDO-NAO-PERGUNTA,"O nome lido pelo kernel aparece sem interrogação, com o selo",Como a Conexões mostra a faixa e o sinal?,"O nome lido pelo kernel aparece sem interrogação, com o selo.","O nome lido pelo kernel aparece sem interrogação, com o selo.",a validar por ela,não espera: delegação; a validação é dela,src/hefesto_dualsense4unix/interface/pacotes/a08_conexoes.py,,,,03/10/2026,decidida,"DECIDIDA POR DELEGAÇÃO (03/10/2026), A VALIDAR POR ELA. O nome lido pelo kernel aparece sem interrogação, com o selo.",03/10/2026,CADA-FAIXA-TEM-DONO-01 / O-SINAL-DE-CADA-CONTROLE-DIZ-SE-ELE-ESTA-LONGE-01 (conexoes-15),delegacao,,,
D-0310-O-WIFI-SE-LE,"O Wi-Fi se lê pelo NetworkManager, sem varrer, nunca Ssid nem HwAddress",Como a Conexões mostra a faixa e o sinal?,"O Wi-Fi se lê pelo NetworkManager, sem varrer, nunca Ssid nem HwAddress; o 5 GHz fica fora.","O Wi-Fi se lê pelo NetworkManager, sem varrer, nunca Ssid nem HwAddress; o 5 GHz fica fora.",a validar por ela,não espera: delegação; a validação é dela,src/hefesto_dualsense4unix/interface/pacotes/a08_conexoes.py,,,,03/10/2026,decidida,"DECIDIDA POR DELEGAÇÃO (03/10/2026), A VALIDAR POR ELA. O Wi-Fi se lê pelo NetworkManager, sem varrer, nunca Ssid nem HwAddress; o 5 GHz fica fora.",03/10/2026,CADA-FAIXA-TEM-DONO-01 / O-SINAL-DE-CADA-CONTROLE-DIZ-SE-ELE-ESTA-LONGE-01 (conexoes-15),delegacao,,,
D-0310-PAREAR-DE-NOVO-E-UM-SEGUNDO-CAMINHO-DE-ESQUECER,"O «Parear de Novo» é um segundo caminho de esquecer, em toda linha «Não Conectou», sem confirmação",Como a Conexões mostra a faixa e o sinal?,"O «Parear de Novo» é um segundo caminho de esquecer, em toda linha «Não Conectou», sem confirmação.","O «Parear de Novo» é um segundo caminho de esquecer, em toda linha «Não Conectou», sem confirmação.",a validar por ela,não espera: delegação; a validação é dela,src/hefesto_dualsense4unix/interface/pacotes/a08_conexoes.py,,,,03/10/2026,decidida,"DECIDIDA POR DELEGAÇÃO (03/10/2026), A VALIDAR POR ELA. O «Parear de Novo» é um segundo caminho de esquecer, em toda linha «Não Conectou», sem confirmação.",03/10/2026,CADA-FAIXA-TEM-DONO-01 / O-SINAL-DE-CADA-CONTROLE-DIZ-SE-ELE-ESTA-LONGE-01 (conexoes-15),delegacao,,,
D-0310-WEBCAM-VIZINHO-MANTEM-A-PISTA,"O vizinho de USB (webcam) mantém a pista, reversível",Como a Conexões mostra a faixa e o sinal?,"O vizinho de USB (webcam) mantém a pista, reversível.","O vizinho de USB (webcam) mantém a pista, reversível.",a validar por ela,não espera: delegação; a validação é dela,src/hefesto_dualsense4unix/interface/pacotes/a08_conexoes.py,,,,03/10/2026,decidida,"DECIDIDA POR DELEGAÇÃO (03/10/2026), A VALIDAR POR ELA. O vizinho de USB (webcam) mantém a pista, reversível.",03/10/2026,CADA-FAIXA-TEM-DONO-01 / O-SINAL-DE-CADA-CONTROLE-DIZ-SE-ELE-ESTA-LONGE-01 (conexoes-15),delegacao,,,
D-0310-SEM-SINAL-E-NEUTRO-NAO-VERDE,"Sem sinal medido, a pista é neutra, nunca verde",Como a Conexões mostra a faixa e o sinal?,"Sem sinal medido, a pista é neutra, nunca verde.","Sem sinal medido, a pista é neutra, nunca verde.",a validar por ela,não espera: delegação; a validação é dela,src/hefesto_dualsense4unix/interface/pacotes/a08_conexoes.py,,,,03/10/2026,decidida,"DECIDIDA POR DELEGAÇÃO (03/10/2026), A VALIDAR POR ELA. Sem sinal medido, a pista é neutra, nunca verde.",03/10/2026,CADA-FAIXA-TEM-DONO-01 / O-SINAL-DE-CADA-CONTROLE-DIZ-SE-ELE-ESTA-LONGE-01 (conexoes-15),delegacao,,,
D-0310-O-HZ-E-RELATIVO-AO-REFERENCIAL-DO-CONTROLE,"O Hz é relativo ao referencial do controle (meia-vida de 120 s), recomeça quando muda quem divide e quando o controle muda de adaptador",Como a Conexões mostra a faixa e o sinal?,"O Hz é relativo ao referencial do controle (meia-vida de 120 s), recomeça quando muda quem divide e quando o controle muda de adaptador.","O Hz é relativo ao referencial do controle (meia-vida de 120 s), recomeça quando muda quem divide e quando o controle muda de adaptador.",a validar por ela,não espera: delegação; a validação é dela,src/hefesto_dualsense4unix/interface/pacotes/a08_conexoes.py,,,,03/10/2026,decidida,"DECIDIDA POR DELEGAÇÃO (03/10/2026), A VALIDAR POR ELA. O Hz é relativo ao referencial do controle (meia-vida de 120 s), recomeça quando muda quem divide e quando o controle muda de adaptador.",03/10/2026,CADA-FAIXA-TEM-DONO-01 / O-SINAL-DE-CADA-CONTROLE-DIZ-SE-ELE-ESTA-LONGE-01 (conexoes-15),delegacao,,,
D-0310-LIMIARES-DO-SINAL,"Os limiares do sinal: −48 dBm atrasa, −52 dBm perde aperto (um adaptador, bancada de 03/10)",Como a Conexões mostra a faixa e o sinal?,"Os limiares do sinal: −48 dBm atrasa, −52 dBm perde aperto (um adaptador, bancada de 03/10).","Os limiares do sinal: −48 dBm atrasa, −52 dBm perde aperto (um adaptador, bancada de 03/10).",a validar por ela,não espera: delegação; a validação é dela,src/hefesto_dualsense4unix/interface/pacotes/a08_conexoes.py,,,,03/10/2026,decidida,"DECIDIDA POR DELEGAÇÃO (03/10/2026), A VALIDAR POR ELA. Os limiares do sinal: −48 dBm atrasa, −52 dBm perde aperto (um adaptador, bancada de 03/10).",03/10/2026,CADA-FAIXA-TEM-DONO-01 / O-SINAL-DE-CADA-CONTROLE-DIZ-SE-ELE-ESTA-LONGE-01 (conexoes-15),delegacao,,,
D-0310-DOIS-TOQUES-PARA-PAREAR-DE-NOVO-POR-ENQUANTO,O parear de novo fica em dois toques até a central ganhar o clique único,Como a Conexões mostra a faixa e o sinal?,O parear de novo fica em dois toques até a central ganhar o clique único.,O parear de novo fica em dois toques até a central ganhar o clique único.,a validar por ela,não espera: delegação; a validação é dela,src/hefesto_dualsense4unix/interface/pacotes/a08_conexoes.py,,,,03/10/2026,decidida,"DECIDIDA POR DELEGAÇÃO (03/10/2026), A VALIDAR POR ELA. O parear de novo fica em dois toques até a central ganhar o clique único.",03/10/2026,CADA-FAIXA-TEM-DONO-01 / O-SINAL-DE-CADA-CONTROLE-DIZ-SE-ELE-ESTA-LONGE-01 (conexoes-15),delegacao,,,
D-0310-O-PAREAR-DE-NOVO-FALA-COMO-O-TENTAR-DE-NOVO,"«Parear de Novo» com cada palavra em maiúscula, como o irmão «Tentar de Novo» no mesmo lugar da linha",Como a Conexões mostra a faixa e o sinal?,"«Parear de Novo» com cada palavra em maiúscula, como o irmão «Tentar de Novo» no mesmo lugar da linha.","«Parear de Novo» com cada palavra em maiúscula, como o irmão «Tentar de Novo» no mesmo lugar da linha.",a validar por ela,não espera: delegação; a validação é dela,src/hefesto_dualsense4unix/interface/pacotes/a08_conexoes.py,,,,03/10/2026,decidida,"DECIDIDA POR DELEGAÇÃO (03/10/2026), A VALIDAR POR ELA. «Parear de Novo» com cada palavra em maiúscula, como o irmão «Tentar de Novo» no mesmo lugar da linha.",03/10/2026,CADA-FAIXA-TEM-DONO-01 / O-SINAL-DE-CADA-CONTROLE-DIZ-SE-ELE-ESTA-LONGE-01 (conexoes-15),delegacao,,,
D-0310-A-PISTA-SEM-MAPA-SO-DIZ-QUE-NAO-SE-MEDE,"A pista sem mapa diz só «Não se mede agora», sem afirmar causa",Como a Conexões mostra a faixa e o sinal?,"A pista sem mapa diz só «Não se mede agora», sem afirmar causa.","A pista sem mapa diz só «Não se mede agora», sem afirmar causa.",a validar por ela,não espera: delegação; a validação é dela,src/hefesto_dualsense4unix/interface/pacotes/a08_conexoes.py,,,,03/10/2026,decidida,"DECIDIDA POR DELEGAÇÃO (03/10/2026), A VALIDAR POR ELA. A pista sem mapa diz só «Não se mede agora», sem afirmar causa.",03/10/2026,CADA-FAIXA-TEM-DONO-01 / O-SINAL-DE-CADA-CONTROLE-DIZ-SE-ELE-ESTA-LONGE-01 (conexoes-15),delegacao,,,
D-0410-PERFIL-ATE-O-JOGO-PROVAR,O perfil vale até o jogo mandar um efeito de verdade no gatilho,O «sem efeito» que o jogo manda no gatilho é ordem ou ausência?,perfil até o jogo provar · o jogo manda sempre · o perfil manda sempre,perfil até o jogo provar,um jogo que só manda «sem efeito» fica com o gatilho do perfil,não espera: decidida por ela,src/hefesto_dualsense4unix/core/backend_pydualsense.py,,,,04/10/2026,decidida,"DECIDIDA POR ELA (04/10/2026). Resposta dela de 04/10/2026 ~00h55, em escolhas no chat (sprint O-JOGO-INSTALADO-…, seção «A resposta dela sobre o «sem efeito»»). O «sem efeito» que o jogo escreve é ausência até ele mandar um efeito real pela primeira vez, naquela partida e naquele controle; dali em diante o jogo manda em tudo, inclusive no «sem efeito» de um menu; a saída do jogo zera.",04/10/2026,O-JOGO-INSTALADO-AQUI-SEM-STARTUPWMCLASS-APARECE-E-GANHA-PERFIL-01 (fecho-15),ela,,,
D-0410-A-LUZ-SEGUE-O-PERFIL-ATE-O-JOGO-PROVAR,A luz segue a mesma regra: o preto de quem nunca pintou é ausência,"O (0, 0, 0) que o jogo manda antes de pintar apaga a luz do perfil?",ausência até a primeira cor · ordem,ausência até a primeira cor,um jogo que quer a luz apagada desde o início só apaga depois de pintar uma vez,não espera: delegação; a validação é dela,src/hefesto_dualsense4unix/core/backend_pydualsense.py,,,,04/10/2026,decidida,"DECIDIDA POR DELEGAÇÃO (04/10/2026), A VALIDAR POR ELA. Pelo mesmo princípio da D-0410-PERFIL-ATE-O-JOGO-PROVAR: o (0, 0, 0) de quem nunca pintou é ausência; a primeira cor não preta, com o jogo no comando, passa a mandar, inclusive o preto que vier depois.",04/10/2026,O-JOGO-INSTALADO-AQUI-SEM-STARTUPWMCLASS-APARECE-E-GANHA-PERFIL-01 (fecho-15),delegacao,,,
D-0410-SEM-EFEITO-E-O-GATILHO-QUE-NAO-FAZ-NADA,«Sem efeito» é o bloco do gatilho que não faz nada,Que bloco cru do gatilho conta como «sem efeito»?,os modos 0x00 e 0x05 e qualquer modo com os dez parâmetros em zero · só os dois modos,os dois modos e os parâmetros em zero,nenhum: no gatilho os dois são nenhuma resistência,não espera: delegação; a validação é dela,src/hefesto_dualsense4unix/core/backend_pydualsense.py,,,,04/10/2026,decidida,"DECIDIDA POR DELEGAÇÃO (04/10/2026), A VALIDAR POR ELA. É «sem efeito» o bloco cru com o modo 0x00 ou 0x05, ou com qualquer modo e os dez parâmetros em zero (força, zona e amplitude nulas); qualquer outro bloco é efeito real. O implementador propôs só os dois modos; o conferente corrigiu (um Rígido sem força tirava o perfil dela pela partida inteira).",04/10/2026,O-JOGO-INSTALADO-AQUI-SEM-STARTUPWMCLASS-APARECE-E-GANHA-PERFIL-01 (fecho-15),delegacao,,,
D-0410-O-PASSTHROUGH-SOLTA-O-PAR-QUE-VIBRA-DE-CADA-CONTROLE,"O perfil com passthrough devolve ao jogo cada par fixado que vibra, no controle dele",A ativação de um perfil com passthrough solta os pares de todos os controles?,"cada par que vibra, no dono dele, guardando o silêncio deliberado · só o resumo",cada par que vibra,nenhum medido,não espera: delegação; a validação é dela,src/hefesto_dualsense4unix/daemon/lifecycle.py,,,,04/10/2026,decidida,"DECIDIDA POR DELEGAÇÃO (04/10/2026), A VALIDAR POR ELA. A ativação de um perfil com passthrough devolve ao jogo cada par fixado que vibra, no controle dele, e conserva o silêncio deliberado. Fonte do pedido: a frase dela de 03/10 na sprint A-VIBRACAO-E-A-HAPTICA-DE-CADA-CONTROLE-SAO-INDEPENDENTES-01.",04/10/2026,A-VIBRACAO-E-A-HAPTICA-DE-CADA-CONTROLE-SAO-INDEPENDENTES-01 (fecho-15),delegacao,,,
D-0210-UM-MICROFONE-E-UM-ALTO-FALANTE-POR-CONTROLE,"Um microfone e um alto-falante por controle, sempre, sem a escolha Nativo ou Virtual",O microfone de cada controle é Nativo ou Virtual?,"um nó do Hefesto por controle, nos dois transportes; a entrada nativa da máquina é o padrão sem escolha dela · o par Virtual | Nativo",um por controle,"o nó cru do DualSense no cabo segue na lista, para o jogo achar a háptica",não espera: decidida por ela,src/hefesto_dualsense4unix/interface/pacotes/a02_controles.py,,,,02/10/2026,decidida,"DECIDIDA POR ELA (02/10/2026). A decisão dela de 02/10/2026 («a ideia é termos 4 mic ativos ao mesmo tempo pra cada controle…», sprint OS-NOS-DE-SOM-SEM-O-ENDERECO-NO-NOME-01), com os detalhes aceitos por ela no mesmo dia. O par «Virtual | Nativo» saiu da 02 em 04/10/2026. Revoga a D-O-MICROFONE-A-MAQUINA-DA-O-PADRAO-O-PERFIL-SOBREPOE.",02/10/2026,OS-NOS-DE-SOM-SEM-O-ENDERECO-NO-NOME-01,ela,D-O-MICROFONE-A-MAQUINA-DA-O-PADRAO-O-PERFIL-SOBREPOE,,
D-0510-O-SELO-DA-FAIXA-USA-O-PISO-DO-N-79,O selo da faixa de cada aparelho usa o mesmo piso do «N/79» do adaptador,"Em que limiares o selo da faixa de cada aparelho diz boa, apertada e sofrendo?","o piso do «N/79» da casa (boa ≥ 60, sofrendo ≤ 20) · os 65 e 45 do exemplo do desenho",o piso do «N/79»,o selo não segue os números do exemplo do desenho,não espera: delegação; a validação é dela,src/hefesto_dualsense4unix/integrations/faixas_do_ar.py; src/hefesto_dualsense4unix/interface/pacotes/a08_conexoes.py,,,,04/10/2026,decidida,"DECIDIDA POR DELEGAÇÃO (04/10/2026), VALIDADA POR ELA (06/10/2026, nas escolhas do chat). O selo em palavra da faixa de cada aparelho usa o mesmo piso do «N/79» do adaptador (D-3009-OS-CANAIS-SE-PINTAM-PELO-PISO-DO-SALTO): boa a partir de 60 canais, sofrendo até 20, apertada entre os dois; não os 65 e 45 do exemplo do desenho. Um número só para a mesma coisa.",04/10/2026,AS-FAIXAS-DIZEM-QUEM-BRIGA-COM-CADA-APARELHO-01 (conexoes-2),delegacao,,,
D-0510-O-RECEPTOR-SO-FALA-QUANDO-SOFRE,"O receptor 2.4G só diz «possível interferência», e só vira cartão quando sofre",O que a aba Conexões diz do receptor 2.4G de teclado e mouse?,"«possível interferência», com o cartão só a partir de «sofrendo» · o cartão sempre, ou a causa afirmada","«possível interferência», só quando sofre","a interferência leve não vira cartão, e a causa nunca se afirma (o canal do receptor não se lê)",não espera: delegação; a validação é dela,src/hefesto_dualsense4unix/integrations/receptor_sem_fio.py; src/hefesto_dualsense4unix/interface/pacotes/a08_conexoes.py,,,,05/10/2026,decidida,"DECIDIDA POR DELEGAÇÃO (05/10/2026), VALIDADA POR ELA (06/10/2026, nas escolhas do chat). O receptor 2.4G só diz «possível interferência», nunca causa confirmada, e o cartão («Teclado errando», «Mouse engasgando», «Receptor sofrendo») só aparece a partir de «sofrendo». Sem leitura do evdev (fora do grupo `input`), o leitor publica `lendo` falso e a tela não inventa selo. A tela nunca confessa dívida, e o texto é curto.",05/10/2026,O-RECEPTOR-2-4G-SE-RECONHECE-E-DIZ-QUANDO-SOFRE-01 (conexoes-2),delegacao,,,
D-0510-A-FAIXA-DO-RECEPTOR-SE-DESCOBRE-POR-ELIMINACAO,A faixa do receptor 2.4G se descobre por eliminação e fica guardada na máquina,"Como a aba Conexões sabe a faixa de um receptor 2.4G, que não diz o próprio canal?","por eliminação, guardada no `maquina.json` · não dizer a faixa","por eliminação, guardada","a faixa é a da última descoberta; se o receptor mudar de canal sozinho, ela envelhece até a próxima",não espera: delegação; a validação é dela,src/hefesto_dualsense4unix/integrations/receptor_sem_fio.py; src/hefesto_dualsense4unix/utils/maquina.py,,,,05/10/2026,decidida,"DECIDIDA POR DELEGAÇÃO (05/10/2026), VALIDADA POR ELA (06/10/2026, nas escolhas do chat). A faixa do receptor 2.4G se descobre por eliminação (a diferença dos canais que os adaptadores evitam com e sem o receptor) e fica no `maquina.json` (`mesa.radios.<vid:pid>.banda` e `banda_em`); o «Voltar ao automático» não a apaga. Sem faixa lida, a linha oferece o botão «Descobrir a faixa» em vez de uma desculpa.",05/10/2026,O-RECEPTOR-2-4G-SE-RECONHECE-E-DIZ-QUANDO-SOFRE-01 (conexoes-2),delegacao,,,
D-0510-O-DESCOBRIR-A-FAIXA-ANDA-PELO-CENSO,"O «Descobrir a faixa» anda sozinho pelo censo, sem clique de confirmação",Como o gesto «Descobrir a faixa» sabe que o receptor saiu e voltou?,"pelo censo, que vê o receptor sair e voltar · pelos cliques «Já tirei» e «Já pus»",pelo censo,"enquanto o gesto anda, a porta se relê a cada 2 s em segundo plano",não espera: delegação; a validação é dela,src/hefesto_dualsense4unix/integrations/receptor_sem_fio.py; src/hefesto_dualsense4unix/interface/pacotes/a08_conexoes.py,,,,05/10/2026,decidida,"DECIDIDA POR DELEGAÇÃO (05/10/2026), VALIDADA POR ELA (06/10/2026, nas escolhas do chat). O «Descobrir a faixa» anda sozinho pelo censo (tire, medindo, ponha, medindo), sem os cliques «Já tirei» e «Já pus»: com o receptor do teclado e do mouse fora da porta, não há com que clicar. Com o gesto em curso, a porta se relê no fundo a cada 2 s (`RELER_A_PORTA_NO_GESTO_S`, da conferência); se o receptor não sai ou não volta em 5 minutos, o gesto se desfaz calado e a linha volta a oferecer «Descobrir» (sem recado, e reversível). Vale para qualquer computador.",05/10/2026,O-RECEPTOR-2-4G-SE-RECONHECE-E-DIZ-QUANDO-SOFRE-01 (conexoes-2),delegacao,,,
D-0510-A-TECLA-PRESA-SE-MEDE-PELA-DURACAO,A «tecla presa» do receptor 2.4G se mede pela duração da repetição,Como a saúde do receptor 2.4G conta a «tecla presa»?,"a repetição de mais de ~1 s, solte ou não · descontar no soltar · só a repetição que o rádio interrompe, ou só fora de jogo",a duração da repetição,"a tecla segurada de propósito por mais de 1 s num jogo (W, seta, Shift) também conta; pelo evdev, presa e segurada são iguais do lado do computador",não espera: delegação; a validação é dela,src/hefesto_dualsense4unix/integrations/receptor_sem_fio.py (ContadorDaSaude),,,,05/10/2026,decidida,"DECIDIDA POR DELEGAÇÃO (05/10/2026, quem coordena), VALIDADA POR ELA (06/10/2026, nas escolhas do chat). A «tecla presa» do receptor 2.4G se mede pela duração da repetição (mais de ~1 s), e o soltar que a encerra não a desconta: todo «digita sozinho» de um teclado HID termina num soltar, e descontá-lo dava zero justamente no sintoma. Conta também a tecla segurada de propósito no jogo (o conferente contestou); a dica só aparece quando o receptor sofre (D-0510-O-RECEPTOR-SO-FALA-QUANDO-SOFRE), e a bancada dela decide se o limiar muda. Nunca se guarda o código da tecla nem texto.",05/10/2026,O-RECEPTOR-2-4G-SE-RECONHECE-E-DIZ-QUANDO-SOFRE-01 (conexoes-2),delegacao,,,
D-0510-A-HAPTICA-MORA-EM-VIBRACAO,"O Sensor Háptico mora em Vibração no mapa do controle, antes dos dois motores","Em que seção do mapa do controle mora a háptica, e em que lugar dela?","Vibração, antes dos dois motores · Áudio, ao lado do microfone e do alto-falante","Vibração, antes dos dois motores","a háptica viaja como áudio por dentro, e o mapa deixa de mostrar isso pela seção",não espera: delegação; a validação é dela,docs/data/pecas-do-dualsense.csv (feat-haptica); src/hefesto_dualsense4unix/interface/aba05.py,,,,04/10/2026,decidida,"DECIDIDA POR DELEGAÇÃO (05/10/2026), VALIDADA POR ELA (06/10/2026, nas escolhas do chat). Pelo pedido dela de 04/10 (a háptica na seção de vibração, na foto do mapa), a linha `feat-haptica` de `docs/data/pecas-do-dualsense.csv` passa à região `vibracao` e vem antes dos dois motores: é a vibração fina do jogo. A aba Vibração conta só as peças com corpo no desenho, para continuar dizendo «os dois motores».",05/10/2026,A-HAPTICA-MORA-EM-VIBRACAO-E-O-ICONE-DO-APP-VOLTA-01 (conexoes-2),delegacao,,,
D-0510-PADRAO-E-O-ROTULO-DE-BALANCEADO-E-AS-BARRAS-FICAM-GUARDADAS,"«Padrão» é o rótulo de tela da chave `balanceado`, e em Padrão as barras de cada canal travam e ficam guardadas",O que o «Padrão» da Força faz com as barras de cada canal da aba Vibração?,as barras travam verdes e o valor dela fica guardado · as barras se apagam · as barras seguem multiplicando,travadas e guardadas,em Padrão o ajuste por canal some da tela até ela escolher Economia ou Máximo,não espera: delegação; a validação é dela,src/hefesto_dualsense4unix/core/rumble.py (vale_o_padrao); src/hefesto_dualsense4unix/daemon/subsystems/gamepad.py; src/hefesto_dualsense4unix/interface/pacotes/a05_vibracao.py,,,,04/10/2026,decidida,"DECIDIDA POR DELEGAÇÃO (05/10/2026), VALIDADA POR ELA (06/10/2026, nas escolhas do chat). Sobre o desenho dela de 04/10 («Perfeito só vamos trocar o rótulo do botão para Padrão», `docs/process/estudos/2026-10-04-o-jogo-decide/respostas.json`): a Força fica Economia · Padrão · Máximo, e «Padrão» é só o rótulo de tela da chave `balanceado` (1,0×); a chave, a CLI e o perfil seguem `balanceado`. Em Padrão os multiplicadores por canal (Sensor Háptico, Motor esquerdo, Motor direito) não se aplicam: as três barras ficam verdes e travadas, com a palavra «Padrão» no lugar do número, e o valor dela fica guardado e volta com Economia ou Máximo (o mais reversível). O controle em Padrão que sai não deixa barra verde no lugar vazio.",05/10/2026,O-DESLIGADO-DEIXA-O-JOGO-DECIDIR-01 (conexoes-2),delegacao,,,
D-0510-EM-PADRAO-A-HAPTICA-CHEGA-A-100,"Em «Padrão» a háptica chega a 100%, como o jogo mandou; os 150% valem fora do Padrão","Em Padrão, a háptica por áudio chega a 100% (o jogo como mandou) ou aos 150% da D-2909-HAPTICA-NASCE-EM-150?","100% em Padrão, os 150% fora dele · 150% também em Padrão",100% em Padrão,"todo controle nasce em Padrão, então a háptica de todo mundo cai de 150% para 100% sem ela mexer; os 150% voltam com Economia ou Máximo, e o Máximo também multiplica os motores por 1,5",não espera: delegação; a validação é dela,src/hefesto_dualsense4unix/daemon/ganho_da_haptica.py; src/hefesto_dualsense4unix/core/rumble.py (vale_o_padrao),,,,05/10/2026,decidida,"DECIDIDA POR DELEGAÇÃO (05/10/2026, quem coordena), VALIDADA POR ELA (06/10/2026, nas escolhas do chat). Em «Padrão» a háptica chega a 100%, o jogo como mandou, pelo desenho dela de 04/10 (o Padrão é o sinal do jogo sem multiplicador). Os 150% de fábrica da D-2909-HAPTICA-NASCE-EM-150 valem fora do Padrão (Economia, Máximo e o trilho personalizado); a D-2909 ganhou nota datada e não foi apagada. O choque foi levantado pela conferência final; a bancada dela diz se a háptica a 100% fica fraca no cabo.",05/10/2026,O-DESLIGADO-DEIXA-O-JOGO-DECIDIR-01 (conexoes-2),delegacao,D-2909-HAPTICA-NASCE-EM-150,,
D-0510-O-TRILHO-PERSONALIZADO-NAO-ACENDE-PADRAO,"O trilho personalizado não acende «Padrão»: Padrão é estado, não faixa",O trilho da Força entre 100 e 149% acende algum degrau?,"nenhum degrau · o «Padrão», como a faixa de 02/10 dizia",nenhum degrau,entre 100 e 149% nenhum botão fica aceso; o número do trilho é o que diz o valor,não espera: delegação; a validação é dela,src/hefesto_dualsense4unix/interface/pacotes/a05_vibracao.py (degrau_da_faixa),,,,05/10/2026,decidida,"DECIDIDA POR DELEGAÇÃO (05/10/2026, conferência), VALIDADA POR ELA (06/10/2026, nas escolhas do chat). «Padrão» é estado (o sinal como o jogo mandou, com as barras travadas), não faixa: só acende pelo nome, e o trilho personalizado entre 100 e 149% não acende degrau nenhum, porque ali as barras multiplicam e destravam, e acender «Padrão» diria na tela o que o aparelho não faz. Revoga em parte a D-0210-O-DEGRAU-DA-FORCA-ACENDE-PELA-FAIXA (o «Balanceado de 100 a 149»); o resto da faixa segue.",05/10/2026,O-DESLIGADO-DEIXA-O-JOGO-DECIDIR-01 (conexoes-2),delegacao,D-0210-O-DEGRAU-DA-FORCA-ACENDE-PELA-FAIXA,,
D-0510-O-VOLUME-DO-ALTO-FALANTE-TEM-O-PADRAO,"O volume do alto-falante tem o botão «Padrão», e o microfone fica de fora","Como o volume do alto-falante diz «o do jogo», e quando um perfil sem a seção do som conta como Padrão?","um botão «Padrão» com os 100% do registrador, guardando o volume dela · só o número",o botão «Padrão»,"o perfil sem a seção `speaker` só se diz Padrão com o aparelho de fato nos 100%; sem leitura, a tela não afirma nada",não espera: delegação; a validação é dela,src/hefesto_dualsense4unix/profiles/schema.py (ProfileSpeakerConfig.volume_padrao); src/hefesto_dualsense4unix/interface/pacotes/a02_controles.py,,,,04/10/2026,decidida,"DECIDIDA POR DELEGAÇÃO (05/10/2026), VALIDADA POR ELA (06/10/2026, nas escolhas do chat). Sobre o desenho dela de 04/10 (o volume, «Mesmo do anterior»): o alto-falante tem um botão «Padrão» ao lado da barra; ligado, a barra fica verde e travada e o perfil aplica os 100% do registrador (`speaker.volume_padrao`), guardando o `volume` dela, que volta ao desligar. O microfone fica de fora. O perfil sem a seção `speaker` só é Padrão se o aparelho está nos 100%; o volume que ela arrastou sem perfil não é Padrão.",05/10/2026,O-DESLIGADO-DEIXA-O-JOGO-DECIDIR-01 (conexoes-2),delegacao,,,
D-0510-A-LINHA-DA-LUZ-DIZ-QUANDO-O-JOGO-PINTA,"A aba Iluminação diz numa linha que o jogo pinta por cima, e quando ele está pintando","Como a aba Iluminação diz que a cor do jogo vence a dela, sem botão novo?","uma linha embaixo das cores, com «Agora: a cor do jogo» pelo sinal `luz_do_jogo` · um botão","a linha, sem botão","a linha fica embaixo da grade inteira, não colada na fileira «Cor»",não espera: delegação; a validação é dela,src/hefesto_dualsense4unix/interface/pacotes/a04_iluminacao.py; src/hefesto_dualsense4unix/daemon/ipc_handlers.py (luz_do_jogo),,,,04/10/2026,decidida,"DECIDIDA POR DELEGAÇÃO (05/10/2026), VALIDADA POR ELA (06/10/2026, nas escolhas do chat). Sobre o desenho dela de 04/10: nenhum botão novo; uma linha embaixo das cores, «O jogo pinta por cima; sem jogo, a sua cor.», e só com o sinal `luz_do_jogo` do `state_full` (a camada do jogo tem a cor da barra) «Agora: a cor do jogo», com «no P2» ou «nos P1 e P2» quando só parte dos controles pinta: a luz de um controle não é a dos outros, de 1 a 4 jogadores, no cabo e no rádio.",05/10/2026,O-DESLIGADO-DEIXA-O-JOGO-DECIDIR-01 (conexoes-2),delegacao,,,
D-0510-O-PERFIL-NOVO-NASCE-EM-PADRAO-POR-NAO-OPINAR,"O perfil novo nasce em Padrão por não opinar, não por um padrão preenchido","Como o perfil novo nasce em Padrão na vibração, na háptica e no volume?","por não opinar (`policy` vazia, sem a seção `speaker`) · enchendo o padrão de `RumbleConfig.policy`",por não opinar,nenhum medido,não espera: delegação; a validação é dela,src/hefesto_dualsense4unix/profiles/schema.py (RumbleConfig.policy),,,,04/10/2026,decidida,"DECIDIDA POR DELEGAÇÃO (05/10/2026), VALIDADA POR ELA (06/10/2026, nas escolhas do chat). O perfil novo nasce em Padrão por não opinar: `RumbleConfig.policy` vazio, valendo a política da casa `balanceado` (1,0×), e sem a seção `speaker` a ativação não escreve volume. Encher o padrão de `RumbleConfig.policy` desfaria a escolha manual dela na primeira troca de janela, como o esquema já dizia.",05/10/2026,O-DESLIGADO-DEIXA-O-JOGO-DECIDIR-01 (conexoes-2),delegacao,,,
D-0510-A-FRASE-DA-FAIXA-DELE-E-LEITURA-DA-MAQUINA,A frase de «A faixa dele» no painel do aparelho leva a marca da cor antes de cada nome,Como o painel do aparelho no mapa das portas escreve quem briga com ele?,"a frase da conta da aba Conexões, com a marca da cor antes de cada nome e sem maiúscula em toda palavra · o selo genérico «briga com N»",a frase com as marcas,nenhum medido,não espera: delegação; a validação é dela,src/hefesto_dualsense4unix/interface/pacotes/a08_conexoes.py (_a_faixa_do_painel); src/hefesto_dualsense4unix/interface/pagina_do_mapa.py,,,,05/10/2026,decidida,"DECIDIDA POR DELEGAÇÃO (05/10/2026, conferência), VALIDADA POR ELA (06/10/2026, nas escolhas do chat). A frase de «A faixa dele» no painel do aparelho sai da mesma conta da aba Conexões, leva a marca da cor antes de cada nome («perde para ■ Wi-Fi · ■ teclado») e fica como frase, fora da regra de toda palavra com maiúscula, como no desenho 2 aprovado em 04/10; o selo genérico «briga com N» não a repete.",05/10/2026,O-APARELHO-SE-CORRIGE-ONDE-SE-CLICA-01 / O-RECEPTOR-2-4G-SE-RECONHECE-E-DIZ-QUANDO-SOFRE-01 (conexoes-2),delegacao,,,
D-0510-O-NIVEL-DA-DICA-E-O-NOME-DA-REGIAO,A palavra do nível do cartão de dica vai no nome acessível da região,"Onde mora a palavra do nível (Urgente, Ajuste, Nota) do cartão de dica?",no `aria-label` da região · em texto escondido na tela,no `aria-label`,"nenhum: o leitor de tela ouve o mesmo, e a tela não muda",não espera: delegação; a validação é dela,src/hefesto_dualsense4unix/interface/conexoes.py,,,,05/10/2026,decidida,"DECIDIDA POR DELEGAÇÃO (05/10/2026, conferência final), VALIDADA POR ELA (06/10/2026, nas escolhas do chat). A palavra do nível do cartão de dica (Urgente, Ajuste, Nota) vai no nome acessível da região («Urgente: título»), e não em texto escondido de 1 px, que a régua da janela estreita lia como texto engolido.",05/10/2026,AS-DICAS-SAO-CARTOES-COM-UM-GESTO-01 (conexoes-2),delegacao,,,
D-0510-O-DEGRAU-DA-COLUNA-VALE-NO-SEGUNDO-SEGUINTE,O degrau clicado na coluna da Vibração chega ao motor em até um segundo,"Quando o degrau e as barras que ela clica numa coluna chegam ao motor, se o perfil ativo mantém o nome?","chavear os mapas memoizados pelo arquivo do perfil, relido no máximo uma vez por segundo · invalidar no handler do profile.switch e do profile.reaplicar",pelo arquivo do perfil,o degrau clicado vale no máximo um segundo depois; a outra forma mexia em arquivo de todos os temas e não pegava edição fora desses caminhos,não espera: delegação; a validação é dela,src/hefesto_dualsense4unix/daemon/subsystems/gamepad.py (_selo_do_que_vale),,,,05/10/2026,decidida,"DECIDIDA POR DELEGAÇÃO (05/10/2026, conferência final), VALIDADA POR ELA (06/10/2026, nas escolhas do chat). As barras e o degrau por controle que o motor lê se chaveiam também pelo selo do arquivo do perfil (inode, tempo de modificação, tamanho), relido no máximo uma vez por segundo, como o do `maquina.json`: o degrau clicado vale no segundo seguinte, sem reiniciar o serviço.",05/10/2026,O-DESLIGADO-DEIXA-O-JOGO-DECIDIR-01 (conexoes-2),delegacao,,,
D-0510-A-PONTA-DO-EXTENSOR-SE-FUNDE-INTEIRA,"Na migração do extensor, a ponta antiga se funde inteira na entrada",O que a migração do «liga: extensor» leva da ponta antiga para a entrada?,"nós, lugar, velocidade, hub e nome, quando a entrada não os tem, e quem pendia da ponta passa a pender da entrada · só os nós, com o resto numa cópia",a ponta inteira,"nenhum: a cópia de antes só se escreve se ainda não existe, e o hub e o nome se perdiam",não espera: delegação; a validação é dela,src/hefesto_dualsense4unix/utils/maquina.py (_o_extensor_vira_a_chave),,,,05/10/2026,decidida,"DECIDIDA POR DELEGAÇÃO (05/10/2026, conferência final), VALIDADA POR ELA (06/10/2026, nas escolhas do chat). Na migração do «liga: extensor», nós, lugar, velocidade, hub e nome da ponta passam para a entrada quando ela não os tem, e quem pendia da ponta passa a pender da entrada. A cópia `.com-os-lugares` só se escreve se ainda não existe, então não guardava o que se apagava.",05/10/2026,O-APARELHO-SE-CORRIGE-ONDE-SE-CLICA-01 (conexoes-2),delegacao,,,
D-0510-O-CAMPO-NOVO-SO-SAI-COM-A-PAGINA-PUBLICADA,O campo novo de uma aba só sai do pacote quando a página publicada o tem,"O pacote emite os campos novos (alto-padrao, luz-do-jogo, a faixa do painel) antes do --publicar da aba?",só com a página publicada que os tem · sempre,só com a página publicada,"até o --publicar a tela dela segue a de hoje, sem os campos novos",não espera: delegação; a validação é dela,src/hefesto_dualsense4unix/interface/pacotes/a02_controles.py; src/hefesto_dualsense4unix/interface/pacotes/a04_iluminacao.py; src/hefesto_dualsense4unix/interface/pacotes/a08_conexoes.py,,,,05/10/2026,decidida,"DECIDIDA POR DELEGAÇÃO (05/10/2026), VALIDADA POR ELA (06/10/2026, nas escolhas do chat). Os campos novos das abas 02, 04 e do painel do aparelho (alto-padrao, luz-do-jogo, a faixa dele) só são emitidos pelos pacotes quando a página publicada os tem: até o --publicar, a tela dela segue a de hoje, sem campo pela metade.",05/10/2026,O-DESLIGADO-DEIXA-O-JOGO-DECIDIR-01 / O-APARELHO-SE-CORRIGE-ONDE-SE-CLICA-01 (conexoes-2),delegacao,,,
D-0610-NIVEL2-AJUDANTE,"O nível 2 da lista de autoria sai das mensagens na reescrita, trocado por «ajudante»",Que palavra entra no lugar do nível 2 nas mensagens de commit reescritas?,"«ajudante», com a caixa do original · apagar a palavra",«ajudante»,apagar quebra a frase de 287 mensagens,não espera: delegação; a validação é dela,docs/process/ferramentas-da-leva/janela/py/regras.py,,,,06/10/2026,decidida,"DECIDIDA POR DELEGAÇÃO (06/10/2026), VALIDADA POR ELA (06/10/2026, nas escolhas do chat). O nível 2 vira «ajudante»/«ajudantes» (a sigla vira «modelo»), com a caixa do original, só nas mensagens; os blobs não mudam. Fonte: a resposta 3 dela de 06/10 (o nível 2 também sai); a palavra é de quem implementou.",06/10/2026,A-JANELA-EM-SCRIPT-01 (janela-em-script),delegacao,,,processo
D-0610-RULESETS-DEPOIS-DO-PUSH,As regras do repositório entram só depois do push da história reescrita,Quando a regra da assinatura entra no repositório recriado?,"depois do push, e só se a máquina já assina · antes do push",depois do push,"antes do push, os 5 mil commits antigos sem assinatura seriam recusados",não espera: delegação; a validação é dela,docs/process/ferramentas-da-leva/janela/lib/passo-06-recriar.sh; docs/process/ferramentas-da-leva/janela/lib/passo-07-empurrar.sh,,,,06/10/2026,decidida,"DECIDIDA POR DELEGAÇÃO (06/10/2026), VALIDADA POR ELA (06/10/2026, nas escolhas do chat). O passo 6 aplica o repositorio.yml sem os rulesets; o 7 aplica o arquivo inteiro depois do push, e recusa antes do push se a máquina não assina. Fonte: a resposta 9 dela.",06/10/2026,A-JANELA-EM-SCRIPT-01 (janela-em-script),delegacao,,,processo
D-0610-CITACAO-CURTA,As citações de commit publicado com 7 e 8 dígitos também seguem o mapa da reescrita,O passo 10 troca as citações curtas de commit?,"sim, quando resolvem sem ambiguidade · só a partir de 9 dígitos","sim, sem ambiguidade",a régua da AS-CITACOES conta a partir de 7: 152 citações ficariam apontando para commit que não existe,não espera: delegação; a validação é dela,docs/process/ferramentas-da-leva/janela/instrumentos/remapear.py,,,,06/10/2026,decidida,"DECIDIDA POR DELEGAÇÃO (06/10/2026), VALIDADA POR ELA (06/10/2026, nas escolhas do chat). A troca alcança 7 e 8 dígitos quando o token resolve, sem ambiguidade, para commit do mirror original (o critério da própria régua).",06/10/2026,A-JANELA-EM-SCRIPT-01 (janela-em-script),delegacao,,,processo
D-0610-ORIGEM-DO-PRIMEIRO-PUSH,O primeiro push do repositório recriado sai de ramos locais e é medido antes pela régua,"De onde sai o primeiro push, e quem o mede?","ramos locais, medidos pela régua da casa (Hefesto) e pela prova sem rastro (Forja) · os ramos remotos da união",ramos locais medidos,a régua de autoria recusa origem fora de refs/heads e refs/tags; o gancho de hoje deixaria passar calado,não espera: delegação; a validação é dela,docs/process/ferramentas-da-leva/janela/lib/passo-07-empurrar.sh,,,,06/10/2026,decidida,"DECIDIDA POR DELEGAÇÃO (06/10/2026), VALIDADA POR ELA (06/10/2026, nas escolhas do chat). O push sai de refs/heads/, medido antes pela régua de cada repositório.",06/10/2026,A-JANELA-EM-SCRIPT-01 (janela-em-script),delegacao,,,processo
D-0610-MEMORIA-DOS-PORTOES,"Os portões lembram o verde pelo conteúdo que leram, nunca pelo tempo",Quando um portão verde pode ser pulado na corrida seguinte?,"só com o mesmo conteúdo lido (árvore, índice, ferramentas e o próprio portão) · por tempo",pelo conteúdo,pular por tempo daria verde sobre árvore mudada,não espera: delegação; a validação é dela,scripts/portoes.sh; scripts/recibo_da_medida.py,,,,06/10/2026,decidida,"DECIDIDA POR DELEGAÇÃO (06/10/2026), VALIDADA POR ELA (06/10/2026, nas escolhas do chat). A chave é o hash do que o portão lê (com o caminho da árvore e o índice); quem lê história, máquina ou data declara @sempre/@dia e nunca é lembrado; o CI e o --sem-memoria rodam tudo; a memória nunca substitui a camada completa no recibo do push.",06/10/2026,OS-PORTOES-RODAM-EM-PARALELO-E-LEMBRAM-O-VERDE-01 (portoes-em-paralelo),delegacao,,,processo
D-0610-ASSINATURA-NO-RULESET,"A assinatura exigida mora no ruleset da história do dev e do main, sem exceção",Onde mora a regra da assinatura?,"no ruleset da história, sem exceção · na porta, com os administradores passando",no ruleset da história,"na porta, quem administra publicaria commit sem assinatura",não espera: delegação; a validação é dela,.github/repositorio.yml,,,,06/10/2026,decidida,"DECIDIDA POR DELEGAÇÃO (06/10/2026), VALIDADA POR ELA (06/10/2026, nas escolhas do chat). Fonte: a resposta 9 dela; o lugar é de quem implementou. Atenção medida pela conferência: o main está 4.459 commits atrás do dev, nenhum assinado (ver D-0610-ASSINATURA-E-O-MAIN).",06/10/2026,O-REPOSITORIO-NASCE-VIVO-01 (github-completo),delegacao,,,processo
D-0610-GITHUB-O-QUE-FICA-DE-FORA,"Autolinks, imagem de prévia social, LFS, fila de merge e Codespaces ficam de fora; releases imutáveis esperam a release que não recria a versão","O que o repositório não liga, e por quê?","de fora, com o motivo medido · ligar tudo",de fora com o motivo,"autolinks com o prefixo D- casariam com «D-pad» em 47 arquivos; a API não tem prévia social; o release.yml apaga e recria a versão, o que a imutável recusa",não espera: delegação; a validação é dela,.github/repositorio.yml,,,,06/10/2026,decidida,"DECIDIDA POR DELEGAÇÃO (06/10/2026), VALIDADA POR ELA (06/10/2026, nas escolhas do chat). Cada uma está no bloco de_fora do repositorio.yml com o motivo; as imutáveis ligam com a A-RELEASE-SAI-SOZINHA-01.",06/10/2026,O-REPOSITORIO-NASCE-VIVO-01 (github-completo),delegacao,,,processo
D-0610-GITHUB-PADROES,"Marcos sem data, tags v* protegidas, mesclagem sem commit de merge, PR de fora com aprovação, os nove rótulos padrão em português, o Sponsor com o Patreon que já existia",Quais padrões o repositório recriado nasce com?,os listados · os do GitHub sem mudar,os listados,—,não espera: delegação; a validação é dela,.github/repositorio.yml; .github/FUNDING.yml; CONTRIBUTING.md,,,,06/10/2026,decidida,"DECIDIDA POR DELEGAÇÃO (06/10/2026), VALIDADA POR ELA (06/10/2026, nas escolhas do chat). Os marcos «Primeira versão pública» e «Depois da primeira versão», sem versão nem data; o setup_labels.sh saiu (segundo dono dos rótulos); o CONTRIBUTING diz «sem PR de fora por enquanto»; a página do produto publica só do main; GitHub Sponsors, Ko-fi e PIX esperam ela e o André decidirem quem recebe.",06/10/2026,O-REPOSITORIO-NASCE-VIVO-01 (github-completo),delegacao,,,processo
D-0610-GIT-DA-CASA,"O git da casa liga maintenance, commit-graph, rerere e untrackedCache no diretório comum",O que o git-da-casa.sh liga?,"maintenance, commit-graph, rerere e core.untrackedCache · também o fsmonitor",sem o fsmonitor,o git 2.43 desta máquina responde «fsmonitor--daemon not supported on this platform»,não espera: delegação; a validação é dela,docs/process/ferramentas-da-leva/git-da-casa.sh,,,,06/10/2026,decidida,"DECIDIDA POR DELEGAÇÃO (06/10/2026), VALIDADA POR ELA (06/10/2026, nas escolhas do chat). O core.untrackedCache entra no lugar do fsmonitor; quem coordena aplica com o --conferir antes.",06/10/2026,O-REPOSITORIO-NASCE-VIVO-01 (github-completo),delegacao,,,processo
D-0610-FORJA-NO-GITHUB,"A Forja nasce sem Pages até o trailer, sem Wiki, sem ambientes e sem Packages",O que a Forja liga no GitHub?,"o que cabe nela, o resto de fora com o motivo · o mesmo do Hefesto",o que cabe nela,—,não espera: delegação; a validação é dela,/mnt/Apate/Desenvolvimento/Hefesto-Forja/.github/repositorio.yml,,,,06/10/2026,decidida,"DECIDIDA POR DELEGAÇÃO (06/10/2026), VALIDADA POR ELA (06/10/2026, nas escolhas do chat). Os documentos da Forja moram em docs/; os pacotes são anexos da release.",06/10/2026,O-REPOSITORIO-NASCE-VIVO-01 (github-completo),delegacao,,,processo
D-0610-ASSINATURA-E-O-MAIN,"No main, a regra da assinatura deixa o administrador passar; no dev, não","Como o main, 4.459 commits atrás do dev e sem nenhum assinado, avança na primeira release com a assinatura exigida?",o ruleset da assinatura do main com exceção de administrador · o main alcança o dev antes da regra · medir no repositório de ensaio,exceção de administrador só no main,"sem a exceção, o primeiro avanço do main na release é recusado pelos commits antigos; alcançar o dev antes publica no main o que ainda não foi lançado",não espera: delegação; a validação é dela,.github/repositorio.yml,,,,06/10/2026,decidida,"DECIDIDA POR DELEGAÇÃO (06/10/2026), VALIDADA POR ELA (06/10/2026, nas escolhas do chat). O dev exige assinatura sem exceção (resposta 9); no main a mesma regra deixa o administrador passar, porque os commits que o main recebe na release são os antigos do dev, já publicados e sem assinatura; todo commit novo nasce assinado nas duas máquinas. Aplicada em 06/10 pelo release-e-ciclo: «a história do dev e do main não se reescreve» sem exceção para ninguém; «a história do dev vem assinada» sem exceção; «a história do main vem assinada, e quem administra a avança», com a exceção só na assinatura.",06/10/2026,"O-REPOSITORIO-NASCE-VIVO-01 (github-completo, a conferência)",delegacao,,,processo
D-2009-MIC-TESTA,"O botão do microfone que cala passa a testar, e o ganho de entrada fica na tela",O que o glifo do microfone faz?,"O glifo que hoje cala passa a testar o microfone como o «testar microfone» do Discord, refletindo o que o jogo ouvirá; o ganho de entrada (o «slicer 2») volta à tela em contrapartida; o calar deixa de morar no glifo.","O glifo que hoje cala passa a testar o microfone como o «testar microfone» do Discord, refletindo o que o jogo ouvirá; o ganho de entrada (o «slicer 2») volta à tela em contrapartida; o calar deixa de morar no glifo.",—,não espera: ela já decidiu,,,,,20/09/2026,decidida,"DECIDIDA POR ELA (20/09/2026), registrada em 06/10/2026 a partir da sprint de origem (a linha só morava na sprint). O glifo que hoje cala passa a testar o microfone como o «testar microfone» do Discord, refletindo o que o jogo ouvirá; o ganho de entrada (o «slicer 2») volta à tela em contrapartida; o calar deixa de morar no glifo.",20/09/2026,TESTAR-O-MICROFONE-01,ela,,,
D-2709-A-HAPTICA-OBEDECE-AO-SINAL,"Se o jogo espelha a mesma vibração nos quatro, vibra quem está com o controle na mão",O que a háptica faz quando o jogo manda o mesmo sinal a todos?,"Vale a (b): vibra quem está com o controle na mão, com o limite escrito (controle parado na mão não vibra), no cabo e no BT. A D-2609-QUEM-JOGA-E-QUEM-MEXE só se revoga quando a parte 2 tirar o `quem_mexe`.","Vale a (b): vibra quem está com o controle na mão, com o limite escrito (controle parado na mão não vibra), no cabo e no BT. A D-2609-QUEM-JOGA-E-QUEM-MEXE só se revoga quando a parte 2 tirar o `quem_mexe`.",—,não espera: ela já decidiu,,,,,27/09/2026,decidida,"DECIDIDA POR ELA (27/09/2026), registrada em 06/10/2026 a partir da sprint de origem (a linha só morava na sprint). Vale a (b): vibra quem está com o controle na mão, com o limite escrito (controle parado na mão não vibra), no cabo e no BT. A D-2609-QUEM-JOGA-E-QUEM-MEXE só se revoga quando a parte 2 tirar o `quem_mexe`.",27/09/2026,A-HAPTICA-DO-RADIO-OBEDECE-AO-SINAL-DO-JOGO-01,ela,,,
D-2909-A-COR-ESCOLHIDA-ACOMPANHA-O-CONTROLE,A cor que ela escolheu acompanha o controle quando o número dele muda,A cor escolhida fica presa ao número ou ao controle?,"«Acompanha o controle»: a escolha de um controle não muda quando a mesa se renumera; quem cede é a cor automática do outro, que vai ao primeiro tom livre. A regra de 08/09 (a cor presa ao número) cai.","«Acompanha o controle»: a escolha de um controle não muda quando a mesa se renumera; quem cede é a cor automática do outro, que vai ao primeiro tom livre. A regra de 08/09 (a cor presa ao número) cai.",—,não espera: ela já decidiu,src/hefesto_dualsense4unix/core/led_control.py,,,,29/09/2026,decidida,"DECIDIDA POR ELA (29/09/2026), registrada em 06/10/2026 a partir da sprint de origem (a linha só morava na sprint). «Acompanha o controle»: a escolha de um controle não muda quando a mesa se renumera; quem cede é a cor automática do outro, que vai ao primeiro tom livre. A regra de 08/09 (a cor presa ao número) cai.",29/09/2026,A-COR-ESCOLHIDA-ACOMPANHA-O-CONTROLE-01,ela,,,
D-2909-A-NAVEGACAO-NAO-E-AVISO-NA-VIBRACAO,Na Navegação a aba Vibração não acusa defeito,A aba Vibração diz algo sobre o alcance da intensidade na Navegação?,"Não diz nada: a intensidade fica guardada e vale no primeiro pedido de um jogo com gamepad; a faixa laranja fica só para o gamepad virtual que não subiu (fato do sistema, não dívida nossa). Revoga o ramo da Navegação da RECADO-VPAD-01; não revoga a D-1409.","Não diz nada: a intensidade fica guardada e vale no primeiro pedido de um jogo com gamepad; a faixa laranja fica só para o gamepad virtual que não subiu (fato do sistema, não dívida nossa). Revoga o ramo da Navegação da RECADO-VPAD-01; não revoga a D-1409.",—,não espera: ela já decidiu,,,,,29/09/2026,decidida,"DECIDIDA POR ELA (29/09/2026), registrada em 06/10/2026 a partir da sprint de origem (a linha só morava na sprint). Não diz nada: a intensidade fica guardada e vale no primeiro pedido de um jogo com gamepad; a faixa laranja fica só para o gamepad virtual que não subiu (fato do sistema, não dívida nossa). Revoga o ramo da Navegação da RECADO-VPAD-01; não revoga a D-1409.",29/09/2026,A-NAVEGACAO-NAO-E-DEFEITO-NA-VIBRACAO-01,ela,,,
D-2909-O-INTERRUPTOR-LIGA-O-TIPO-ESCOLHIDO,O interruptor da navegação liga o tipo escolhido,O que o «Status do Modo» liga?,«Liga o tipo escolhido»: o «Status do Modo» vira «Status da navegação» e liga ou desliga o tipo da lista de baixo; os dois tipos são independentes e o foco decide o R1.,«Liga o tipo escolhido»: o «Status do Modo» vira «Status da navegação» e liga ou desliga o tipo da lista de baixo; os dois tipos são independentes e o foco decide o R1.,—,não espera: ela já decidiu,,,,,29/09/2026,decidida,"DECIDIDA POR ELA (29/09/2026), registrada em 06/10/2026 a partir da sprint de origem (a linha só morava na sprint). «Liga o tipo escolhido»: o «Status do Modo» vira «Status da navegação» e liga ou desliga o tipo da lista de baixo; os dois tipos são independentes e o foco decide o R1.",29/09/2026,A-NAVEGACAO-INTERNA-E-UM-MODO-QUE-SE-LIGA-EM-QUALQUER-ABA-01,ela,,,
D-2909-A-NAVEGACAO-INTERNA-E-DA-JANELA,"A navegação interna é da janela, não do perfil",A navegação interna mora no perfil ou na janela?,"É global e não é do perfil: serve para setar algo ou testar em qualquer aba; nasce desligada na primeira vez, é um modo que se liga, e depois guarda a última escolha como o mouse.","É global e não é do perfil: serve para setar algo ou testar em qualquer aba; nasce desligada na primeira vez, é um modo que se liga, e depois guarda a última escolha como o mouse.",—,não espera: ela já decidiu,,,,,29/09/2026,decidida,"DECIDIDA POR ELA (29/09/2026), registrada em 06/10/2026 a partir da sprint de origem (a linha só morava na sprint). É global e não é do perfil: serve para setar algo ou testar em qualquer aba; nasce desligada na primeira vez, é um modo que se liga, e depois guarda a última escolha como o mouse.",29/09/2026,A-NAVEGACAO-INTERNA-E-UM-MODO-QUE-SE-LIGA-EM-QUALQUER-ABA-01,ela,,,
D-2909-A-NAVEGACAO-INTERNA-SELECIONA,A navegação interna anda pelas abas e escolhe dentro delas,A navegação interna só anda pelas abas ou também seleciona dentro da aba?,"O princípio é dela: andar pelas abas e escolher dentro da aba, com o direcional ou o analógico esquerdo de cada controle; o touchpad pula a seleção ao ponto do dedo; X aciona, e numa lista ou num trilho X entra e O sai. A forma, por delegação.","O princípio é dela: andar pelas abas e escolher dentro da aba, com o direcional ou o analógico esquerdo de cada controle; o touchpad pula a seleção ao ponto do dedo; X aciona, e numa lista ou num trilho X entra e O sai. A forma, por delegação.",a validar por ela,não espera: delegação; a validação é dela,,,,,29/09/2026,decidida,"DECIDIDA POR DELEGAÇÃO (29/09/2026), A VALIDAR POR ELA; registrada em 06/10/2026 a partir da sprint de origem. O princípio é dela: andar pelas abas e escolher dentro da aba, com o direcional ou o analógico esquerdo de cada controle; o touchpad pula a seleção ao ponto do dedo; X aciona, e numa lista ou num trilho X entra e O sai. A forma, por delegação.",29/09/2026,A-NAVEGACAO-INTERNA-E-UM-MODO-QUE-SE-LIGA-EM-QUALQUER-ABA-01,delegacao,,,
D-2909-O-CURSOR-DE-QUEM-NAVEGA-O-PC-E-O-DO-PC,"Com o mouse ligado, o controle que navega o PC não ganha seleção da Interna",O controle que navega o PC ganha também a seleção da Interna?,"«Não ganha»: o cursor dele é o do PC e o X dele não é roubado do mouse, senão teria dois cursores para o mesmo polegar e nenhum jeito de sair da janela.","«Não ganha»: o cursor dele é o do PC e o X dele não é roubado do mouse, senão teria dois cursores para o mesmo polegar e nenhum jeito de sair da janela.",—,não espera: ela já decidiu,,,,,29/09/2026,decidida,"DECIDIDA POR ELA (29/09/2026), registrada em 06/10/2026 a partir da sprint de origem (a linha só morava na sprint). «Não ganha»: o cursor dele é o do PC e o X dele não é roubado do mouse, senão teria dois cursores para o mesmo polegar e nenhum jeito de sair da janela.",29/09/2026,A-NAVEGACAO-INTERNA-E-UM-MODO-QUE-SE-LIGA-EM-QUALQUER-ABA-01,ela,,,
D-2909-O-QUE-NAVEGA-NAO-VAI-AO-JOGO,O que navega a tela não vai ao jogo,Quais botões a navegação rouba do jogo?,"«Todos os de navegar»: roubam-se os quatro botões, o L1, o R1 e o direcional, de todos os controles; os analógicos e os gatilhos nunca. Motivo dela: se o botão está fazendo uma coisa na tela, não devia fazer outra no jogo.","«Todos os de navegar»: roubam-se os quatro botões, o L1, o R1 e o direcional, de todos os controles; os analógicos e os gatilhos nunca. Motivo dela: se o botão está fazendo uma coisa na tela, não devia fazer outra no jogo.",—,não espera: ela já decidiu,,,,,29/09/2026,decidida,"DECIDIDA POR ELA (29/09/2026), registrada em 06/10/2026 a partir da sprint de origem (a linha só morava na sprint). «Todos os de navegar»: roubam-se os quatro botões, o L1, o R1 e o direcional, de todos os controles; os analógicos e os gatilhos nunca. Motivo dela: se o botão está fazendo uma coisa na tela, não devia fazer outra no jogo.",29/09/2026,A-NAVEGACAO-INTERNA-E-UM-MODO-QUE-SE-LIGA-EM-QUALQUER-ABA-01,ela,,,
D-2909-O-SELECIONAR-ACENDE-QUEM-ESTA-ESCOLHIDO,O chip aceso é quem está escolhido,O que o chip aceso significa na seleção de controles?,"O chip aceso (fonte branca, negrito) é quem está escolhido; o «Todos» escolhe os quatro e acende os quatro; nas abas que valem para todos os quatro nascem acesos com a borda do plástico; o cartão perde o anel interno da barra de luz.","O chip aceso (fonte branca, negrito) é quem está escolhido; o «Todos» escolhe os quatro e acende os quatro; nas abas que valem para todos os quatro nascem acesos com a borda do plástico; o cartão perde o anel interno da barra de luz.",—,não espera: ela já decidiu,,,,,29/09/2026,decidida,"DECIDIDA POR ELA (29/09/2026), registrada em 06/10/2026 a partir da sprint de origem (a linha só morava na sprint). O chip aceso (fonte branca, negrito) é quem está escolhido; o «Todos» escolhe os quatro e acende os quatro; nas abas que valem para todos os quatro nascem acesos com a borda do plástico; o cartão perde o anel interno da barra de luz.",29/09/2026,O-SELECIONAR-ACENDE-QUEM-ESTA-ESCOLHIDO-01,ela,,,
D-2909-O-SOM-E-A-HAPTICA-CHEGAM-JUNTOS,O som e a háptica chegam juntos pelo rádio,O som e a háptica se alternam pelo rádio ou chegam juntos?,O princípio é dela: chegam juntos; a forma (qual arranjo e o limiar da troca) sai do passo 0 da sprint.,O princípio é dela: chegam juntos; a forma (qual arranjo e o limiar da troca) sai do passo 0 da sprint.,—,não espera: ela já decidiu,,,,,29/09/2026,decidida,"DECIDIDA POR ELA (29/09/2026), registrada em 06/10/2026 a partir da sprint de origem (a linha só morava na sprint). O princípio é dela: chegam juntos; a forma (qual arranjo e o limiar da troca) sai do passo 0 da sprint.",29/09/2026,O-SOM-E-A-HAPTICA-CHEGAM-JUNTOS-PELO-RADIO-01,ela,,,
D-2909-O-TIPO-E-DO-APARELHO,O tipo do aparelho é do aparelho e não da entrada,"Onde se guarda o tipo (teclado, Wi-Fi…) escolhido numa entrada?","Ela escolhe na entrada, mas o fato é do aparelho: a chave é `vid:pid`, e dois aparelhos do mesmo modelo levam o mesmo tipo; um segundo dono ao lado do `mesa.radios` não nasce.","Ela escolhe na entrada, mas o fato é do aparelho: a chave é `vid:pid`, e dois aparelhos do mesmo modelo levam o mesmo tipo; um segundo dono ao lado do `mesa.radios` não nasce.",a validar por ela,não espera: delegação; a validação é dela,,,,,29/09/2026,decidida,"DECIDIDA POR DELEGAÇÃO (29/09/2026), A VALIDAR POR ELA; registrada em 06/10/2026 a partir da sprint de origem. Ela escolhe na entrada, mas o fato é do aparelho: a chave é `vid:pid`, e dois aparelhos do mesmo modelo levam o mesmo tipo; um segundo dono ao lado do `mesa.radios` não nasce.",29/09/2026,O-WIFI-E-TODO-DISPOSITIVO-TEM-TIPO-NA-ENTRADA-01,delegacao,,,
D-2909-O-CARTAO-DIZ-QUEM-JOGA,O cartão aberto diz quem joga,O que o título do cartão aberto diz?,"`<quem> • <plástico> • <via>`: `<quem>` é o nome de quem joga com aquele controle (o mesmo da aba Conexões) ou, sem nome, o «Pn». Exemplo dela: «Vitória • Galactic Purple • BT». Troca a D-2909-O-CARTAO-ABERTO-DIZ-PN.","`<quem> • <plástico> • <via>`: `<quem>` é o nome de quem joga com aquele controle (o mesmo da aba Conexões) ou, sem nome, o «Pn». Exemplo dela: «Vitória • Galactic Purple • BT». Troca a D-2909-O-CARTAO-ABERTO-DIZ-PN.",—,não espera: ela já decidiu,,,,,29/09/2026,decidida,"DECIDIDA POR ELA (29/09/2026), registrada em 06/10/2026 a partir da sprint de origem (a linha só morava na sprint). `<quem> • <plástico> • <via>`: `<quem>` é o nome de quem joga com aquele controle (o mesmo da aba Conexões) ou, sem nome, o «Pn». Exemplo dela: «Vitória • Galactic Purple • BT». Troca a D-2909-O-CARTAO-ABERTO-DIZ-PN.",29/09/2026,O-CARTAO-ABERTO-DIZ-O-NUMERO-DO-JOGADOR-01,ela,,,
D-2909-O-CIRCULO-MOSTRA-O-QUE-O-JOGO-VE,O círculo do analógico mostra o que o jogo vê,O que o anel do analógico mostra?,"O anel mostra o que o jogo recebe, o ponto da mão mostra a mão; no Nativo e na Navegação o anel não acende e a tela não narra.","O anel mostra o que o jogo recebe, o ponto da mão mostra a mão; no Nativo e na Navegação o anel não acende e a tela não narra.",a validar por ela,não espera: delegação; a validação é dela,,,,,29/09/2026,decidida,"DECIDIDA POR DELEGAÇÃO (29/09/2026), A VALIDAR POR ELA; registrada em 06/10/2026 a partir da sprint de origem. O anel mostra o que o jogo recebe, o ponto da mão mostra a mão; no Nativo e na Navegação o anel não acende e a tela não narra.",29/09/2026,O-CIRCULO-DO-ANALOGICO-MOSTRA-O-QUE-O-JOGO-VE-01,delegacao,,,
D-2909-O-CONTROLE-PARADO-NAO-INCLINA,O controle que ninguém segura não inclina nada,O que a Inclinação faz com o controle parado?,"«Sai e volta»: parado por 3 s (o giro variando menos de 1,5 graus/s e a gravidade andando menos de 2 graus), a Inclinação sai do analógico e o neutro da mão fica guardado; quando a gravidade anda 3 graus, a inclinação volta na hora. Completa a D-2809-O-NEUTRO-DA-INCLINACAO.","«Sai e volta»: parado por 3 s (o giro variando menos de 1,5 graus/s e a gravidade andando menos de 2 graus), a Inclinação sai do analógico e o neutro da mão fica guardado; quando a gravidade anda 3 graus, a inclinação volta na hora. Completa a D-2809-O-NEUTRO-DA-INCLINACAO.",—,não espera: ela já decidiu,,,,,29/09/2026,decidida,"DECIDIDA POR ELA (29/09/2026), registrada em 06/10/2026 a partir da sprint de origem (a linha só morava na sprint). «Sai e volta»: parado por 3 s (o giro variando menos de 1,5 graus/s e a gravidade andando menos de 2 graus), a Inclinação sai do analógico e o neutro da mão fica guardado; quando a gravidade anda 3 graus, a inclinação volta na hora. Completa a D-2809-O-NEUTRO-DA-INCLINACAO.",29/09/2026,O-NEUTRO-DA-INCLINACAO-RECENTRA-COM-O-CONTROLE-PARADO-01,ela,,,
D-0610-SERIE-DA-VERSAO,"A versão segue a série 0.9 do pacote (a próxima é 0.9.5), e não a v4.0.0 das tags velhas",De onde a numeração continua?,série 0.9 · seguir de v4.0.0,série 0.9,"seguir de v4.0.0 contradiz o pyproject, a escada de 24/08 e o epoch=1 dos pacotes",não espera: delegação; a validação é dela,.github/repositorio.yml (release.serie); scripts/release/versao.py,,,,06/10/2026,decidida,"DECIDIDA POR DELEGAÇÃO (06/10/2026), VALIDADA POR ELA (06/10/2026, nas escolhas do chat). Trocar é mudar a linha release.serie para ""4"" (a próxima vira 4.1.0); o número nunca é escolhido à mão. Fonte: D-ESCADA-DE-RELEASES (24/08) e o epoch=1 dos pacotes.",06/10/2026,A-RELEASE-SAI-SOZINHA-01 / O-CICLO-DA-SPRINT-ANDA-SOZINHO-02 (release-e-ciclo),delegacao,,,processo
D-0610-RELEASE-COMO-RASCUNHO,"A release nasce rascunho, recebe os arquivos e só então publica; versão publicada nunca se reescreve",Como a release publica com as releases imutáveis ligadas?,"rascunho, arquivos, publicação · apagar e recriar",rascunho,apagar e recriar é recusado pela imutável,não espera: delegação; a validação é dela,.github/workflows/release.yml; scripts/release/publicar.py,,,,06/10/2026,decidida,"DECIDIDA POR DELEGAÇÃO (06/10/2026), VALIDADA POR ELA (06/10/2026, nas escolhas do chat). Correção de uma versão publicada é a versão seguinte; o ambiente release (com a aprovação de quem mantém) guarda a publicação. As imutáveis deixam de «esperar» (nota em D-0610-GITHUB-O-QUE-FICA-DE-FORA).",06/10/2026,A-RELEASE-SAI-SOZINHA-01 / O-CICLO-DA-SPRINT-ANDA-SOZINHO-02 (release-e-ciclo),delegacao,,,processo
D-0610-PUBLICO-NO-CORPO,"O bloco publico da sprint mora numa cerca no corpo, e a issue nunca leva o ID da sprint",Onde mora o texto que vai à issue?,cerca publico no corpo · campo no frontmatter,cerca no corpo,o portão da colisão recusa campo desconhecido no frontmatter,não espera: delegação; a validação é dela,docs/process/ferramentas-da-leva/sprint.py,,,,06/10/2026,decidida,"DECIDIDA POR DELEGAÇÃO (06/10/2026), VALIDADA POR ELA (06/10/2026, nas escolhas do chat). O número da issue fica na linha «# issue: #N» do frontmatter.",06/10/2026,A-RELEASE-SAI-SOZINHA-01 / O-CICLO-DA-SPRINT-ANDA-SOZINHO-02 (release-e-ciclo),delegacao,,,processo
D-0610-DONO-DA-TRIAGEM,"O rotulos.yml é dono do que acontece quando a issue abre ou é editada; o triagem.yml, só do rótulo aceito",Quem é dono de cada evento da issue?,um dono por evento · os dois ouvindo tudo,um dono por evento,dois ouvindo o mesmo evento comentam duas vezes,não espera: delegação; a validação é dela,.github/workflows/rotulos.yml; .github/workflows/triagem.yml,,,,06/10/2026,decidida,"DECIDIDA POR DELEGAÇÃO (06/10/2026), VALIDADA POR ELA (06/10/2026, nas escolhas do chat). O rótulo aceito entra na lista única do repositorio.yml.",06/10/2026,A-RELEASE-SAI-SOZINHA-01 / O-CICLO-DA-SPRINT-ANDA-SOZINHO-02 (release-e-ciclo),delegacao,,,processo
D-0610-HASH-DO-PACOTE,"O hash do PKGBUILD é o do tarball da tag, o mesmo endereço do source= dele",Que hash vai no PKGBUILD?,o do tarball da tag · o do sdist,o do tarball da tag,o sdist não é o que o source= baixa,não espera: delegação; a validação é dela,scripts/release/pacotes.py,,,,06/10/2026,decidida,"DECIDIDA POR DELEGAÇÃO (06/10/2026), VALIDADA POR ELA (06/10/2026, nas escolhas do chat). O .spec e o Nix não levam hash (o Nix compila da árvore).",06/10/2026,A-RELEASE-SAI-SOZINHA-01 / O-CICLO-DA-SPRINT-ANDA-SOZINHO-02 (release-e-ciclo),delegacao,,,processo
D-0610-AVISO-DO-PYPI,"O publicador de confiança do PyPI é um aviso no --conferir, não uma diferença",Como o aplicar.py trata o gesto do PyPI?,aviso · diferença que reprova,aviso,a API do PyPI não lê o publicador: a diferença ficaria vermelha para sempre,não espera: delegação; a validação é dela,scripts/github/aplicar.py,,,,06/10/2026,decidida,"DECIDIDA POR DELEGAÇÃO (06/10/2026), VALIDADA POR ELA (06/10/2026, nas escolhas do chat). O gesto é de quem mantém, uma vez; o rastro é a variável PYPI_PUBLISH.",06/10/2026,A-RELEASE-SAI-SOZINHA-01 / O-CICLO-DA-SPRINT-ANDA-SOZINHO-02 (release-e-ciclo),delegacao,,,processo
D-0610-ATESTADO-DEPOIS-DO-GUARDA,O atestado de procedência só sai depois do guarda do CI,Quando o atestado sai?,depois do guarda-ci · junto do build,depois do guarda,o registro público de transparência não se apaga,não espera: delegação; a validação é dela,.github/workflows/release.yml,,,,06/10/2026,decidida,"DECIDIDA POR DELEGAÇÃO (06/10/2026), VALIDADA POR ELA (06/10/2026, nas escolhas do chat). Atestado de um build que o CI reprovaria ficaria público para sempre.",06/10/2026,A-RELEASE-SAI-SOZINHA-01 / O-CICLO-DA-SPRINT-ANDA-SOZINHO-02 (release-e-ciclo),delegacao,,,processo
D-0610-ENTREGUE-SO-COM-A-TAG,"A issue diz «Entregue na versão X» só com a tag existindo; antes, «sai na versão X»",O que o comentário de entrega diz antes da tag?,«sai na versão X» até a tag · «entregue» já no fecho,«sai na versão X»,dizer entregue antes da tag promete o que ainda não saiu,não espera: delegação; a validação é dela,docs/process/ferramentas-da-leva/sprint.py,,,,06/10/2026,decidida,"DECIDIDA POR DELEGAÇÃO (06/10/2026), VALIDADA POR ELA (06/10/2026, nas escolhas do chat). A issue que alguém de fora abriu com o mesmo título nunca é adotada pelo publicar.",06/10/2026,A-RELEASE-SAI-SOZINHA-01 / O-CICLO-DA-SPRINT-ANDA-SOZINHO-02 (release-e-ciclo),delegacao,,,processo
D-0610-O-TEXTO-TECNICO-E-NEUTRO,O texto técnico do repositório não narra a sessão nem aponta a pessoa: diz o porquê técnico,"Como o comentário, a docstring e a prosa falam de quem usa e de quem decidiu?","«do usuário», «decisão de produto de DD/MM», «a bancada» · manter o texto como estava",neutro,"o texto narrado faz quem chega ler a conversa de quem fez, não o porquê",não espera,tests/unit/test_o_codigo_nao_tem_narrador.py; scripts/tirar-o-dela-do-texto.py,,,,06/10/2026,decidida,"DECIDIDA POR ELA (06/10/2026, nas escolhas do chat). O narrador e o vocabulário de sessão saem; nomes de arquivo sem a palavra; a citação literal fica só marcada (`noqa-acento: citação literal`). O resto (as citações dentro de comentários) é sprint da 1.7.",06/10/2026,O-CODIGO-SEM-NARRADOR-01 (narrador),ela,,,processo
D-0610-A-PAGINA-DE-APOIO-NASCE-PRONTA,"A página de apoio (GitHub Sponsors, Ko-fi e PIX) nasce pronta, com as chaves em branco","Quem recebe as doações, e quando a página sai?","pronta agora, chaves depois · esperar quem recebe",pronta agora,esperar travava a página por uma decisão que é só de conta,não espera,.github/FUNDING.yml; a página de apoio,,,,06/10/2026,decidida,"DECIDIDA POR ELA (06/10/2026, nas escolhas do chat). Faltam só as chaves (as contas), que se constroem depois; nada se publica com chave inventada.",06/10/2026,O-REPOSITORIO-NASCE-VIVO-01 (fecho da 1.6),ela,,,processo
D-0610-O-APLICAR-E-SO-O-REAPLICAR,O «Aplicar» é só o profile.reaplicar; o DraftApplier e o profile.apply_draft saem,O rascunho aplicado em bloco liga ou sai?,sai · ligar como segundo caminho do Aplicar,sai,ligar criaria um segundo «Aplicar» ao lado da cadeia de ativação que já funciona,não espera,src/hefesto_dualsense4unix/daemon/ (ipc); o contrato IPC com 54 métodos,,,,06/10/2026,decidida,"DECIDIDA POR ELA (06/10/2026, nas escolhas do chat). O contrato IPC gerado barra a rota de volta.",06/10/2026,O-CODIGO-SEM-CHAMADOR-LIGA-OU-SAI-01 (narrador),ela,,tests/unit/test_o_aplicar_nao_solta_o_teto_do_controle.py::test_o_rodape_nao_escreve_no_rascunho_pela_porta_privada,
D-0610-CHAVE-NOVA-PRAZO-DO-PAIR,A chave nova que nunca atende sai aos 60 s contados do Pair,De quando se contam os 60 s do controle novo que não atende?,do Pair · do começo do movimento,do Pair,contar do começo tirava a chave de quem apertou PS+Create mais de 15 s depois de abrir o «Conectar»,não espera,src/hefesto_dualsense4unix/integrations/ (pareamento),,,,06/10/2026,decidida,"DECIDIDA POR ELA (06/10/2026, nas escolhas do chat). O Connect da volta nunca espera além do que resta do prazo.",06/10/2026,O-CONTROLE-NOVO-SE-CONECTA-E-SE-TIRA-PELA-CONEXOES-01 (conexoes-1-7),ela,,tests/unit/test_o_controle_novo_se_conecta_e_se_tira.py::test_a_chave_que_nunca_atende_sai_aos_sessenta_segundos_do_pair,
D-0610-TIRAR-LINHA-FECHA-O-VENCIDO,«Tirar esta linha» numa linha «Não conectou» fecha o movimento vencido na hora,O «Tirar esta linha» espera a vigia fechar o movimento vencido?,fecha na hora · espera a vigia,fecha na hora,esperar deixava a linha dizer «ocupado» sem movimento em curso,não espera,"aba 08, a gaveta do «⋮»",,,,06/10/2026,decidida,"DECIDIDA POR ELA (06/10/2026, nas escolhas do chat). O «ocupado» só sai com movimento de fato em curso.",06/10/2026,O-CONTROLE-NOVO-SE-CONECTA-E-SE-TIRA-PELA-CONEXOES-01 (conexoes-1-7),ela,,tests/unit/test_o_controle_novo_se_conecta_e_se_tira.py::test_o_tirar_esta_linha_tira_e_a_linha_nao_volta,
D-0610-O-CONECTAR-NAO-COBRE-OS-PONTOS,O painel do «Conectar» aberto para antes da coluna dos «⋮»,O painel do «Conectar» pode cobrir a coluna dos «⋮»?,para antes · cobre,para antes,"cobrindo, o «⋮» de outra linha fica inalcançável com o «Conectar» aberto",não espera,aba 08 (mockup e página publicada),,,,06/10/2026,decidida,"DECIDIDA POR ELA (06/10/2026, nas escolhas do chat). O painel do «Conectar» aberto para antes da coluna dos «⋮».",06/10/2026,OS-OUTROS-SEM-FIO-APARECEM-E-A-PROCURA-CABE-NA-SECAO-01 (conexoes-1-7),ela,,tests/unit/test_o_controle_novo_se_conecta_e_se_tira.py::test_mordida_com_o_painel_na_borda_o_menu_da_linha_fica_por_baixo,
D-0610-O-PIX-ENTRA-COMO-LINK,O PIX entra na chave custom do FUNDING.yml como link https; o código copia e cola só passa com o CRC conferido,Em que forma o PIX entra no FUNDING.yml?,"link https · código copia e cola · chave solta (e-mail, CPF, telefone)",link https,"a chave solta publicaria dado pessoal, e o botão Sponsor do GitHub só entende link",não espera,.github/FUNDING.yml; scripts/github/montar_pagina.py,,,,06/10/2026,decidida,"DECIDIDA POR DELEGAÇÃO (06/10/2026, no fecho da 1.6; palavra dela no dia: «Já aprovo o seu trabalho em default»), A VALIDAR POR ELA. O link vira link e QR lido pela câmera do celular; o código 000201… vira QR e texto e reprova se o CRC-16 do fim não fecha; a chave solta é recusada.",06/10/2026,O-REPOSITORIO-NASCE-VIVO-01 (fecho da 1.6),delegacao,,tests/unit/test_a_pagina_de_apoio_nasce_do_funding.py::test_valor_que_nao_e_conta_endereco_nem_codigo_reprova_e_nada_se_adivinha,
D-0610-O-APOIE-SO-COM-CHAVE-ATIVA,A seção «Apoie» e o «Apoiar» do menu só aparecem com uma chave ativa no FUNDING.yml,A página mostra a seção de apoio sem nenhuma chave?,"só com chave ativa · sempre, com aviso",só com chave ativa,mostrar a seção vazia é prometer um meio que não existe,não espera,.github/FUNDING.yml; scripts/github/montar_pagina.py,,,,06/10/2026,decidida,"DECIDIDA POR DELEGAÇÃO (06/10/2026, no fecho da 1.6; palavra dela no dia: «Já aprovo o seu trabalho em default»), A VALIDAR POR ELA. A ordem é Sponsors, Ko-fi, Patreon e PIX; o Patreon, que é a chave ativa hoje, continua.",06/10/2026,O-REPOSITORIO-NASCE-VIVO-01 (fecho da 1.6),delegacao,,tests/unit/test_a_pagina_de_apoio_nasce_do_funding.py::test_sem_nenhuma_chave_nao_ha_secao_nem_link_no_menu,
